SourceData,TagID,SiteID,NowDis,State,CreateTimeStr,Sn,Azimuth,Elevation,
FF FF FF FF 00 25 01 DF 20 01 01 02 00 00 13 67 00 00 13 67 00 00 00 4E FF EE FF ED 12 34 01 DA BC 00 00 00 D5,4967,4967,78,4660,2026-07-30 22:52:38.047,474,-18,-19,
FF FF FF FF 00 25 01 E0 20 01 01 02 00 00 13 67 00 00 13 67 00 00 00 4E FF ED FF EE 12 34 01 DB C1 00 00 00 96,4967,4967,78,4660,2026-07-30 22:52:38.147,475,-19,-18,
FF FF FF FF 00 25 01 E1 20 01 01 02 00 00 13 67 00 00 13 67 00 00 00 4B FF EC FF EF 12 34 01 DC C0 00 00 00 94,4967,4967,75,4660,2026-07-30 22:52:38.246,476,-20,-17,
FF FF FF FF 00 25 01 E2 20 01 01 02 00 00 13 67 00 00 13 67 00 00 00 4B FF EC FF F0 12 34 01 DD BF 00 00 00 F6,4967,4967,75,4660,2026-07-30 22:52:38.346,477,-20,-16,
FF FF FF FF 00 25 01 E3 20 01 01 02 00 00 13 67 00 00 13 67 00 00 00 49 FF EB FF F1 12 34 01 DE BF 00 00 00 F0,4967,4967,73,4660,2026-07-30 22:52:38.454,478,-21,-15,
FF FF FF FF 00 25 01 E4 20 01 01 02 00 00 13 67 00 00 13 67 00 00 00 4A FF EB FF F2 12 34 01 DF BF 00 00 00 F6,4967,4967,74,4660,2026-07-30 22:52:38.552,479,-21,-14,
FF FF FF FF 00 25 01 E5 20 01 01 02 00 00 13 67 00 00 13 67 00 00 00 4A FF EB FF F3 12 34 01 E0 C0 00 00 00 B6,4967,4967,74,4660,2026-07-30 22:52:38.650,480,-21,-13,
FF FF FF FF 00 25 01 E6 20 01 01 02 00 00 13 67 00 00 13 67 00 00 00 49 FF EB FF F3 12 34 01 E1 C0 00 00 00 B7,4967,4967,73,4660,2026-07-30 22:52:38.749,481,-21,-13,
FF FF FF FF 00 25 01 E7 20 01 01 02 00 00 13 67 00 00 13 67 00 00 00 49 FF EB FF F3 12 34 01 E2 C0 00 00 00 B5,4967,4967,73,4660,2026-07-30 22:52:38.848,482,-21,-13,
FF FF FF FF 00 25 01 DE 20 01 01 02 00 00 13 67 00 00 13 67 00 00 00 4E FF EE FF EC 12 34 01 D9 C0 00 00 00 AA,4967,4967,73,4660,2026-07-30 22:52:38.848,482,-21,-13,
FF FF FF FF 00 25 01 E8 20 01 01 02 00 00 13 67 00 00 13 67 00 00 00 4A FF EA FF F3 12 34 01 E3 C0 00 00 00 B9,4967,4967,74,4660,2026-07-30 22:52:38.948,483,-22,-13,
FF FF FF FF 00 25 01 E9 20 01 01 02 00 00 13 67 00 00 13 67 00 00 00 4A FF EB FF F3 12 34 01 E4 BC 00 00 00 C2,4967,4967,74,4660,2026-07-30 22:52:39.048,484,-21,-13,
FF FF FF FF 00 25 01 EA 20 01 01 02 00 00 13 67 00 00 13 67 00 00 00 4A FF EA FF F3 12 34 01 E5 C1 00 00 00 BC,4967,4967,74,4660,2026-07-30 22:52:39.158,485,-22,-13,
FF FF FF FF 00 25 01 EB 20 01 01 02 00 00 13 67 00 00 13 67 00 00 00 4A FF EB FF F3 12 34 01 E6 BF 00 00 00 C1,4967,4967,74,4660,2026-07-30 22:52:39.245,486,-21,-13,
FF FF FF FF 00 25 01 EC 20 01 01 02 00 00 13 67 00 00 13 67 00 00 00 4A FF EB FF F2 12 34 01 E7 C0 00 00 00 B9,4967,4967,74,4660,2026-07-30 22:52:39.356,487,-21,-14,
FF FF FF FF 00 25 01 ED 20 01 01 02 00 00 13 67 00 00 13 67 00 00 00 4A FF EA FF F3 12 34 01 E8 BF 00 00 00 C8,4967,4967,74,4660,2026-07-30 22:52:39.454,488,-22,-13,
FF FF FF FF 00 25 01 EE 20 01 01 02 00 00 13 67 00 00 13 67 00 00 00 4B FF EA FF F2 12 34 01 E9 C0 00 00 00 B5,4967,4967,75,4660,2026-07-30 22:52:39.553,489,-22,-14,
FF FF FF FF 00 25 01 EF 20 01 01 02 00 00 13 67 00 00 13 67 00 00 00 4B FF E8 FF F2 12 34 01 EA BF 00 00 00 CA,4967,4967,75,4660,2026-07-30 22:52:39.651,490,-24,-14,
FF FF FF FF 00 25 01 F0 20 01 01 02 00 00 13 67 00 00 13 67 00 00 00 4C FF E8 FF F2 12 34 01 EB BE 00 00 00 D2,4967,4967,76,4660,2026-07-30 22:52:39.752,491,-24,-14,
FF FF FF FF 00 25 01 F1 20 01 01 02 00 00 13 67 00 00 13 67 00 00 00 4C FF E7 FF F2 12 34 01 EC BF 00 00 00 DA,4967,4967,76,4660,2026-07-30 22:52:39.850,492,-25,-14,
FF FF FF FF 00 25 01 F2 20 01 01 02 00 00 13 67 00 00 13 67 00 00 00 4E FF E6 FF F2 12 34 01 ED C0 00 00 00 A4,4967,4967,78,4660,2026-07-30 22:52:39.959,493,-26,-14,
FF FF FF FF 00 25 01 F3 20 01 01 02 00 00 13 67 00 00 13 67 00 00 00 4E FF E6 FF F2 12 34 01 EE C0 00 00 00 A6,4967,4967,78,4660,2026-07-30 22:52:40.046,494,-26,-14,
FF FF FF FF 00 25 01 F4 20 01 01 02 00 00 13 67 00 00 13 67 00 00 00 4D FF E6 FF F1 12 34 01 EF BF 00 00 00 DF,4967,4967,77,4660,2026-07-30 22:52:40.145,495,-26,-15,
FF FF FF FF 00 25 01 F5 20 01 01 02 00 00 13 67 00 00 13 67 00 00 00 4D FF E6 FF F1 12 34 01 F0 BF 00 00 00 C1,4967,4967,77,4660,2026-07-30 22:52:40.255,496,-26,-15,
FF FF FF FF 00 25 01 F6 20 01 01 02 00 00 13 67 00 00 13 67 00 00 00 4D FF E5 FF F1 12 34 01 F1 BE 00 00 00 C1,4967,4967,77,4660,2026-07-30 22:52:40.354,497,-27,-15,
FF FF FF FF 00 25 01 F7 20 01 01 02 00 00 13 67 00 00 13 67 00 00 00 4D FF E5 FF F1 12 34 01 F2 BF 00 00 00 C2,4967,4967,77,4660,2026-07-30 22:52:40.450,498,-27,-15,
FF FF FF FF 00 25 01 F8 20 01 01 02 00 00 13 67 00 00 13 67 00 00 00 4E FF E4 FF F1 12 34 01 F3 BF 00 00 00 CE,4967,4967,78,4660,2026-07-30 22:52:40.552,499,-28,-15,
FF FF FF FF 00 25 01 F9 20 01 01 02 00 00 13 67 00 00 13 67 00 00 00 4E FF E5 FF F1 12 34 01 F4 BF 00 00 00 C9,4967,4967,78,4660,2026-07-30 22:52:40.650,500,-27,-15,
FF FF FF FF 00 25 01 FA 20 01 01 02 00 00 13 67 00 00 13 67 00 00 00 4E FF E5 FF F1 12 34 01 F5 BE 00 00 00 CA,4967,4967,78,4660,2026-07-30 22:52:40.750,501,-27,-15,
FF FF FF FF 00 25 01 FB 20 01 01 02 00 00 13 67 00 00 13 67 00 00 00 4E FF E5 FF F1 12 34 01 F6 BF 00 00 00 C9,4967,4967,78,4660,2026-07-30 22:52:40.848,502,-27,-15,
FF FF FF FF 00 25 01 FC 20 01 01 02 00 00 13 67 00 00 13 67 00 00 00 4D FF E5 FF F1 12 34 01 F7 BF 00 00 00 CC,4967,4967,77,4660,2026-07-30 22:52:40.948,503,-27,-15,
FF FF FF FF 00 25 01 FD 20 01 01 02 00 00 13 67 00 00 13 67 00 00 00 4C FF E4 FF F1 12 34 01 F8 BE 00 00 00 C3,4967,4967,76,4660,2026-07-30 22:52:41.060,504,-28,-15,
FF FF FF FF 00 25 01 FE 20 01 01 02 00 00 13 67 00 00 13 67 00 00 00 4C FF E3 FF F1 12 34 01 F9 BE 00 00 00 C6,4967,4967,76,4660,2026-07-30 22:52:41.147,505,-29,-15,
FF FF FF FF 00 25 01 FF 20 01 01 02 00 00 13 67 00 00 13 67 00 00 00 4B FF E3 FF F1 12 34 01 FA BD 00 00 00 C0,4967,4967,75,4660,2026-07-30 22:52:41.245,506,-29,-15,
FF FF FF FF 00 25 02 00 20 01 01 02 00 00 13 67 00 00 13 67 00 00 00 4B FF E3 FF F2 12 34 01 FB BB 00 00 00 38,4967,4967,75,4660,2026-07-30 22:52:41.345,507,-29,-14,
FF FF FF FF 00 25 02 01 20 01 01 02 00 00 13 67 00 00 13 67 00 00 00 4B FF E3 FF F2 12 34 01 FC BE 00 00 00 3B,4967,4967,75,4660,2026-07-30 22:52:41.452,508,-29,-14,
FF FF FF FF 00 25 02 02 20 01 01 02 00 00 13 67 00 00 13 67 00 00 00 4B FF E3 FF F2 12 34 01 FD BF 00 00 00 38,4967,4967,75,4660,2026-07-30 22:52:41.556,509,-29,-14,
FF FF FF FF 00 25 02 03 20 01 01 02 00 00 13 67 00 00 13 67 00 00 00 4A FF E3 FF F3 12 34 01 FE BF 00 00 00 3A,4967,4967,74,4660,2026-07-30 22:52:41.656,510,-29,-13,
FF FF FF FF 00 25 02 04 20 01 01 02 00 00 13 67 00 00 13 67 00 00 00 4A FF E2 FF F3 12 34 01 FF BF 00 00 00 3D,4967,4967,74,4660,2026-07-30 22:52:41.755,511,-30,-13,
FF FF FF FF 00 25 02 05 20 01 01 02 00 00 13 67 00 00 13 67 00 00 00 4A FF E3 FF F2 12 34 02 00 BF 00 00 00 C0,4967,4967,74,4660,2026-07-30 22:52:41.853,512,-29,-14,
FF FF FF FF 00 25 02 06 20 01 01 02 00 00 13 67 00 00 13 67 00 00 00 4A FF E3 FF F2 12 34 02 01 BF 00 00 00 C2,4967,4967,74,4660,2026-07-30 22:52:41.952,513,-29,-14,
FF FF FF FF 00 25 02 07 20 01 01 02 00 00 13 67 00 00 13 67 00 00 00 4A FF E3 FF F2 12 34 02 02 BF 00 00 00 C0,4967,4967,74,4660,2026-07-30 22:52:42.051,514,-29,-14,
FF FF FF FF 00 25 02 08 20 01 01 02 00 00 13 67 00 00 13 67 00 00 00 4B FF E3 FF F2 12 34 02 03 BF 00 00 00 CF,4967,4967,75,4660,2026-07-30 22:52:42.150,515,-29,-14,
FF FF FF FF 00 25 02 09 20 01 01 02 00 00 13 67 00 00 13 67 00 00 00 4C FF E4 FF F2 12 34 02 04 BF 00 00 00 C9,4967,4967,76,4660,2026-07-30 22:52:42.249,516,-28,-14,
FF FF FF FF 00 25 02 0A 20 01 01 02 00 00 13 67 00 00 13 67 00 00 00 4C FF E5 FF F2 12 34 02 05 BF 00 00 00 CA,4967,4967,76,4660,2026-07-30 22:52:42.360,517,-27,-14,
FF FF FF FF 00 25 02 0B 20 01 01 02 00 00 13 67 00 00 13 67 00 00 00 4C FF E6 FF F3 12 34 02 06 BC 00 00 00 C9,4967,4967,76,4660,2026-07-30 22:52:42.449,518,-26,-13,
FF FF FF FF 00 25 02 0C 20 01 01 02 00 00 13 67 00 00 13 67 00 00 00 4D FF E7 FF F3 12 34 02 07 BE 00 00 00 CD,4967,4967,77,4660,2026-07-30 22:52:42.554,519,-25,-13,
FF FF FF FF 00 25 02 0D 20 01 01 02 00 00 13 67 00 00 13 67 00 00 00 4D FF E6 FF F4 12 34 02 08 BF 00 00 00 C4,4967,4967,77,4660,2026-07-30 22:52:42.653,520,-26,-12,
FF FF FF FF 00 25 02 0E 20 01 01 02 00 00 13 67 00 00 13 67 00 00 00 4E FF E5 FF F6 12 34 02 09 BE 00 00 00 C5,4967,4967,78,4660,2026-07-30 22:52:42.752,521,-27,-10,
FF FF FF FF 00 25 02 0F 20 01 01 02 00 00 13 67 00 00 13 67 00 00 00 4E FF E5 FF F8 12 34 02 0A BF 00 00 00 C8,4967,4967,78,4660,2026-07-30 22:52:42.849,522,-27,-8,
FF FF FF FF 00 25 02 06 20 01 01 02 00 00 13 67 00 00 13 67 00 00 00 4A FF E3 FF F2 12 34 02 01 BF 00 00 00 C2,4967,4967,74,4660,2026-07-30 22:52:41.952,513,-29,-14,
FF FF FF FF 00 25 02 07 20 01 01 02 00 00 13 67 00 00 13 67 00 00 00 4A FF E3 FF F2 12 34 02 02 BF 00 00 00 C0,4967,4967,74,4660,2026-07-30 22:52:42.051,514,-29,-14,
FF FF FF FF 00 25 02 08 20 01 01 02 00 00 13 67 00 00 13 67 00 00 00 4B FF E3 FF F2 12 34 02 03 BF 00 00 00 CF,4967,4967,75,4660,2026-07-30 22:52:42.150,515,-29,-14,
FF FF FF FF 00 25 02 09 20 01 01 02 00 00 13 67 00 00 13 67 00 00 00 4C FF E4 FF F2 12 34 02 04 BF 00 00 00 C9,4967,4967,76,4660,2026-07-30 22:52:42.249,516,-28,-14,
FF FF FF FF 00 25 02 0A 20 01 01 02 00 00 13 67 00 00 13 67 00 00 00 4C FF E5 FF F2 12 34 02 05 BF 00 00 00 CA,4967,4967,76,4660,2026-07-30 22:52:42.360,517,-27,-14,
FF FF FF FF 00 25 02 0B 20 01 01 02 00 00 13 67 00 00 13 67 00 00 00 4C FF E6 FF F3 12 34 02 06 BC 00 00 00 C9,4967,4967,76,4660,2026-07-30 22:52:42.449,518,-26,-13,
FF FF FF FF 00 25 02 0C 20 01 01 02 00 00 13 67 00 00 13 67 00 00 00 4D FF E7 FF F3 12 34 02 07 BE 00 00 00 CD,4967,4967,77,4660,2026-07-30 22:52:42.554,519,-25,-13,
FF FF FF FF 00 25 02 0D 20 01 01 02 00 00 13 67 00 00 13 67 00 00 00 4D FF E6 FF F4 12 34 02 08 BF 00 00 00 C4,4967,4967,77,4660,2026-07-30 22:52:42.653,520,-26,-12,
FF FF FF FF 00 25 02 0E 20 01 01 02 00 00 13 67 00 00 13 67 00 00 00 4E FF E5 FF F6 12 34 02 09 BE 00 00 00 C5,4967,4967,78,4660,2026-07-30 22:52:42.752,521,-27,-10,
FF FF FF FF 00 25 02 0F 20 01 01 02 00 00 13 67 00 00 13 67 00 00 00 4E FF E5 FF F8 12 34 02 0A BF 00 00 00 C8,4967,4967,78,4660,2026-07-30 22:52:42.849,522,-27,-8,
FF FF FF FF 00 25 02 10 20 01 01 02 00 00 13 67 00 00 13 67 00 00 00 4F FF E4 FF FA 12 34 02 0B BE 00 00 00 D5,4967,4967,79,4660,2026-07-30 22:52:42.961,523,-28,-6,
FF FF FF FF 00 25 02 11 20 01 01 02 00 00 13 67 00 00 13 67 00 00 00 4F FF E1 FF FC 12 34 02 0C BE 00 00 00 D0,4967,4967,79,4660,2026-07-30 22:52:43.049,524,-31,-4,
FF FF FF FF 00 25 02 12 20 01 01 02 00 00 13 67 00 00 13 67 00 00 00 4E FF DF FF FE 12 34 02 0D BD 00 00 00 EC,4967,4967,78,4660,2026-07-30 22:52:43.148,525,-33,-2,
FF FF FF FF 00 25 02 13 20 01 01 02 00 00 13 67 00 00 13 67 00 00 00 4E FF E0 FF FC 12 34 02 0E BE 00 00 00 D0,4967,4967,78,4660,2026-07-30 22:52:43.248,526,-32,-4,
FF FF FF FF 00 25 02 14 20 01 01 02 00 00 13 67 00 00 13 67 00 00 00 4E FF E1 FF FC 12 34 02 0F BF 00 00 00 D6,4967,4967,78,4660,2026-07-30 22:52:43.350,527,-31,-4,
FF FF FF FF 00 25 02 15 20 01 01 02 00 00 13 67 00 00 13 67 00 00 00 4D FF E2 FF FB 12 34 02 10 BF 00 00 00 CF,4967,4967,77,4660,2026-07-30 22:52:43.449,528,-30,-5,
FF FF FF FF 00 25 02 16 20 01 01 02 00 00 13 67 00 00 13 67 00 00 00 4E FF E3 FF FC 12 34 02 11 BA 00 00 00 CD,4967,4967,78,4660,2026-07-30 22:52:43.545,529,-29,-4,
FF FF FF FF 00 25 02 17 20 01 01 02 00 00 13 67 00 00 13 67 00 00 00 4D FF E3 FF FC 12 34 02 12 BE 00 00 00 C8,4967,4967,77,4660,2026-07-30 22:52:43.655,530,-29,-4,
FF FF FF FF 00 25 02 18 20 01 01 02 00 00 13 67 00 00 13 67 00 00 00 4D FF E4 FF FC 12 34 02 13 BF 00 00 00 C0,4967,4967,77,4660,2026-07-30 22:52:43.753,531,-28,-4,
FF FF FF FF 00 25 02 19 20 01 01 02 00 00 13 67 00 00 13 67 00 00 00 4D FF E5 FF FA 12 34 02 14 BF 00 00 00 C1,4967,4967,77,4660,2026-07-30 22:52:43.852,532,-27,-6,
FF FF FF FF 00 25 02 1A 20 01 01 02 00 00 13 67 00 00 13 67 00 00 00 4C FF E6 FF F8 12 34 02 15 BF 00 00 00 C3,4967,4967,76,4660,2026-07-30 22:52:44.424,533,-26,-8,
FF FF FF FF 00 25 02 1B 20 01 01 02 00 00 13 67 00 00 13 67 00 00 00 4C FF E6 FF F7 12 34 02 16 BF 00 00 00 CE,4967,4967,76,4660,2026-07-30 22:52:45.418,534,-26,-9,
FF FF FF FF 00 25 02 1D 20 01 01 02 00 00 13 67 00 00 13 67 00 00 00 4B FF E8 FF F5 12 34 02 18 BF 00 00 00 CD,4967,4967,75,4660,2026-07-30 22:52:47.165,536,-24,-11,
FF FF FF FF 00 25 02 11 20 01 01 02 00 00 13 67 00 00 13 67 00 00 00 4F FF E1 FF FC 12 34 02 0C BE 00 00 00 D0,4967,4967,79,4660,2026-07-30 22:52:43.049,524,-31,-4,
FF FF FF FF 00 25 02 12 20 01 01 02 00 00 13 67 00 00 13 67 00 00 00 4E FF DF FF FE 12 34 02 0D BD 00 00 00 EC,4967,4967,78,4660,2026-07-30 22:52:43.148,525,-33,-2,
FF FF FF FF 00 25 02 13 20 01 01 02 00 00 13 67 00 00 13 67 00 00 00 4E FF E0 FF FC 12 34 02 0E BE 00 00 00 D0,4967,4967,78,4660,2026-07-30 22:52:43.248,526,-32,-4,
FF FF FF FF 00 25 02 14 20 01 01 02 00 00 13 67 00 00 13 67 00 00 00 4E FF E1 FF FC 12 34 02 0F BF 00 00 00 D6,4967,4967,78,4660,2026-07-30 22:52:43.350,527,-31,-4,
FF FF FF FF 00 25 02 15 20 01 01 02 00 00 13 67 00 00 13 67 00 00 00 4D FF E2 FF FB 12 34 02 10 BF 00 00 00 CF,4967,4967,77,4660,2026-07-30 22:52:43.449,528,-30,-5,
FF FF FF FF 00 25 02 16 20 01 01 02 00 00 13 67 00 00 13 67 00 00 00 4E FF E3 FF FC 12 34 02 11 BA 00 00 00 CD,4967,4967,78,4660,2026-07-30 22:52:43.545,529,-29,-4,
FF FF FF FF 00 25 02 17 20 01 01 02 00 00 13 67 00 00 13 67 00 00 00 4D FF E3 FF FC 12 34 02 12 BE 00 00 00 C8,4967,4967,77,4660,2026-07-30 22:52:43.655,530,-29,-4,
FF FF FF FF 00 25 02 18 20 01 01 02 00 00 13 67 00 00 13 67 00 00 00 4D FF E4 FF FC 12 34 02 13 BF 00 00 00 C0,4967,4967,77,4660,2026-07-30 22:52:43.753,531,-28,-4,
FF FF FF FF 00 25 02 19 20 01 01 02 00 00 13 67 00 00 13 67 00 00 00 4D FF E5 FF FA 12 34 02 14 BF 00 00 00 C1,4967,4967,77,4660,2026-07-30 22:52:43.852,532,-27,-6,
FF FF FF FF 00 25 02 1A 20 01 01 02 00 00 13 67 00 00 13 67 00 00 00 4C FF E6 FF F8 12 34 02 15 BF 00 00 00 C3,4967,4967,76,4660,2026-07-30 22:52:44.424,533,-26,-8,
FF FF FF FF 00 25 02 1B 20 01 01 02 00 00 13 67 00 00 13 67 00 00 00 4C FF E6 FF F7 12 34 02 16 BF 00 00 00 CE,4967,4967,76,4660,2026-07-30 22:52:45.418,534,-26,-9,
FF FF FF FF 00 25 02 1D 20 01 01 02 00 00 13 67 00 00 13 67 00 00 00 4B FF E8 FF F5 12 34 02 18 BF 00 00 00 CD,4967,4967,75,4660,2026-07-30 22:52:47.165,536,-24,-11,
FF FF FF FF 00 25 02 1E 20 01 01 02 00 00 13 67 00 00 13 67 00 00 00 4B FF E8 FF F5 12 34 02 19 BF 00 00 00 CF,4967,4967,75,4660,2026-07-30 22:52:47.256,537,-24,-11,
FF FF FF FF 00 25 02 1F 20 01 01 02 00 00 13 67 00 00 13 67 00 00 00 4A FF E8 FF F5 12 34 02 1A BF 00 00 00 CC,4967,4967,74,4660,2026-07-30 22:52:47.355,538,-24,-11,
FF FF FF FF 00 25 02 20 20 01 01 02 00 00 13 67 00 00 13 67 00 00 00 4A FF E8 FF F5 12 34 02 1B BE 00 00 00 F3,4967,4967,74,4660,2026-07-30 22:52:47.454,539,-24,-11,
FF FF FF FF 00 25 02 21 20 01 01 02 00 00 13 67 00 00 13 67 00 00 00 4A FF E8 FF F4 12 34 02 1C BE 00 00 00 F4,4967,4967,74,4660,2026-07-30 22:52:47.562,540,-24,-12,
FF FF FF FF 00 25 02 22 20 01 01 02 00 00 13 67 00 00 13 67 00 00 00 49 FF E9 FF F3 12 34 02 1D BF 00 00 00 F2,4967,4967,73,4660,2026-07-30 22:52:47.650,541,-23,-13,
FF FF FF FF 00 25 02 23 20 01 01 02 00 00 13 67 00 00 13 67 00 00 00 49 FF EA FF F3 12 34 02 1E BE 00 00 00 F2,4967,4967,73,4660,2026-07-30 22:52:47.749,542,-22,-13,
FF FF FF FF 00 25 02 24 20 01 01 02 00 00 13 67 00 00 13 67 00 00 00 49 FF EB FF F2 12 34 02 1F BF 00 00 00 F5,4967,4967,73,4660,2026-07-30 22:52:47.848,543,-21,-14,
FF FF FF FF 00 25 02 25 20 01 01 02 00 00 13 67 00 00 13 67 00 00 00 4A FF EC FF F2 12 34 02 20 C0 00 00 00 B0,4967,4967,74,4660,2026-07-30 22:52:47.948,544,-20,-14,
FF FF FF FF 00 25 02 26 20 01 01 02 00 00 13 67 00 00 13 67 00 00 00 4C FF ED FF F2 12 34 02 21 C0 00 00 00 B5,4967,4967,76,4660,2026-07-30 22:52:48.053,545,-19,-14,
FF FF FF FF 00 25 02 27 20 01 01 02 00 00 13 67 00 00 13 67 00 00 00 4E FF EF FF F1 12 34 02 22 C1 00 00 00 B5,4967,4967,78,4660,2026-07-30 22:52:48.156,546,-17,-15,
FF FF FF FF 00 25 02 28 20 01 01 02 00 00 13 67 00 00 13 67 00 00 00 4E FF EE FF F1 12 34 02 23 C0 00 00 00 BB,4967,4967,78,4660,2026-07-30 22:52:48.254,547,-18,-15,
FF FF FF FF 00 25 02 29 20 01 01 02 00 00 13 67 00 00 13 67 00 00 00 4D FF EE FF F0 12 34 02 24 C1 00 00 00 BE,4967,4967,77,4660,2026-07-30 22:52:48.354,548,-18,-16,
FF FF FF FF 00 25 02 2A 20 01 01 02 00 00 13 67 00 00 13 67 00 00 00 4E FF EE FF F0 12 34 02 25 C0 00 00 00 BE,4967,4967,78,4660,2026-07-30 22:52:48.454,549,-18,-16,
FF FF FF FF 00 25 02 2B 20 01 01 02 00 00 13 67 00 00 13 67 00 00 00 4D FF EF FF EF 12 34 02 26 C0 00 00 00 A1,4967,4967,77,4660,2026-07-30 22:52:48.560,550,-17,-17,
FF FF FF FF 00 25 02 2C 20 01 01 02 00 00 13 67 00 00 13 67 00 00 00 4E FF EE FF EF 12 34 02 27 BF 00 00 00 DA,4967,4967,78,4660,2026-07-30 22:52:48.650,551,-18,-17,
FF FF FF FF 00 25 02 2D 20 01 01 02 00 00 13 67 00 00 13 67 00 00 00 4E FF EE FF F0 12 34 02 28 C0 00 00 00 B4,4967,4967,78,4660,2026-07-30 22:52:48.749,552,-18,-16,
FF FF FF FF 00 25 02 2E 20 01 01 02 00 00 13 67 00 00 13 67 00 00 00 4C FF ED FF F0 12 34 02 29 C0 00 00 00 B7,4967,4967,76,4660,2026-07-30 22:52:48.847,553,-19,-16,
FF FF FF FF 00 25 02 2F 20 01 01 02 00 00 13 67 00 00 13 67 00 00 00 4C FF ED FF F0 12 34 02 2A BF 00 00 00 CA,4967,4967,76,4660,2026-07-30 22:52:48.946,554,-19,-16,
FF FF FF FF 00 25 02 30 20 01 01 02 00 00 13 67 00 00 13 67 00 00 00 4B FF EE FF F0 12 34 02 2B C0 00 00 00 AF,4967,4967,75,4660,2026-07-30 22:52:49.051,555,-18,-16,
FF FF FF FF 00 25 02 31 20 01 01 02 00 00 13 67 00 00 13 67 00 00 00 4A FF ED FF F0 12 34 02 2C BF 00 00 00 D4,4967,4967,74,4660,2026-07-30 22:52:49.147,556,-19,-16,
FF FF FF FF 00 25 02 32 20 01 01 02 00 00 13 67 00 00 13 67 00 00 00 4B FF ED FF F0 12 34 02 2D BF 00 00 00 D7,4967,4967,75,4660,2026-07-30 22:52:49.246,557,-19,-16,
FF FF FF FF 00 25 02 33 20 01 01 02 00 00 13 67 00 00 13 67 00 00 00 4B FF ED FF F0 12 34 02 2E BF 00 00 00 D5,4967,4967,75,4660,2026-07-30 22:52:49.345,558,-19,-16,
FF FF FF FF 00 25 02 34 20 01 01 02 00 00 13 67 00 00 13 67 00 00 00 4B FF EC FF F0 12 34 02 2F BF 00 00 00 D2,4967,4967,75,4660,2026-07-30 22:52:49.455,559,-20,-16,
FF FF FF FF 00 25 02 35 20 01 01 02 00 00 13 67 00 00 13 67 00 00 00 4C FF EC FF F0 12 34 02 30 BF 00 00 00 CB,4967,4967,76,4660,2026-07-30 22:52:49.556,560,-20,-16,
FF FF FF FF 00 25 02 36 20 01 01 02 00 00 13 67 00 00 13 67 00 00 00 4C FF EC FF F0 12 34 02 31 BF 00 00 00 C9,4967,4967,76,4660,2026-07-30 22:52:49.655,561,-20,-16,
FF FF FF FF 00 25 02 37 20 01 01 02 00 00 13 67 00 00 13 67 00 00 00 4D FF EC FF F0 12 34 02 32 BF 00 00 00 CA,4967,4967,77,4660,2026-07-30 22:52:49.753,562,-20,-16,
FF FF FF FF 00 25 02 38 20 01 01 02 00 00 13 67 00 00 13 67 00 00 00 4C FF EC FF F0 12 34 02 33 C0 00 00 00 BA,4967,4967,76,4660,2026-07-30 22:52:49.852,563,-20,-16,
FF FF FF FF 00 25 02 39 20 01 01 02 00 00 13 67 00 00 13 67 00 00 00 4C FF EB FF F1 12 34 02 34 C0 00 00 00 BA,4967,4967,76,4660,2026-07-30 22:52:49.952,564,-21,-15,
FF FF FF FF 00 25 02 3A 20 01 01 02 00 00 13 67 00 00 13 67 00 00 00 4B FF EB FF F1 12 34 02 35 BF 00 00 00 C0,4967,4967,75,4660,2026-07-30 22:52:50.051,565,-21,-15,
FF FF FF FF 00 25 02 3B 20 01 01 02 00 00 13 67 00 00 13 67 00 00 00 4B FF EB FF F1 12 34 02 36 BF 00 00 00 C2,4967,4967,75,4660,2026-07-30 22:52:50.145,566,-21,-15,
FF FF FF FF 00 25 02 3C 20 01 01 02 00 00 13 67 00 00 13 67 00 00 00 4B FF EB FF F1 12 34 02 37 BF 00 00 00 C4,4967,4967,75,4660,2026-07-30 22:52:50.245,567,-21,-15,
FF FF FF FF 00 25 02 3D 20 01 01 02 00 00 13 67 00 00 13 67 00 00 00 4C FF EB FF F2 12 34 02 38 C0 00 00 00 B1,4967,4967,76,4660,2026-07-30 22:52:50.356,568,-21,-14,
FF FF FF FF 00 25 02 3E 20 01 01 02 00 00 13 67 00 00 13 67 00 00 00 4C FF EB FF F1 12 34 02 39 BF 00 00 00 CF,4967,4967,76,4660,2026-07-30 22:52:50.456,569,-21,-15,
FF FF FF FF 00 25 02 3F 20 01 01 02 00 00 13 67 00 00 13 67 00 00 00 4D FF EB FF F1 12 34 02 3A BF 00 00 00 CC,4967,4967,77,4660,2026-07-30 22:52:50.555,570,-21,-15,
FF FF FF FF 00 25 02 40 20 01 01 02 00 00 13 67 00 00 13 67 00 00 00 4D FF EC FF F2 12 34 02 3B BC 00 00 00 B5,4967,4967,77,4660,2026-07-30 22:52:50.651,571,-20,-14,
FF FF FF FF 00 25 02 41 20 01 01 02 00 00 13 67 00 00 13 67 00 00 00 4A FF EB FF F2 12 34 02 3C C0 00 00 00 CF,4967,4967,74,4660,2026-07-30 22:52:50.760,572,-21,-14,
FF FF FF FF 00 25 02 42 20 01 01 02 00 00 13 67 00 00 13 67 00 00 00 4E FF EC FF F1 12 34 02 3D C1 00 00 00 CC,4967,4967,78,4660,2026-07-30 22:52:50.846,573,-20,-15,
FF FF FF FF 00 25 02 43 20 01 01 02 00 00 13 67 00 00 13 67 00 00 00 4C FF EB FF F1 12 34 02 3E C1 00 00 00 CB,4967,4967,76,4660,2026-07-30 22:52:50.957,574,-21,-15,
FF FF FF FF 00 25 02 44 20 01 01 02 00 00 13 67 00 00 13 67 00 00 00 4A FF EB FF F2 12 34 02 3F C1 00 00 00 C8,4967,4967,74,4660,2026-07-30 22:52:51.056,575,-21,-14,
FF FF FF FF 00 25 02 45 20 01 01 02 00 00 13 67 00 00 13 67 00 00 00 4A FF EC FF F1 12 34 02 40 C2 00 00 00 B1,4967,4967,74,4660,2026-07-30 22:52:51.159,576,-20,-15,
FF FF FF FF 00 25 02 46 20 01 01 02 00 00 13 67 00 00 13 67 00 00 00 4D FF ED FF EF 12 34 02 41 BE 00 00 00 D7,4967,4967,77,4660,2026-07-30 22:52:51.258,577,-19,-17,
FF FF FF FF 00 25 02 47 20 01 01 02 00 00 13 67 00 00 13 67 00 00 00 4C FF ED FF EF 12 34 02 42 BE 00 00 00 D4,4967,4967,76,4660,2026-07-30 22:52:51.344,578,-19,-17,
FF FF FF FF 00 25 02 48 20 01 01 02 00 00 13 67 00 00 13 67 00 00 00 49 FF ED FF EF 12 34 02 43 BF 00 00 00 DE,4967,4967,73,4660,2026-07-30 22:52:51.455,579,-19,-17,
FF FF FF FF 00 25 02 49 20 01 01 02 00 00 13 67 00 00 13 67 00 00 00 4C FF ED FF EF 12 34 02 44 C2 00 00 00 A0,4967,4967,76,4660,2026-07-30 22:52:51.556,580,-19,-17,
FF FF FF FF 00 25 02 4A 20 01 01 02 00 00 13 67 00 00 13 67 00 00 00 4D FF ED FF EF 12 34 02 45 C1 00 00 00 A0,4967,4967,77,4660,2026-07-30 22:52:51.649,581,-19,-17,
FF FF FF FF 00 25 02 4B 20 01 01 02 00 00 13 67 00 00 13 67 00 00 00 4B FF EB FF F0 12 34 02 46 C0 00 00 00 BC,4967,4967,75,4660,2026-07-30 22:52:51.747,582,-21,-16,
FF FF FF FF 00 25 02 4C 20 01 01 02 00 00 13 67 00 00 13 67 00 00 00 4E FF ED FF ED 12 34 02 47 C1 00 00 00 A5,4967,4967,78,4660,2026-07-30 22:52:51.846,583,-19,-19,
FF FF FF FF 00 25 02 4D 20 01 01 02 00 00 13 67 00 00 13 67 00 00 00 47 FF EA FF EF 12 34 02 48 BE 00 00 00 D8,4967,4967,71,4660,2026-07-30 22:52:51.957,584,-22,-17,
FF FF FF FF 00 25 02 4E 20 01 01 02 00 00 13 67 00 00 13 67 00 00 00 48 FF EA FF F0 12 34 02 49 C0 00 00 00 B4,4967,4967,72,4660,2026-07-30 22:52:52.055,585,-22,-16,
FF FF FF FF 00 25 02 4F 20 01 01 02 00 00 13 67 00 00 13 67 00 00 00 48 FF EA FF F0 12 34 02 4A BF 00 00 00 C9,4967,4967,72,4660,2026-07-30 22:52:52.154,586,-22,-16,
FF FF FF FF 00 25 02 50 20 01 01 02 00 00 13 67 00 00 13 67 00 00 00 47 FF EA FF F1 12 34 02 4B C0 00 00 00 A6,4967,4967,71,4660,2026-07-30 22:52:52.253,587,-22,-15,
FF FF FF FF 00 25 02 51 20 01 01 02 00 00 13 67 00 00 13 67 00 00 00 4B FF EC FF EF 12 34 02 4C C1 00 00 00 B5,4967,4967,75,4660,2026-07-30 22:52:52.351,588,-20,-17,
FF FF FF FF 00 25 02 52 20 01 01 02 00 00 13 67 00 00 13 67 00 00 00 4D FF F0 FF ED 12 34 02 4D C3 00 00 00 AD,4967,4967,77,4660,2026-07-30 22:52:52.450,589,-16,-19,
FF FF FF FF 00 25 02 53 20 01 01 02 00 00 13 67 00 00 13 67 00 00 00 4B FF F3 FF EC 12 34 02 4E C3 00 00 00 AB,4967,4967,75,4660,2026-07-30 22:52:52.550,590,-13,-20,
FF FF FF FF 00 25 02 54 20 01 01 02 00 00 13 67 00 00 13 67 00 00 00 4D FF EF FF EF 12 34 02 4F BF 00 00 00 C8,4967,4967,77,4660,2026-07-30 22:52:52.649,591,-17,-17,
FF FF FF FF 00 25 02 55 20 01 01 02 00 00 13 67 00 00 13 67 00 00 00 47 FF EC FF EE 12 34 02 50 C3 00 00 00 A2,4967,4967,71,4660,2026-07-30 22:52:52.747,592,-20,-18,
FF FF FF FF 00 25 02 56 20 01 01 02 00 00 13 67 00 00 13 67 00 00 00 42 FF EC FF EC 12 34 02 51 C0 00 00 00 A4,4967,4967,66,4660,2026-07-30 22:52:52.847,593,-20,-20,
FF FF FF FF 00 25 02 57 20 01 01 02 00 00 13 67 00 00 13 67 00 00 00 43 FF EF FF EC 12 34 02 52 C4 00 00 00 A0,4967,4967,67,4660,2026-07-30 22:52:52.945,594,-17,-20,
FF FF FF FF 00 25 02 58 20 01 01 02 00 00 13 67 00 00 13 67 00 00 00 42 FF F2 FF EA 12 34 02 53 C6 00 00 00 B6,4967,4967,66,4660,2026-07-30 22:52:53.045,595,-14,-22,
FF FF FF FF 00 25 02 59 20 01 01 02 00 00 13 67 00 00 13 67 00 00 00 42 FF F5 FF E9 12 34 02 54 C5 00 00 00 B7,4967,4967,66,4660,2026-07-30 22:52:53.154,596,-11,-23,
FF FF FF FF 00 25 02 5A 20 01 01 02 00 00 13 67 00 00 13 67 00 00 00 42 FF F7 FF E7 12 34 02 55 C5 00 00 00 B9,4967,4967,66,4660,2026-07-30 22:52:53.252,597,-9,-25,
FF FF FF FF 00 25 02 5B 20 01 01 02 00 00 13 67 00 00 13 67 00 00 00 40 FF FC FF E4 12 34 02 56 C4 00 00 00 B0,4967,4967,64,4660,2026-07-30 22:52:53.350,598,-4,-28,
FF FF FF FF 00 25 02 5C 20 01 01 02 00 00 13 67 00 00 13 67 00 00 00 3F FF FD FF E1 12 34 02 57 C7 00 00 00 CE,4967,4967,63,4660,2026-07-30 22:52:53.449,599,-3,-31,
FF FF FF FF 00 25 02 5D 20 01 01 02 00 00 13 67 00 00 13 67 00 00 00 3E 00 01 FF DD 12 34 02 58 C4 00 00 00 FD,4967,4967,62,4660,2026-07-30 22:52:53.548,600,1,-35,
FF FF FF FF 00 25 02 5E 20 01 01 02 00 00 13 67 00 00 13 67 00 00 00 3F 00 01 FF DC 12 34 02 59 C7 00 00 00 FC,4967,4967,63,4660,2026-07-30 22:52:53.658,601,1,-36,
FF FF FF FF 00 25 02 5F 20 01 01 02 00 00 13 67 00 00 13 67 00 00 00 3D 00 04 FF DA 12 34 02 5A C4 00 00 00 FC,4967,4967,61,4660,2026-07-30 22:52:53.757,602,4,-38,
FF FF FF FF 00 25 02 60 20 01 01 02 00 00 13 67 00 00 13 67 00 00 00 3E 00 03 FF DB 12 34 02 5B C4 00 00 00 C7,4967,4967,62,4660,2026-07-30 22:52:53.856,603,3,-37,
FF FF FF FF 00 25 02 61 20 01 01 02 00 00 13 67 00 00 13 67 00 00 00 3B 00 06 FF D9 12 34 02 5C C4 00 00 00 C3,4967,4967,59,4660,2026-07-30 22:52:53.955,604,6,-39,
FF FF FF FF 00 25 02 62 20 01 01 02 00 00 13 67 00 00 13 67 00 00 00 3D 00 04 FF DA 12 34 02 5D C7 00 00 00 C5,4967,4967,61,4660,2026-07-30 22:52:54.055,605,4,-38,
FF FF FF FF 00 25 02 63 20 01 01 02 00 00 13 67 00 00 13 67 00 00 00 3D 00 03 FF DB 12 34 02 5E C6 00 00 00 C0,4967,4967,61,4660,2026-07-30 22:52:54.153,606,3,-37,
FF FF FF FF 00 25 02 64 20 01 01 02 00 00 13 67 00 00 13 67 00 00 00 3C 00 02 FF DB 12 34 02 5F C6 00 00 00 C6,4967,4967,60,4660,2026-07-30 22:52:54.254,607,2,-37,
FF FF FF FF 00 25 02 65 20 01 01 02 00 00 13 67 00 00 13 67 00 00 00 3D 00 01 FF DD 12 34 02 60 C5 00 00 00 FF,4967,4967,61,4660,2026-07-30 22:52:54.351,608,1,-35,
FF FF FF FF 00 25 02 66 20 01 01 02 00 00 13 67 00 00 13 67 00 00 00 3E FF FF FF E0 12 34 02 61 C4 00 00 00 C3,4967,4967,62,4660,2026-07-30 22:52:54.449,609,-1,-32,
FF FF FF FF 00 25 02 67 20 01 01 02 00 00 13 67 00 00 13 67 00 00 00 3E FF FD FF E3 12 34 02 62 C3 00 00 00 C7,4967,4967,62,4660,2026-07-30 22:52:54.548,610,-3,-29,
FF FF FF FF 00 25 02 68 20 01 01 02 00 00 13 67 00 00 13 67 00 00 00 41 FF FA FF E7 12 34 02 63 C6 00 00 00 B0,4967,4967,65,4660,2026-07-30 22:52:54.657,611,-6,-25,
FF FF FF FF 00 25 02 69 20 01 01 02 00 00 13 67 00 00 13 67 00 00 00 44 FF F7 FF EC 12 34 02 64 C3 00 00 00 B0,4967,4967,68,4660,2026-07-30 22:52:54.756,612,-9,-20,
FF FF FF FF 00 25 02 6A 20 01 01 02 00 00 13 67 00 00 13 67 00 00 00 45 FF F6 FF F3 12 34 02 65 C0 00 00 00 AE,4967,4967,69,4660,2026-07-30 22:52:54.855,613,-10,-13,
FF FF FF FF 00 25 02 6B 20 01 01 02 00 00 13 67 00 00 13 67 00 00 00 43 FF F6 FF F9 12 34 02 66 BF 00 00 00 DF,4967,4967,67,4660,2026-07-30 22:52:54.953,614,-10,-7,
FF FF FF FF 00 25 02 6C 20 01 01 02 00 00 13 67 00 00 13 67 00 00 00 49 FF F3 FF F7 12 34 02 67 C6 00 00 00 A1,4967,4967,73,4660,2026-07-30 22:52:55.053,615,-13,-9,
FF FF FF FF 00 25 02 6D 20 01 01 02 00 00 13 67 00 00 13 67 00 00 00 47 FF F1 FF F4 12 34 02 68 C5 00 00 00 A3,4967,4967,71,4660,2026-07-30 22:52:55.161,616,-15,-12,
FF FF FF FF 00 25 02 6E 20 01 01 02 00 00 13 67 00 00 13 67 00 00 00 48 FF F1 FF F1 12 34 02 69 C6 00 00 00 A8,4967,4967,72,4660,2026-07-30 22:52:55.262,617,-15,-15,
FF FF FF FF 00 25 02 74 20 01 01 02 00 00 13 67 00 00 13 67 00 00 00 41 FF F2 FF EF 12 34 02 6F BE 00 00 00 D8,4967,4967,65,4660,2026-07-30 22:52:55.848,623,-14,-17,
FF FF FF FF 00 25 02 65 20 01 01 02 00 00 13 67 00 00 13 67 00 00 00 3D 00 01 FF DD 12 34 02 60 C5 00 00 00 FF,4967,4967,61,4660,2026-07-30 22:52:54.351,608,1,-35,
FF FF FF FF 00 25 02 66 20 01 01 02 00 00 13 67 00 00 13 67 00 00 00 3E FF FF FF E0 12 34 02 61 C4 00 00 00 C3,4967,4967,62,4660,2026-07-30 22:52:54.449,609,-1,-32,
FF FF FF FF 00 25 02 67 20 01 01 02 00 00 13 67 00 00 13 67 00 00 00 3E FF FD FF E3 12 34 02 62 C3 00 00 00 C7,4967,4967,62,4660,2026-07-30 22:52:54.548,610,-3,-29,
FF FF FF FF 00 25 02 68 20 01 01 02 00 00 13 67 00 00 13 67 00 00 00 41 FF FA FF E7 12 34 02 63 C6 00 00 00 B0,4967,4967,65,4660,2026-07-30 22:52:54.657,611,-6,-25,
FF FF FF FF 00 25 02 69 20 01 01 02 00 00 13 67 00 00 13 67 00 00 00 44 FF F7 FF EC 12 34 02 64 C3 00 00 00 B0,4967,4967,68,4660,2026-07-30 22:52:54.756,612,-9,-20,
FF FF FF FF 00 25 02 6A 20 01 01 02 00 00 13 67 00 00 13 67 00 00 00 45 FF F6 FF F3 12 34 02 65 C0 00 00 00 AE,4967,4967,69,4660,2026-07-30 22:52:54.855,613,-10,-13,
FF FF FF FF 00 25 02 6B 20 01 01 02 00 00 13 67 00 00 13 67 00 00 00 43 FF F6 FF F9 12 34 02 66 BF 00 00 00 DF,4967,4967,67,4660,2026-07-30 22:52:54.953,614,-10,-7,
FF FF FF FF 00 25 02 6C 20 01 01 02 00 00 13 67 00 00 13 67 00 00 00 49 FF F3 FF F7 12 34 02 67 C6 00 00 00 A1,4967,4967,73,4660,2026-07-30 22:52:55.053,615,-13,-9,
FF FF FF FF 00 25 02 6D 20 01 01 02 00 00 13 67 00 00 13 67 00 00 00 47 FF F1 FF F4 12 34 02 68 C5 00 00 00 A3,4967,4967,71,4660,2026-07-30 22:52:55.161,616,-15,-12,
FF FF FF FF 00 25 02 6E 20 01 01 02 00 00 13 67 00 00 13 67 00 00 00 48 FF F1 FF F1 12 34 02 69 C6 00 00 00 A8,4967,4967,72,4660,2026-07-30 22:52:55.262,617,-15,-15,
FF FF FF FF 00 25 02 7A 20 01 01 02 00 00 13 67 00 00 13 67 00 00 00 3C FF EE FF E9 12 34 02 75 BD 00 00 00 A8,4967,4967,60,4660,2026-07-30 22:52:59.053,629,-18,-23,
FF FF FF FF 00 25 02 7B 20 01 01 02 00 00 13 67 00 00 13 67 00 00 00 3C FF EE FF E9 12 34 02 76 C0 00 00 00 D7,4967,4967,60,4660,2026-07-30 22:52:59.152,630,-18,-23,
FF FF FF FF 00 25 02 7C 20 01 01 02 00 00 13 67 00 00 13 67 00 00 00 3C FF EF FF E8 12 34 02 77 C1 00 00 00 D0,4967,4967,60,4660,2026-07-30 22:52:59.249,631,-17,-24,
FF FF FF FF 00 25 02 7D 20 01 01 02 00 00 13 67 00 00 13 67 00 00 00 3C FF EF FF E8 12 34 02 78 C3 00 00 00 DC,4967,4967,60,4660,2026-07-30 22:52:59.347,632,-17,-24,
FF FF FF FF 00 25 02 7E 20 01 01 02 00 00 13 67 00 00 13 67 00 00 00 3C FF EF FF E7 12 34 02 79 C0 00 00 00 D2,4967,4967,60,4660,2026-07-30 22:52:59.446,633,-17,-25,
FF FF FF FF 00 25 02 7F 20 01 01 02 00 00 13 67 00 00 13 67 00 00 00 3D FF F0 FF E7 12 34 02 7A C0 00 00 00 CE,4967,4967,61,4660,2026-07-30 22:52:59.544,634,-16,-25,
FF FF FF FF 00 25 02 80 20 01 01 02 00 00 13 67 00 00 13 67 00 00 00 3C FF F1 FF E7 12 34 02 7B C0 00 00 00 30,4967,4967,60,4660,2026-07-30 22:52:59.656,635,-15,-25,
FF FF FF FF 00 25 02 81 20 01 01 02 00 00 13 67 00 00 13 67 00 00 00 3D FF F1 FF E7 12 34 02 7C C0 00 00 00 37,4967,4967,61,4660,2026-07-30 22:52:59.754,636,-15,-25,
FF FF FF FF 00 25 02 82 20 01 01 02 00 00 13 67 00 00 13 67 00 00 00 3C FF F1 FF E7 12 34 02 7D BF 00 00 00 4B,4967,4967,60,4660,2026-07-30 22:52:59.854,637,-15,-25,
FF FF FF FF 00 25 02 83 20 01 01 02 00 00 13 67 00 00 13 67 00 00 00 3B FF F0 FF E7 12 34 02 7E C0 00 00 00 30,4967,4967,59,4660,2026-07-30 22:52:59.955,638,-16,-25,
FF FF FF FF 00 25 02 84 20 01 01 02 00 00 13 67 00 00 13 67 00 00 00 3C FF F0 FF E7 12 34 02 7F C1 00 00 00 30,4967,4967,60,4660,2026-07-30 22:53:00.054,639,-16,-25,
FF FF FF FF 00 25 02 85 20 01 01 02 00 00 13 67 00 00 13 67 00 00 00 3C FF F0 FF E6 12 34 02 80 BF 00 00 00 B1,4967,4967,60,4660,2026-07-30 22:53:00.153,640,-16,-26,
FF FF FF FF 00 25 02 86 20 01 01 02 00 00 13 67 00 00 13 67 00 00 00 3D FF EF FF E6 12 34 02 81 BF 00 00 00 AD,4967,4967,61,4660,2026-07-30 22:53:00.248,641,-17,-26,
FF FF FF FF 00 25 02 87 20 01 01 02 00 00 13 67 00 00 13 67 00 00 00 3D FF F0 FF E7 12 34 02 82 C0 00 00 00 CE,4967,4967,61,4660,2026-07-30 22:53:00.348,642,-16,-25,
FF FF FF FF 00 25 02 88 20 01 01 02 00 00 13 67 00 00 13 67 00 00 00 3E FF F0 FF E7 12 34 02 83 BF 00 00 00 BC,4967,4967,62,4660,2026-07-30 22:53:00.449,643,-16,-25,
FF FF FF FF 00 25 02 89 20 01 01 02 00 00 13 67 00 00 13 67 00 00 00 3F FF F0 FF E7 12 34 02 84 BF 00 00 00 BB,4967,4967,63,4660,2026-07-30 22:53:00.560,644,-16,-25,
FF FF FF FF 00 25 02 8A 20 01 01 02 00 00 13 67 00 00 13 67 00 00 00 3F FF F0 FF E7 12 34 02 85 BF 00 00 00 B9,4967,4967,63,4660,2026-07-30 22:53:00.660,645,-16,-25,
FF FF FF FF 00 25 02 8B 20 01 01 02 00 00 13 67 00 00 13 67 00 00 00 3F FF F0 FF E7 12 34 02 86 C1 00 00 00 C5,4967,4967,63,4660,2026-07-30 22:53:00.754,646,-16,-25,
FF FF FF FF 00 25 02 8C 20 01 01 02 00 00 13 67 00 00 13 67 00 00 00 40 FF F0 FF E6 12 34 02 87 C1 00 00 00 BD,4967,4967,64,4660,2026-07-30 22:53:00.850,647,-16,-26,
FF FF FF FF 00 25 02 8D 20 01 01 02 00 00 13 67 00 00 13 67 00 00 00 40 FF F0 FF E6 12 34 02 88 C1 00 00 00 B3,4967,4967,64,4660,2026-07-30 22:53:00.950,648,-16,-26,
FF FF FF FF 00 25 02 8E 20 01 01 02 00 00 13 67 00 00 13 67 00 00 00 40 FF F0 FF E6 12 34 02 89 C1 00 00 00 B1,4967,4967,64,4660,2026-07-30 22:53:01.049,649,-16,-26,
FF FF FF FF 00 25 02 8F 20 01 01 02 00 00 13 67 00 00 13 67 00 00 00 40 FF F0 FF E5 12 34 02 8A C0 00 00 00 B1,4967,4967,64,4660,2026-07-30 22:53:01.149,650,-16,-27,
FF FF FF FF 00 25 02 90 20 01 01 02 00 00 13 67 00 00 13 67 00 00 00 40 FF F0 FF E6 12 34 02 8B BF 00 00 00 D3,4967,4967,64,4660,2026-07-30 22:53:01.260,651,-16,-26,
FF FF FF FF 00 25 02 91 20 01 01 02 00 00 13 67 00 00 13 67 00 00 00 41 FF F0 FF E5 12 34 02 8C BF 00 00 00 D7,4967,4967,65,4660,2026-07-30 22:53:01.347,652,-16,-27,
FF FF FF FF 00 25 02 92 20 01 01 02 00 00 13 67 00 00 13 67 00 00 00 41 FF F0 FF E5 12 34 02 8D C0 00 00 00 AA,4967,4967,65,4660,2026-07-30 22:53:01.447,653,-16,-27,
FF FF FF FF 00 25 02 93 20 01 01 02 00 00 13 67 00 00 13 67 00 00 00 41 FF F0 FF E5 12 34 02 8E C0 00 00 00 A8,4967,4967,65,4660,2026-07-30 22:53:01.545,654,-16,-27,
FF FF FF FF 00 25 02 94 20 01 01 02 00 00 13 67 00 00 13 67 00 00 00 42 FF F0 FF E5 12 34 02 8F BE 00 00 00 D3,4967,4967,66,4660,2026-07-30 22:53:01.659,655,-16,-27,
FF FF FF FF 00 25 02 95 20 01 01 02 00 00 13 67 00 00 13 67 00 00 00 41 FF F0 FF E5 12 34 02 90 BF 00 00 00 CF,4967,4967,65,4660,2026-07-30 22:53:01.751,656,-16,-27,
FF FF FF FF 00 25 02 96 20 01 01 02 00 00 13 67 00 00 13 67 00 00 00 41 FF F0 FF E6 12 34 02 91 BF 00 00 00 CE,4967,4967,65,4660,2026-07-30 22:53:01.854,657,-16,-26,
FF FF FF FF 00 25 02 97 20 01 01 02 00 00 13 67 00 00 13 67 00 00 00 40 FF F0 FF E6 12 34 02 92 C1 00 00 00 B3,4967,4967,64,4660,2026-07-30 22:53:01.952,658,-16,-26,
FF FF FF FF 00 25 02 98 20 01 01 02 00 00 13 67 00 00 13 67 00 00 00 40 FF EF FF E6 12 34 02 93 C0 00 00 00 A3,4967,4967,64,4660,2026-07-30 22:53:02.052,659,-17,-26,
FF FF FF FF 00 25 02 99 20 01 01 02 00 00 13 67 00 00 13 67 00 00 00 40 FF EF FF E6 12 34 02 94 C1 00 00 00 A4,4967,4967,64,4660,2026-07-30 22:53:02.152,660,-17,-26,
FF FF FF FF 00 25 02 9A 20 01 01 02 00 00 13 67 00 00 13 67 00 00 00 3F FF EF FF E7 12 34 02 95 C1 00 00 00 D8,4967,4967,63,4660,2026-07-30 22:53:02.250,661,-17,-25,
FF FF FF FF 00 25 02 9B 20 01 01 02 00 00 13 67 00 00 13 67 00 00 00 3F FF EF FF E7 12 34 02 96 C0 00 00 00 DB,4967,4967,63,4660,2026-07-30 22:53:02.350,662,-17,-25,
FF FF FF FF 00 25 02 9C 20 01 01 02 00 00 13 67 00 00 13 67 00 00 00 3F FF F0 FF E7 12 34 02 97 C0 00 00 00 C2,4967,4967,63,4660,2026-07-30 22:53:02.450,663,-16,-25,
FF FF FF FF 00 25 02 9D 20 01 01 02 00 00 13 67 00 00 13 67 00 00 00 3E FF F0 FF E7 12 34 02 98 BE 00 00 00 B3,4967,4967,62,4660,2026-07-30 22:53:02.548,664,-16,-25,
FF FF FF FF 00 25 02 9E 20 01 01 02 00 00 13 67 00 00 13 67 00 00 00 3D FF F1 FF E7 12 34 02 99 BE 00 00 00 B3,4967,4967,61,4660,2026-07-30 22:53:02.648,665,-15,-25,
FF FF FF FF 00 25 02 9F 20 01 01 02 00 00 13 67 00 00 13 67 00 00 00 3D FF F2 FF E7 12 34 02 9A BE 00 00 00 B2,4967,4967,61,4660,2026-07-30 22:53:02.752,666,-14,-25,
FF FF FF FF 00 25 02 A0 20 01 01 02 00 00 13 67 00 00 13 67 00 00 00 3C FF F3 FF E7 12 34 02 9B C1 00 00 00 F3,4967,4967,60,4660,2026-07-30 22:53:02.847,667,-13,-25,
FF FF FF FF 00 25 02 A1 20 01 01 02 00 00 13 67 00 00 13 67 00 00 00 3B FF F4 FF E6 12 34 02 9C C0 00 00 00 F5,4967,4967,59,4660,2026-07-30 22:53:02.957,668,-12,-26,
FF FF FF FF 00 25 02 A2 20 01 01 02 00 00 13 67 00 00 13 67 00 00 00 3B FF F5 FF E6 12 34 02 9D C1 00 00 00 F7,4967,4967,59,4660,2026-07-30 22:53:03.055,669,-11,-26,
FF FF FF FF 00 25 02 A3 20 01 01 02 00 00 13 67 00 00 13 67 00 00 00 3C FF F6 FF E6 12 34 02 9E C1 00 00 00 F1,4967,4967,60,4660,2026-07-30 22:53:03.159,670,-10,-26,
FF FF FF FF 00 25 02 A4 20 01 01 02 00 00 13 67 00 00 13 67 00 00 00 3C FF F7 FF E6 12 34 02 9F C1 00 00 00 F6,4967,4967,60,4660,2026-07-30 22:53:03.246,671,-9,-26,
FF FF FF FF 00 25 02 A5 20 01 01 02 00 00 13 67 00 00 13 67 00 00 00 3C FF F8 FF E6 12 34 02 A0 C1 00 00 00 C7,4967,4967,60,4660,2026-07-30 22:53:03.357,672,-8,-26,
FF FF FF FF 00 25 02 A6 20 01 01 02 00 00 13 67 00 00 13 67 00 00 00 3C FF FA FF E6 12 34 02 A1 C0 00 00 00 C6,4967,4967,60,4660,2026-07-30 22:53:03.455,673,-6,-26,
FF FF FF FF 00 25 02 A7 20 01 01 02 00 00 13 67 00 00 13 67 00 00 00 3C FF FB FF E6 12 34 02 A2 C0 00 00 00 C5,4967,4967,60,4660,2026-07-30 22:53:03.554,674,-5,-26,
FF FF FF FF 00 25 02 A8 20 01 01 02 00 00 13 67 00 00 13 67 00 00 00 3C FF FB FF E5 12 34 02 A3 C2 00 00 00 CA,4967,4967,60,4660,2026-07-30 22:53:03.652,675,-5,-27,
FF FF FF FF 00 25 02 A9 20 01 01 02 00 00 13 67 00 00 13 67 00 00 00 3C FF FC FF E5 12 34 02 A4 C2 00 00 00 CB,4967,4967,60,4660,2026-07-30 22:53:03.752,676,-4,-27,
FF FF FF FF 00 25 02 AA 20 01 01 02 00 00 13 67 00 00 13 67 00 00 00 3C FF FD FF E5 12 34 02 A5 C1 00 00 00 CB,4967,4967,60,4660,2026-07-30 22:53:03.851,677,-3,-27,
FF FF FF FF 00 25 02 AB 20 01 01 02 00 00 13 67 00 00 13 67 00 00 00 3D FF FD FF E4 12 34 02 A6 C1 00 00 00 C9,4967,4967,61,4660,2026-07-30 22:53:03.951,678,-3,-28,
FF FF FF FF 00 25 02 AC 20 01 01 02 00 00 13 67 00 00 13 67 00 00 00 3D FF FD FF E4 12 34 02 A7 C1 00 00 00 CF,4967,4967,61,4660,2026-07-30 22:53:04.049,679,-3,-28,
FF FF FF FF 00 25 02 AD 20 01 01 02 00 00 13 67 00 00 13 67 00 00 00 3D FF FD FF E4 12 34 02 A8 C1 00 00 00 C1,4967,4967,61,4660,2026-07-30 22:53:04.148,680,-3,-28,
FF FF FF FF 00 25 02 AE 20 01 01 02 00 00 13 67 00 00 13 67 00 00 00 3E FF FC FF E3 12 34 02 A9 C1 00 00 00 C6,4967,4967,62,4660,2026-07-30 22:53:04.248,681,-4,-29,
FF FF FF FF 00 25 02 AF 20 01 01 02 00 00 13 67 00 00 13 67 00 00 00 3E FF FB FF E2 12 34 02 AA BF 00 00 00 BC,4967,4967,62,4660,2026-07-30 22:53:04.356,682,-5,-30,
FF FF FF FF 00 25 02 B0 20 01 01 02 00 00 13 67 00 00 13 67 00 00 00 3E FF F9 FF E2 12 34 02 AB C0 00 00 00 DF,4967,4967,62,4660,2026-07-30 22:53:04.455,683,-7,-30,
FF FF FF FF 00 25 02 B1 20 01 01 02 00 00 13 67 00 00 13 67 00 00 00 3E FF F8 FF E2 12 34 02 AC C1 00 00 00 D9,4967,4967,62,4660,2026-07-30 22:53:04.553,684,-8,-30,
FF FF FF FF 00 25 02 B2 20 01 01 02 00 00 13 67 00 00 13 67 00 00 00 3E FF F8 FF E2 12 34 02 AD C2 00 00 00 D8,4967,4967,62,4660,2026-07-30 22:53:04.653,685,-8,-30,
FF FF FF FF 00 25 02 B3 20 01 01 02 00 00 13 67 00 00 13 67 00 00 00 3E FF F7 FF E3 12 34 02 AE C0 00 00 00 D6,4967,4967,62,4660,2026-07-30 22:53:04.753,686,-9,-29,
FF FF FF FF 00 25 02 B4 20 01 01 02 00 00 13 67 00 00 13 67 00 00 00 3D FF F6 FF E3 12 34 02 AF C1 00 00 00 D3,4967,4967,61,4660,2026-07-30 22:53:04.850,687,-10,-29,
FF FF FF FF 00 25 02 B5 20 01 01 02 00 00 13 67 00 00 13 67 00 00 00 3E FF F6 FF E4 12 34 02 B0 C1 00 00 00 C9,4967,4967,62,4660,2026-07-30 22:53:04.950,688,-10,-28,
FF FF FF FF 00 25 02 B6 20 01 01 02 00 00 13 67 00 00 13 67 00 00 00 3E FF F6 FF E4 12 34 02 B1 C2 00 00 00 C8,4967,4967,62,4660,2026-07-30 22:53:05.049,689,-10,-28,
FF FF FF FF 00 25 02 B7 20 01 01 02 00 00 13 67 00 00 13 67 00 00 00 3E FF F6 FF E5 12 34 02 B2 C1 00 00 00 C8,4967,4967,62,4660,2026-07-30 22:53:05.159,690,-10,-27,
FF FF FF FF 00 25 02 B8 20 01 01 02 00 00 13 67 00 00 13 67 00 00 00 3E FF F5 FF E4 12 34 02 B3 C1 00 00 00 C4,4967,4967,62,4660,2026-07-30 22:53:05.256,691,-11,-28,
FF FF FF FF 00 25 02 B9 20 01 01 02 00 00 13 67 00 00 13 67 00 00 00 3E FF F5 FF E5 12 34 02 B4 C0 00 00 00 C2,4967,4967,62,4660,2026-07-30 22:53:05.355,692,-11,-27,
FF FF FF FF 00 25 02 BA 20 01 01 02 00 00 13 67 00 00 13 67 00 00 00 40 FF F5 FF E4 12 34 02 B5 C1 00 00 00 BE,4967,4967,64,4660,2026-07-30 22:53:05.453,693,-11,-28,
FF FF FF FF 00 25 02 BB 20 01 01 02 00 00 13 67 00 00 13 67 00 00 00 40 FF F6 FF E4 12 34 02 B6 C2 00 00 00 BC,4967,4967,64,4660,2026-07-30 22:53:05.552,694,-10,-28,
FF FF FF FF 00 25 02 BC 20 01 01 02 00 00 13 67 00 00 13 67 00 00 00 41 FF F6 FF E4 12 34 02 B7 C2 00 00 00 BB,4967,4967,65,4660,2026-07-30 22:53:05.650,695,-10,-28,
FF FF FF FF 00 25 02 BD 20 01 01 02 00 00 13 67 00 00 13 67 00 00 00 41 FF F6 FF E4 12 34 02 B8 C2 00 00 00 B5,4967,4967,65,4660,2026-07-30 22:53:05.747,696,-10,-28,
FF FF FF FF 00 25 02 BE 20 01 01 02 00 00 13 67 00 00 13 67 00 00 00 41 FF F6 FF E3 12 34 02 B9 C2 00 00 00 B0,4967,4967,65,4660,2026-07-30 22:53:05.848,697,-10,-29,
FF FF FF FF 00 25 02 BF 20 01 01 02 00 00 13 67 00 00 13 67 00 00 00 41 FF F6 FF E3 12 34 02 BA C1 00 00 00 B1,4967,4967,65,4660,2026-07-30 22:53:05.958,698,-10,-29,
FF FF FF FF 00 25 02 C0 20 01 01 02 00 00 13 67 00 00 13 67 00 00 00 3E FF F6 FF E3 12 34 02 BB BF 00 00 00 CE,4967,4967,62,4660,2026-07-30 22:53:06.057,699,-10,-29,
FF FF FF FF 00 25 02 C1 20 01 01 02 00 00 13 67 00 00 13 67 00 00 00 3E FF F6 FF E3 12 34 02 BC C0 00 00 00 B7,4967,4967,62,4660,2026-07-30 22:53:06.156,700,-10,-29,
FF FF FF FF 00 25 02 C2 20 01 01 02 00 00 13 67 00 00 13 67 00 00 00 3F FF F6 FF E3 12 34 02 BD C0 00 00 00 B4,4967,4967,63,4660,2026-07-30 22:53:06.254,701,-10,-29,
FF FF FF FF 00 25 02 C3 20 01 01 02 00 00 13 67 00 00 13 67 00 00 00 40 FF F5 FF E2 12 34 02 BE BF 00 00 00 B4,4967,4967,64,4660,2026-07-30 22:53:06.354,702,-11,-30,
FF FF FF FF 00 25 02 C4 20 01 01 02 00 00 13 67 00 00 13 67 00 00 00 40 FF F4 FF E1 12 34 02 BF BD 00 00 00 B2,4967,4967,64,4660,2026-07-30 22:53:06.452,703,-12,-31,
FF FF FF FF 00 25 02 C5 20 01 01 02 00 00 13 67 00 00 13 67 00 00 00 3F FF F3 FF E1 12 34 02 C0 BE 00 00 00 B7,4967,4967,63,4660,2026-07-30 22:53:06.551,704,-13,-31,
FF FF FF FF 00 25 02 C6 20 01 01 02 00 00 13 67 00 00 13 67 00 00 00 3F FF F2 FF E2 12 34 02 C1 BF 00 00 00 B6,4967,4967,63,4660,2026-07-30 22:53:06.652,705,-14,-30,
FF FF FF FF 00 25 02 C7 20 01 01 02 00 00 13 67 00 00 13 67 00 00 00 40 FF F0 FF E3 12 34 02 C2 BD 00 00 00 CA,4967,4967,64,4660,2026-07-30 22:53:06.749,706,-16,-29,
FF FF FF FF 00 25 02 C8 20 01 01 02 00 00 13 67 00 00 13 67 00 00 00 3F FF ED FF E4 12 34 02 C3 BE 00 00 00 A2,4967,4967,63,4660,2026-07-30 22:53:06.853,707,-19,-28,
FF FF FF FF 00 25 02 C9 20 01 01 02 00 00 13 67 00 00 13 67 00 00 00 3F FF EB FF E5 12 34 02 C4 BE 00 00 00 A3,4967,4967,63,4660,2026-07-30 22:53:06.953,708,-21,-27,
FF FF FF FF 00 25 02 CA 20 01 01 02 00 00 13 67 00 00 13 67 00 00 00 40 FF E9 FF E6 12 34 02 C5 BD 00 00 00 DC,4967,4967,64,4660,2026-07-30 22:53:07.050,709,-23,-26,
FF FF FF FF 00 25 02 CB 20 01 01 02 00 00 13 67 00 00 13 67 00 00 00 40 FF E7 FF E7 12 34 02 C6 BE 00 00 00 D2,4967,4967,64,4660,2026-07-30 22:53:07.150,710,-25,-25,
FF FF FF FF 00 25 02 CC 20 01 01 02 00 00 13 67 00 00 13 67 00 00 00 41 FF E6 FF E8 12 34 02 C7 BE 00 00 00 DB,4967,4967,65,4660,2026-07-30 22:53:07.250,711,-26,-24,
FF FF FF FF 00 25 02 CD 20 01 01 02 00 00 13 67 00 00 13 67 00 00 00 42 FF E7 FF E8 12 34 02 C8 BF 00 00 00 D6,4967,4967,66,4660,2026-07-30 22:53:07.358,712,-25,-24,
FF FF FF FF 00 25 02 CE 20 01 01 02 00 00 13 67 00 00 13 67 00 00 00 43 FF E7 FF E8 12 34 02 C9 BF 00 00 00 D5,4967,4967,67,4660,2026-07-30 22:53:07.456,713,-25,-24,
FF FF FF FF 00 25 02 CF 20 01 01 02 00 00 13 67 00 00 13 67 00 00 00 44 FF E7 FF E8 12 34 02 CA BF 00 00 00 D0,4967,4967,68,4660,2026-07-30 22:53:07.555,714,-25,-24,
FF FF FF FF 00 25 02 D0 20 01 01 02 00 00 13 67 00 00 13 67 00 00 00 45 FF E7 FF E7 12 34 02 CB C0 00 00 00 BF,4967,4967,69,4660,2026-07-30 22:53:07.654,715,-25,-25,
FF FF FF FF 00 25 02 D1 20 01 01 02 00 00 13 67 00 00 13 67 00 00 00 45 FF E7 FF E7 12 34 02 CC BF 00 00 00 C6,4967,4967,69,4660,2026-07-30 22:53:07.752,716,-25,-25,
FF FF FF FF 00 25 02 D2 20 01 01 02 00 00 13 67 00 00 13 67 00 00 00 46 FF E7 FF E7 12 34 02 CD C0 00 00 00 B8,4967,4967,70,4660,2026-07-30 22:53:07.850,717,-25,-25,
FF FF FF FF 00 25 02 D3 20 01 01 02 00 00 13 67 00 00 13 67 00 00 00 46 FF E7 FF E7 12 34 02 CE BE 00 00 00 C4,4967,4967,70,4660,2026-07-30 22:53:07.952,718,-25,-25,
FF FF FF FF 00 25 02 D4 20 01 01 02 00 00 13 67 00 00 13 67 00 00 00 47 FF E7 FF E6 12 34 02 CF BF 00 00 00 C3,4967,4967,71,4660,2026-07-30 22:53:08.050,719,-25,-26,
FF FF FF FF 00 25 02 D5 20 01 01 02 00 00 13 67 00 00 13 67 00 00 00 48 FF E7 FF E6 12 34 02 D0 BF 00 00 00 D2,4967,4967,72,4660,2026-07-30 22:53:08.150,720,-25,-26,
FF FF FF FF 00 25 02 D6 20 01 01 02 00 00 13 67 00 00 13 67 00 00 00 49 FF E8 FF E6 12 34 02 D1 BF 00 00 00 DE,4967,4967,73,4660,2026-07-30 22:53:08.248,721,-24,-26,
FF FF FF FF 00 25 02 D7 20 01 01 02 00 00 13 67 00 00 13 67 00 00 00 49 FF E7 FF E6 12 34 02 D2 BF 00 00 00 D3,4967,4967,73,4660,2026-07-30 22:53:08.358,722,-25,-26,
FF FF FF FF 00 25 02 D8 20 01 01 02 00 00 13 67 00 00 13 67 00 00 00 47 FF E7 FF E7 12 34 02 D3 BE 00 00 00 D3,4967,4967,71,4660,2026-07-30 22:53:08.458,723,-25,-25,
FF FF FF FF 00 25 02 D9 20 01 01 02 00 00 13 67 00 00 13 67 00 00 00 46 FF E6 FF E8 12 34 02 D4 BE 00 00 00 DA,4967,4967,70,4660,2026-07-30 22:53:08.544,724,-26,-24,
FF FF FF FF 00 25 02 DA 20 01 01 02 00 00 13 67 00 00 13 67 00 00 00 46 FF E6 FF E9 12 34 02 D5 BF 00 00 00 D8,4967,4967,70,4660,2026-07-30 22:53:08.655,725,-26,-23,
FF FF FF FF 00 25 02 DB 20 01 01 02 00 00 13 67 00 00 13 67 00 00 00 45 FF E5 FF E9 12 34 02 D6 BD 00 00 00 D8,4967,4967,69,4660,2026-07-30 22:53:08.753,726,-27,-23,
FF FF FF FF 00 25 02 DC 20 01 01 02 00 00 13 67 00 00 13 67 00 00 00 44 FF E4 FF EA 12 34 02 D7 BE 00 00 00 DE,4967,4967,68,4660,2026-07-30 22:53:08.862,727,-28,-22,
FF FF FF FF 00 25 02 DD 20 01 01 02 00 00 13 67 00 00 13 67 00 00 00 45 FF E4 FF E9 12 34 02 D8 BF 00 00 00 D3,4967,4967,69,4660,2026-07-30 22:53:08.960,728,-28,-23,
FF FF FF FF 00 25 02 DE 20 01 01 02 00 00 13 67 00 00 13 67 00 00 00 47 FF E4 FF E8 12 34 02 D9 C1 00 00 00 AC,4967,4967,71,4660,2026-07-30 22:53:09.049,729,-28,-24,
FF FF FF FF 00 25 02 DF 20 01 01 02 00 00 13 67 00 00 13 67 00 00 00 49 FF E3 FF E8 12 34 02 DA BF 00 00 00 D9,4967,4967,73,4660,2026-07-30 22:53:09.147,730,-29,-24,
FF FF FF FF 00 25 02 E0 20 01 01 02 00 00 13 67 00 00 13 67 00 00 00 4C FF E4 FF E7 12 34 02 DB C0 00 00 00 95,4967,4967,76,4660,2026-07-30 22:53:09.246,731,-28,-25,
FF FF FF FF 00 25 02 E1 20 01 01 02 00 00 13 67 00 00 13 67 00 00 00 4D FF E6 FF E6 12 34 02 DC C0 00 00 00 91,4967,4967,77,4660,2026-07-30 22:53:09.352,732,-26,-26,
FF FF FF FF 00 25 02 E2 20 01 01 02 00 00 13 67 00 00 13 67 00 00 00 4C FF E4 FF E6 12 34 02 DD BF 00 00 00 EF,4967,4967,76,4660,2026-07-30 22:53:09.454,733,-28,-26,
FF FF FF FF 00 25 02 E3 20 01 01 02 00 00 13 67 00 00 13 67 00 00 00 4A FF E2 FF EA 12 34 02 DE BC 00 00 00 E2,4967,4967,74,4660,2026-07-30 22:53:09.553,734,-30,-22,
FF FF FF FF 00 25 02 E4 20 01 01 02 00 00 13 67 00 00 13 67 00 00 00 4A FF DF FF EF 12 34 02 DF BD 00 00 00 DD,4967,4967,74,4660,2026-07-30 22:53:09.651,735,-33,-17,
FF FF FF FF 00 25 02 E5 20 01 01 02 00 00 13 67 00 00 13 67 00 00 00 4B FF E7 FF E0 12 34 02 E0 B9 00 00 00 D1,4967,4967,75,4660,2026-07-30 22:53:09.750,736,-25,-32,
FF FF FF FF 00 25 02 E6 20 01 01 02 00 00 13 67 00 00 13 67 00 00 00 58 FF E8 FF D1 12 34 02 E1 BA 00 00 00 FD,4967,4967,88,4660,2026-07-30 22:53:09.856,737,-24,-47,
FF FF FF FF 00 25 02 E7 20 01 01 02 00 00 13 67 00 00 13 67 00 00 00 5F FF E8 FF C9 12 34 02 E2 BC 00 00 00 E6,4967,4967,95,4660,2026-07-30 22:53:09.949,738,-24,-55,
FF FF FF FF 00 25 02 E8 20 01 01 02 00 00 13 67 00 00 13 67 00 00 00 5F FF E8 FF C0 12 34 02 E3 BC 00 00 00 E1,4967,4967,95,4660,2026-07-30 22:53:10.060,739,-24,-64,
FF FF FF FF 00 25 02 E9 20 01 01 02 00 00 13 67 00 00 13 67 00 00 00 60 FF EA FF BF 12 34 02 E4 BD 00 00 00 A4,4967,4967,96,4660,2026-07-30 22:53:10.146,740,-22,-65,
FF FF FF FF 00 25 02 EA 20 01 01 02 00 00 13 67 00 00 13 67 00 00 00 62 FF EE FF C1 12 34 02 E5 BE 00 00 00 DD,4967,4967,98,4660,2026-07-30 22:53:10.259,741,-18,-63,
FF FF FF FF 00 25 02 EB 20 01 01 02 00 00 13 67 00 00 13 67 00 00 00 5E FF FD FF C8 12 34 02 E6 B2 00 00 00 F5,4967,4967,94,4660,2026-07-30 22:53:10.350,742,-3,-56,
FF FF FF FF 00 25 02 EC 20 01 01 02 00 00 13 67 00 00 13 67 00 00 00 58 FF EE FF D0 12 34 02 E7 BE 00 00 00 F2,4967,4967,88,4660,2026-07-30 22:53:10.453,743,-18,-48,
FF FF FF FF 00 25 02 ED 20 01 01 02 00 00 13 67 00 00 13 67 00 00 00 57 FF E9 FF DC 12 34 02 E8 BD 00 00 00 FB,4967,4967,87,4660,2026-07-30 22:53:10.552,744,-23,-36,
FF FF FF FF 00 25 02 EE 20 01 01 02 00 00 13 67 00 00 13 67 00 00 00 55 FF DE FF E4 12 34 02 E9 BB 00 00 00 F2,4967,4967,85,4660,2026-07-30 22:53:10.651,745,-34,-28,
FF FF FF FF 00 25 02 EF 20 01 01 02 00 00 13 67 00 00 13 67 00 00 00 69 FF EC FF E2 12 34 02 EA BC 00 00 00 FF,4967,4967,105,4660,2026-07-30 22:53:10.750,746,-20,-30,
FF FF FF FF 00 25 02 F0 20 01 01 02 00 00 13 67 00 00 13 67 00 00 00 67 FF F8 FF E6 12 34 02 EB BF 00 00 00 FC,4967,4967,103,4660,2026-07-30 22:53:10.853,747,-8,-26,
FF FF FF FF 00 25 02 F1 20 01 01 02 00 00 13 67 00 00 13 67 00 00 00 61 00 00 FF E8 12 34 02 EC C0 00 00 00 8A,4967,4967,97,4660,2026-07-30 22:53:10.960,748,0,-24,
FF FF FF FF 00 25 02 F2 20 01 01 02 00 00 13 67 00 00 13 67 00 00 00 5F 00 05 FF EA 12 34 02 ED C0 00 00 00 B1,4967,4967,95,4660,2026-07-30 22:53:11.059,749,5,-22,
FF FF FF FF 00 25 02 F3 20 01 01 02 00 00 13 67 00 00 13 67 00 00 00 5F 00 09 FF EB 12 34 02 EE C0 00 00 00 BE,4967,4967,95,4660,2026-07-30 22:53:11.147,750,9,-21,
FF FF FF FF 00 25 02 F4 20 01 01 02 00 00 13 67 00 00 13 67 00 00 00 62 00 0B FF ED 12 34 02 EF BF 00 00 00 FE,4967,4967,98,4660,2026-07-30 22:53:11.257,751,11,-19,
FF FF FF FF 00 25 02 F5 20 01 01 02 00 00 13 67 00 00 13 67 00 00 00 65 00 0A FF EE 12 34 02 F0 BE 00 00 00 E4,4967,4967,101,4660,2026-07-30 22:53:11.359,752,10,-18,
FF FF FF FF 00 25 02 F6 20 01 01 02 00 00 13 67 00 00 13 67 00 00 00 68 00 08 FF EE 12 34 02 F1 BC 00 00 00 EB,4967,4967,104,4660,2026-07-30 22:53:11.458,753,8,-18,
FF FF FF FF 00 25 02 F7 20 01 01 02 00 00 13 67 00 00 13 67 00 00 00 5F 00 17 FF FA 12 34 02 F2 BC 00 00 00 D5,4967,4967,95,4660,2026-07-30 22:53:11.558,754,23,-6,
FF FF FF FF 00 25 02 F8 20 01 01 02 00 00 13 67 00 00 13 67 00 00 00 70 00 10 FF F2 12 34 02 F3 BD 00 00 00 FA,4967,4967,112,4660,2026-07-30 22:53:11.644,755,16,-14,
FF FF FF FF 00 25 02 F9 20 01 01 02 00 00 13 67 00 00 13 67 00 00 00 65 00 0D FF F1 12 34 02 F4 BC 00 00 00 F6,4967,4967,101,4660,2026-07-30 22:53:11.755,756,13,-15,
FF FF FF FF 00 25 02 FA 20 01 01 02 00 00 13 67 00 00 13 67 00 00 00 56 00 0F FF F5 12 34 02 F5 BC 00 00 00 C1,4967,4967,86,4660,2026-07-30 22:53:11.853,757,15,-11,
FF FF FF FF 00 25 02 FB 20 01 01 02 00 00 13 67 00 00 13 67 00 00 00 4F 00 10 FF F9 12 34 02 F6 BB 00 00 00 CE,4967,4967,79,4660,2026-07-30 22:53:11.952,758,16,-7,
FF FF FF FF 00 25 02 FC 20 01 01 02 00 00 13 67 00 00 13 67 00 00 00 4D 00 0E FF FA 12 34 02 F7 BE 00 00 00 D2,4967,4967,77,4660,2026-07-30 22:53:12.051,759,14,-6,
FF FF FF FF 00 25 02 FD 20 01 01 02 00 00 13 67 00 00 13 67 00 00 00 4B 00 0B FF FC 12 34 02 F8 BE 00 00 00 D9,4967,4967,75,4660,2026-07-30 22:53:12.151,760,11,-4,
FF FF FF FF 00 25 02 FE 20 01 01 02 00 00 13 67 00 00 13 67 00 00 00 4E 00 08 00 00 12 34 02 F9 BC 00 00 00 DC,4967,4967,78,4660,2026-07-30 22:53:12.249,761,8,0,
FF FF FF FF 00 25 02 FF 20 01 01 02 00 00 13 67 00 00 13 67 00 00 00 54 00 03 00 00 12 34 02 FA C3 00 00 00 B0,4967,4967,84,4660,2026-07-30 22:53:12.349,762,3,0,
FF FF FF FF 00 25 03 00 20 01 01 02 00 00 13 67 00 00 13 67 00 00 00 54 00 00 00 03 12 34 02 FB C1 00 00 00 4D,4967,4967,84,4660,2026-07-30 22:53:12.447,763,0,3,
FF FF FF FF 00 25 03 01 20 01 01 02 00 00 13 67 00 00 13 67 00 00 00 57 FF F9 00 02 12 34 02 FC C2 00 00 00 4C,4967,4967,87,4660,2026-07-30 22:53:12.546,764,-7,2,
FF FF FF FF 00 25 03 02 20 01 01 02 00 00 13 67 00 00 13 67 00 00 00 57 FF F4 00 00 12 34 02 FD C3 00 00 00 40,4967,4967,87,4660,2026-07-30 22:53:12.658,765,-12,0,
FF FF FF FF 00 25 03 03 20 01 01 02 00 00 13 67 00 00 13 67 00 00 00 5B FF F0 00 00 12 34 02 FE C2 00 00 00 4B,4967,4967,91,4660,2026-07-30 22:53:12.756,766,-16,0,
FF FF FF FF 00 25 03 04 20 01 01 02 00 00 13 67 00 00 13 67 00 00 00 59 FF EC FF FE 12 34 02 FF C1 00 00 00 51,4967,4967,89,4660,2026-07-30 22:53:12.854,767,-20,-2,
FF FF FF FF 00 25 03 05 20 01 01 02 00 00 13 67 00 00 13 67 00 00 00 57 FF ED 00 00 12 34 03 00 C3 00 00 00 A2,4967,4967,87,4660,2026-07-30 22:53:12.948,768,-19,0,
FF FF FF FF 00 25 03 06 20 01 01 02 00 00 13 67 00 00 13 67 00 00 00 5A FF EA FF FE 12 34 03 01 C3 00 00 00 AB,4967,4967,90,4660,2026-07-30 22:53:13.048,769,-22,-2,
FF FF FF FF 00 25 03 07 20 01 01 02 00 00 13 67 00 00 13 67 00 00 00 5B FF EA FF FE 12 34 03 02 C2 00 00 00 A9,4967,4967,91,4660,2026-07-30 22:53:13.148,770,-22,-2,
FF FF FF FF 00 25 03 08 20 01 01 02 00 00 13 67 00 00 13 67 00 00 00 5C FF EA FF FE 12 34 03 03 C2 00 00 00 A0,4967,4967,92,4660,2026-07-30 22:53:13.259,771,-22,-2,
FF FF FF FF 00 25 03 09 20 01 01 02 00 00 13 67 00 00 13 67 00 00 00 5D FF E9 FF FE 12 34 03 04 C2 00 00 00 A4,4967,4967,93,4660,2026-07-30 22:53:13.346,772,-23,-2,
FF FF FF FF 00 25 03 0A 20 01 01 02 00 00 13 67 00 00 13 67 00 00 00 5D FF E9 FF FF 12 34 03 05 C4 00 00 00 A1,4967,4967,93,4660,2026-07-30 22:53:13.459,773,-23,-1,
FF FF FF FF 00 25 03 0B 20 01 01 02 00 00 13 67 00 00 13 67 00 00 00 5B FF E9 FF FE 12 34 03 06 C0 00 00 00 A0,4967,4967,91,4660,2026-07-30 22:53:13.545,774,-23,-2,
FF FF FF FF 00 25 03 0C 20 01 01 02 00 00 13 67 00 00 13 67 00 00 00 50 FF EB FF FF 12 34 03 07 C0 00 00 00 AE,4967,4967,80,4660,2026-07-30 22:53:13.645,775,-21,-1,
FF FF FF FF 00 25 03 0D 20 01 01 02 00 00 13 67 00 00 13 67 00 00 00 51 FF EB 00 00 12 34 03 08 C1 00 00 00 A0,4967,4967,81,4660,2026-07-30 22:53:13.758,776,-21,0,
FF FF FF FF 00 25 03 0E 20 01 01 02 00 00 13 67 00 00 13 67 00 00 00 53 FF ED 00 02 12 34 03 09 C1 00 00 00 A4,4967,4967,83,4660,2026-07-30 22:53:13.845,777,-19,2,
FF FF FF FF 00 25 03 0F 20 01 01 02 00 00 13 67 00 00 13 67 00 00 00 57 FF EE 00 03 12 34 03 0A C3 00 00 00 A2,4967,4967,87,4660,2026-07-30 22:53:13.953,778,-18,3,
FF FF FF FF 00 25 03 10 20 01 01 02 00 00 13 67 00 00 13 67 00 00 00 5A FF EE 00 06 12 34 03 0B C3 00 00 00 B4,4967,4967,90,4660,2026-07-30 22:53:14.054,779,-18,6,
FF FF FF FF 00 25 03 11 20 01 01 02 00 00 13 67 00 00 13 67 00 00 00 5A FF EC 00 03 12 34 03 0C C3 00 00 00 B5,4967,4967,90,4660,2026-07-30 22:53:14.155,780,-20,3,
FF FF FF FF 00 25 03 12 20 01 01 02 00 00 13 67 00 00 13 67 00 00 00 60 FF ED 00 06 12 34 03 0D C4 00 00 00 8E,4967,4967,96,4660,2026-07-30 22:53:14.252,781,-19,6,
FF FF FF FF 00 25 03 13 20 01 01 02 00 00 13 67 00 00 13 67 00 00 00 5A FF ED 00 03 12 34 03 0E C0 00 00 00 B7,4967,4967,90,4660,2026-07-30 22:53:14.351,782,-19,3,
FF FF FF FF 00 25 03 14 20 01 01 02 00 00 13 67 00 00 13 67 00 00 00 56 FF EE 00 02 12 34 03 0F C3 00 00 00 BC,4967,4967,86,4660,2026-07-30 22:53:14.460,783,-18,2,
FF FF FF FF 00 25 03 15 20 01 01 02 00 00 13 67 00 00 13 67 00 00 00 50 FF ED 00 01 12 34 03 10 C1 00 00 00 A6,4967,4967,80,4660,2026-07-30 22:53:14.546,784,-19,1,
FF FF FF FF 00 25 03 16 20 01 01 02 00 00 13 67 00 00 13 67 00 00 00 50 FF EC FF FF 12 34 03 11 C4 00 00 00 A1,4967,4967,80,4660,2026-07-30 22:53:14.658,785,-20,-1,
FF FF FF FF 00 25 03 17 20 01 01 02 00 00 13 67 00 00 13 67 00 00 00 4C FF EB FF FE 12 34 03 12 C2 00 00 00 BF,4967,4967,76,4660,2026-07-30 22:53:14.757,786,-21,-2,
FF FF FF FF 00 25 03 18 20 01 01 02 00 00 13 67 00 00 13 67 00 00 00 4C FF E9 FF FC 12 34 03 13 C1 00 00 00 B2,4967,4967,76,4660,2026-07-30 22:53:14.845,787,-23,-4,
FF FF FF FF 00 25 03 19 20 01 01 02 00 00 13 67 00 00 13 67 00 00 00 4F FF E8 FF FB 12 34 03 14 C1 00 00 00 B1,4967,4967,79,4660,2026-07-30 22:53:14.953,788,-24,-5,
FF FF FF FF 00 25 03 1A 20 01 01 02 00 00 13 67 00 00 13 67 00 00 00 52 FF E7 FF FB 12 34 03 15 C1 00 00 00 A1,4967,4967,82,4660,2026-07-30 22:53:15.053,789,-25,-5,
FF FF FF FF 00 25 03 1B 20 01 01 02 00 00 13 67 00 00 13 67 00 00 00 50 FF E7 FF FB 12 34 03 16 BF 00 00 00 DF,4967,4967,80,4660,2026-07-30 22:53:15.151,790,-25,-5,
FF FF FF FF 00 25 03 1C 20 01 01 02 00 00 13 67 00 00 13 67 00 00 00 55 FF E9 FF FC 12 34 03 17 BF 00 00 00 D5,4967,4967,85,4660,2026-07-30 22:53:15.251,791,-23,-4,
FF FF FF FF 00 25 03 1D 20 01 01 02 00 00 13 67 00 00 13 67 00 00 00 52 FF EA FF FD 12 34 03 18 C0 00 00 00 A1,4967,4967,82,4660,2026-07-30 22:53:15.348,792,-22,-3,
FF FF FF FF 00 25 03 1E 20 01 01 02 00 00 13 67 00 00 13 67 00 00 00 4F FF E9 FF FC 12 34 03 19 BF 00 00 00 C3,4967,4967,79,4660,2026-07-30 22:53:15.457,793,-23,-4,
FF FF FF FF 00 25 03 1F 20 01 01 02 00 00 13 67 00 00 13 67 00 00 00 55 FF EA FF FE 12 34 03 1A C0 00 00 00 A5,4967,4967,85,4660,2026-07-30 22:53:15.556,794,-22,-2,
FF FF FF FF 00 25 03 20 20 01 01 02 00 00 13 67 00 00 13 67 00 00 00 4C FF E4 FF FB 12 34 03 1B C1 00 00 00 88,4967,4967,76,4660,2026-07-30 22:53:15.656,795,-28,-5,
FF FF FF FF 00 25 03 21 20 01 01 02 00 00 13 67 00 00 13 67 00 00 00 50 FF E6 FF FC 12 34 03 1C C2 00 00 00 94,4967,4967,80,4660,2026-07-30 22:53:15.755,796,-26,-4,
FF FF FF FF 00 25 03 22 20 01 01 02 00 00 13 67 00 00 13 67 00 00 00 4F FF E3 FF FA 12 34 03 1D BD 00 00 00 F5,4967,4967,79,4660,2026-07-30 22:53:15.854,797,-29,-6,
FF FF FF FF 00 25 03 23 20 01 01 02 00 00 13 67 00 00 13 67 00 00 00 54 FF E7 FF FC 12 34 03 1E C4 00 00 00 97,4967,4967,84,4660,2026-07-30 22:53:15.950,798,-25,-4,
FF FF FF FF 00 25 03 24 20 01 01 02 00 00 13 67 00 00 13 67 00 00 00 5C FF E7 FF FB 12 34 03 1F C2 00 00 00 98,4967,4967,92,4660,2026-07-30 22:53:16.051,799,-25,-5,
FF FF FF FF 00 25 03 25 20 01 01 02 00 00 13 67 00 00 13 67 00 00 00 5F FF EA FF FD 12 34 03 20 C1 00 00 00 AD,4967,4967,95,4660,2026-07-30 22:53:16.150,800,-22,-3,
FF FF FF FF 00 25 03 26 20 01 01 02 00 00 13 67 00 00 13 67 00 00 00 61 FF F3 FF F8 12 34 03 21 C0 00 00 00 8C,4967,4967,97,4660,2026-07-30 22:53:16.260,801,-13,-8,
FF FF FF FF 00 25 03 27 20 01 01 02 00 00 13 67 00 00 13 67 00 00 00 5D FF EE FF F8 12 34 03 22 C0 00 00 00 AF,4967,4967,93,4660,2026-07-30 22:53:16.346,802,-18,-8,
FF FF FF FF 00 25 03 28 20 01 01 02 00 00 13 67 00 00 13 67 00 00 00 5F FF EE FF F9 12 34 03 23 C4 00 00 00 A6,4967,4967,95,4660,2026-07-30 22:53:16.458,803,-18,-7,
FF FF FF FF 00 25 03 29 20 01 01 02 00 00 13 67 00 00 13 67 00 00 00 60 FF EC FF F9 12 34 03 24 C0 00 00 00 99,4967,4967,96,4660,2026-07-30 22:53:16.558,804,-20,-7,
FF FF FF FF 00 25 03 2A 20 01 01 02 00 00 13 67 00 00 13 67 00 00 00 5C FF EA FF F7 12 34 03 25 C0 00 00 00 AF,4967,4967,92,4660,2026-07-30 22:53:16.646,805,-22,-9,
FF FF FF FF 00 25 03 2B 20 01 01 02 00 00 13 67 00 00 13 67 00 00 00 5F FF E9 FF F8 12 34 03 26 C3 00 00 00 A1,4967,4967,95,4660,2026-07-30 22:53:16.757,806,-23,-8,
FF FF FF FF 00 25 03 2C 20 01 01 02 00 00 13 67 00 00 13 67 00 00 00 5F FF E9 FF F9 12 34 03 27 BF 00 00 00 DA,4967,4967,95,4660,2026-07-30 22:53:16.855,807,-23,-7,
FF FF FF FF 00 25 03 2D 20 01 01 02 00 00 13 67 00 00 13 67 00 00 00 61 FF ED 00 00 12 34 03 28 C2 00 00 00 95,4967,4967,97,4660,2026-07-30 22:53:16.949,808,-19,0,
FF FF FF FF 00 25 03 2E 20 01 01 02 00 00 13 67 00 00 13 67 00 00 00 63 FF F0 00 05 12 34 03 29 C3 00 00 00 8C,4967,4967,99,4660,2026-07-30 22:53:17.053,809,-16,5,
FF FF FF FF 00 25 03 2F 20 01 01 02 00 00 13 67 00 00 13 67 00 00 00 68 FF F5 00 11 12 34 03 2A C1 00 00 00 96,4967,4967,104,4660,2026-07-30 22:53:17.151,810,-11,17,
FF FF FF FF 00 25 03 30 20 01 01 02 00 00 13 67 00 00 13 67 00 00 00 6E FF F0 00 0C 12 34 03 2B C4 00 00 00 93,4967,4967,110,4660,2026-07-30 22:53:17.250,811,-16,12,
FF FF FF FF 00 25 03 31 20 01 01 02 00 00 13 67 00 00 13 67 00 00 00 6D FF EE 00 08 12 34 03 2C C1 00 00 00 89,4967,4967,109,4660,2026-07-30 22:53:17.350,812,-18,8,
FF FF FF FF 00 25 03 32 20 01 01 02 00 00 13 67 00 00 13 67 00 00 00 5B FF ED 00 04 12 34 03 2D C1 00 00 00 B2,4967,4967,91,4660,2026-07-30 22:53:17.455,813,-19,4,
FF FF FF FF 00 25 03 33 20 01 01 02 00 00 13 67 00 00 13 67 00 00 00 59 FF EC 00 02 12 34 03 2E C0 00 00 00 B4,4967,4967,89,4660,2026-07-30 22:53:17.548,814,-20,2,
FF FF FF FF 00 25 03 34 20 01 01 02 00 00 13 67 00 00 13 67 00 00 00 58 FF ED 00 01 12 34 03 2F C1 00 00 00 B0,4967,4967,88,4660,2026-07-30 22:53:17.647,815,-19,1,
FF FF FF FF 00 25 03 35 20 01 01 02 00 00 13 67 00 00 13 67 00 00 00 5C FF EE 00 01 12 34 03 30 BF 00 00 00 D7,4967,4967,92,4660,2026-07-30 22:53:17.748,816,-18,1,
FF FF FF FF 00 25 03 36 20 01 01 02 00 00 13 67 00 00 13 67 00 00 00 5D FF ED 00 00 12 34 03 31 C0 00 00 00 A9,4967,4967,93,4660,2026-07-30 22:53:17.846,817,-19,0,
FF FF FF FF 00 25 03 37 20 01 01 02 00 00 13 67 00 00 13 67 00 00 00 5D FF EC 00 00 12 34 03 32 C0 00 00 00 AA,4967,4967,93,4660,2026-07-30 22:53:17.950,818,-20,0,
FF FF FF FF 00 25 03 38 20 01 01 02 00 00 13 67 00 00 13 67 00 00 00 5D FF EC 00 00 12 34 03 33 C1 00 00 00 A5,4967,4967,93,4660,2026-07-30 22:53:18.053,819,-20,0,
FF FF FF FF 00 25 03 39 20 01 01 02 00 00 13 67 00 00 13 67 00 00 00 60 FF EB 00 00 12 34 03 34 C1 00 00 00 99,4967,4967,96,4660,2026-07-30 22:53:18.152,820,-21,0,
FF FF FF FF 00 25 03 3A 20 01 01 02 00 00 13 67 00 00 13 67 00 00 00 63 FF EB 00 00 12 34 03 35 BD 00 00 00 E4,4967,4967,99,4660,2026-07-30 22:53:18.250,821,-21,0,
FF FF FF FF 00 25 03 3B 20 01 01 02 00 00 13 67 00 00 13 67 00 00 00 62 FF EC 00 00 12 34 03 36 C1 00 00 00 9C,4967,4967,98,4660,2026-07-30 22:53:18.349,822,-20,0,
FF FF FF FF 00 25 03 3C 20 01 01 02 00 00 13 67 00 00 13 67 00 00 00 60 FF EC 00 00 12 34 03 37 C1 00 00 00 98,4967,4967,96,4660,2026-07-30 22:53:18.455,823,-20,0,
FF FF FF FF 00 25 03 3D 20 01 01 02 00 00 13 67 00 00 13 67 00 00 00 5D FF EC 00 00 12 34 03 38 C1 00 00 00 AB,4967,4967,93,4660,2026-07-30 22:53:18.552,824,-20,0,
FF FF FF FF 00 25 03 3E 20 01 01 02 00 00 13 67 00 00 13 67 00 00 00 5C FF ED 00 00 12 34 03 39 C1 00 00 00 A9,4967,4967,92,4660,2026-07-30 22:53:18.651,825,-19,0,
FF FF FF FF 00 25 03 3F 20 01 01 02 00 00 13 67 00 00 13 67 00 00 00 5D FF EE 00 00 12 34 03 3A C1 00 00 00 A9,4967,4967,93,4660,2026-07-30 22:53:18.750,826,-18,0,
FF FF FF FF 00 25 03 40 20 01 01 02 00 00 13 67 00 00 13 67 00 00 00 5D FF EE 00 00 12 34 03 3B C1 00 00 00 D7,4967,4967,93,4660,2026-07-30 22:53:18.848,827,-18,0,
FF FF FF FF 00 25 03 41 20 01 01 02 00 00 13 67 00 00 13 67 00 00 00 60 FF EE 00 01 12 34 03 3C BD 00 00 00 91,4967,4967,96,4660,2026-07-30 22:53:18.949,828,-18,1,
FF FF FF FF 00 25 03 42 20 01 01 02 00 00 13 67 00 00 13 67 00 00 00 61 FF EC 00 01 12 34 03 3D C1 00 00 00 EC,4967,4967,97,4660,2026-07-30 22:53:19.057,829,-20,1,
FF FF FF FF 00 25 03 43 20 01 01 02 00 00 13 67 00 00 13 67 00 00 00 61 FF EC 00 00 12 34 03 3E C1 00 00 00 EF,4967,4967,97,4660,2026-07-30 22:53:19.147,830,-20,0,
FF FF FF FF 00 25 03 44 20 01 01 02 00 00 13 67 00 00 13 67 00 00 00 62 FF EC 00 01 12 34 03 3F C1 00 00 00 EB,4967,4967,98,4660,2026-07-30 22:53:19.247,831,-20,1,
FF FF FF FF 00 25 03 45 20 01 01 02 00 00 13 67 00 00 13 67 00 00 00 61 FF EC 00 01 12 34 03 40 C1 00 00 00 96,4967,4967,97,4660,2026-07-30 22:53:19.359,832,-20,1,
FF FF FF FF 00 25 03 46 20 01 01 02 00 00 13 67 00 00 13 67 00 00 00 63 FF EC 00 01 12 34 03 41 C2 00 00 00 95,4967,4967,99,4660,2026-07-30 22:53:19.458,833,-20,1,
FF FF FF FF 00 25 03 47 20 01 01 02 00 00 13 67 00 00 13 67 00 00 00 62 FF EC 00 00 12 34 03 42 BE 00 00 00 EB,4967,4967,98,4660,2026-07-30 22:53:19.556,834,-20,0,
FF FF FF FF 00 25 03 48 20 01 01 02 00 00 13 67 00 00 13 67 00 00 00 64 FF EB 00 01 12 34 03 43 C1 00 00 00 9A,4967,4967,100,4660,2026-07-30 22:53:19.656,835,-21,1,
FF FF FF FF 00 25 03 49 20 01 01 02 00 00 13 67 00 00 13 67 00 00 00 66 FF EB 00 01 12 34 03 44 C2 00 00 00 9D,4967,4967,102,4660,2026-07-30 22:53:19.755,836,-21,1,
FF FF FF FF 00 25 03 4A 20 01 01 02 00 00 13 67 00 00 13 67 00 00 00 67 FF EC 00 02 12 34 03 45 C1 00 00 00 99,4967,4967,103,4660,2026-07-30 22:53:19.854,837,-20,2,
FF FF FF FF 00 25 03 4B 20 01 01 02 00 00 13 67 00 00 13 67 00 00 00 65 FF EC 00 02 12 34 03 46 C2 00 00 00 9A,4967,4967,101,4660,2026-07-30 22:53:19.953,838,-20,2,
FF FF FF FF 00 25 03 4C 20 01 01 02 00 00 13 67 00 00 13 67 00 00 00 62 FF ED 00 02 12 34 03 47 C0 00 00 00 98,4967,4967,98,4660,2026-07-30 22:53:20.047,839,-19,2,
FF FF FF FF 00 25 03 4D 20 01 01 02 00 00 13 67 00 00 13 67 00 00 00 60 FF EE 00 03 12 34 03 48 C0 00 00 00 96,4967,4967,96,4660,2026-07-30 22:53:20.147,840,-18,3,
FF FF FF FF 00 25 03 4E 20 01 01 02 00 00 13 67 00 00 13 67 00 00 00 5E FF EE 00 02 12 34 03 49 C0 00 00 00 AB,4967,4967,94,4660,2026-07-30 22:53:20.247,841,-18,2,
FF FF FF FF 00 25 03 4F 20 01 01 02 00 00 13 67 00 00 13 67 00 00 00 5C FF ED 00 01 12 34 03 4A BF 00 00 00 D4,4967,4967,92,4660,2026-07-30 22:53:20.347,842,-19,1,
FF FF FF FF 00 25 03 50 20 01 01 02 00 00 13 67 00 00 13 67 00 00 00 5C FF EE 00 02 12 34 03 4B C0 00 00 00 B5,4967,4967,92,4660,2026-07-30 22:53:20.458,843,-18,2,
FF FF FF FF 00 25 03 51 20 01 01 02 00 00 13 67 00 00 13 67 00 00 00 5A FF EE 00 02 12 34 03 4C C0 00 00 00 B5,4967,4967,90,4660,2026-07-30 22:53:20.554,844,-18,2,
FF FF FF FF 00 25 03 52 20 01 01 02 00 00 13 67 00 00 13 67 00 00 00 5B FF EE 00 01 12 34 03 4D C0 00 00 00 B5,4967,4967,91,4660,2026-07-30 22:53:20.651,845,-18,1,
FF FF FF FF 00 25 03 53 20 01 01 02 00 00 13 67 00 00 13 67 00 00 00 5B FF EE 00 01 12 34 03 4E C0 00 00 00 B7,4967,4967,91,4660,2026-07-30 22:53:20.751,846,-18,1,
FF FF FF FF 00 25 03 54 20 01 01 02 00 00 13 67 00 00 13 67 00 00 00 5D FF EE 00 00 12 34 03 4F C1 00 00 00 B7,4967,4967,93,4660,2026-07-30 22:53:20.849,847,-18,0,
FF FF FF FF 00 25 03 55 20 01 01 02 00 00 13 67 00 00 13 67 00 00 00 5D FF EF 00 01 12 34 03 50 BE 00 00 00 D6,4967,4967,93,4660,2026-07-30 22:53:20.948,848,-17,1,
FF FF FF FF 00 25 03 56 20 01 01 02 00 00 13 67 00 00 13 67 00 00 00 5C FF EF 00 02 12 34 03 51 C0 00 00 00 A8,4967,4967,92,4660,2026-07-30 22:53:21.056,849,-17,2,
FF FF FF FF 00 25 03 57 20 01 01 02 00 00 13 67 00 00 13 67 00 00 00 5E FF EE 00 01 12 34 03 52 C1 00 00 00 AB,4967,4967,94,4660,2026-07-30 22:53:21.154,850,-18,1,
FF FF FF FF 00 25 03 58 20 01 01 02 00 00 13 67 00 00 13 67 00 00 00 5B FF EE 00 01 12 34 03 53 C0 00 00 00 A1,4967,4967,91,4660,2026-07-30 22:53:21.255,851,-18,1,
FF FF FF FF 00 25 03 59 20 01 01 02 00 00 13 67 00 00 13 67 00 00 00 5B FF EE 00 02 12 34 03 54 C0 00 00 00 A4,4967,4967,91,4660,2026-07-30 22:53:21.352,852,-18,2,
FF FF FF FF 00 25 03 5A 20 01 01 02 00 00 13 67 00 00 13 67 00 00 00 5C FF EF 00 01 12 34 03 55 C0 00 00 00 A3,4967,4967,92,4660,2026-07-30 22:53:21.451,853,-17,1,
FF FF FF FF 00 25 03 5B 20 01 01 02 00 00 13 67 00 00 13 67 00 00 00 5C FF EF 00 01 12 34 03 56 BF 00 00 00 DE,4967,4967,92,4660,2026-07-30 22:53:21.548,854,-17,1,
FF FF FF FF 00 25 03 5C 20 01 01 02 00 00 13 67 00 00 13 67 00 00 00 5B FF EE 00 01 12 34 03 57 C0 00 00 00 A1,4967,4967,91,4660,2026-07-30 22:53:21.647,855,-18,1,
FF FF FF FF 00 25 03 5D 20 01 01 02 00 00 13 67 00 00 13 67 00 00 00 5B FF EE 00 01 12 34 03 58 BE 00 00 00 D1,4967,4967,91,4660,2026-07-30 22:53:21.757,856,-18,1,
FF FF FF FF 00 25 03 5E 20 01 01 02 00 00 13 67 00 00 13 67 00 00 00 5C FF EE 00 01 12 34 03 59 BF 00 00 00 D5,4967,4967,92,4660,2026-07-30 22:53:21.857,857,-18,1,
FF FF FF FF 00 25 03 5F 20 01 01 02 00 00 13 67 00 00 13 67 00 00 00 5C FF EE 00 00 12 34 03 5A C1 00 00 00 A8,4967,4967,92,4660,2026-07-30 22:53:21.955,858,-18,0,
FF FF FF FF 00 25 03 60 20 01 01 02 00 00 13 67 00 00 13 67 00 00 00 5D FF ED 00 00 12 34 03 5B C0 00 00 00 95,4967,4967,93,4660,2026-07-30 22:53:22.054,859,-19,0,
FF FF FF FF 00 25 03 61 20 01 01 02 00 00 13 67 00 00 13 67 00 00 00 5B FF ED 00 00 12 34 03 5C C0 00 00 00 95,4967,4967,91,4660,2026-07-30 22:53:22.154,860,-19,0,
FF FF FF FF 00 25 03 62 20 01 01 02 00 00 13 67 00 00 13 67 00 00 00 5A FF ED 00 00 12 34 03 5D C0 00 00 00 96,4967,4967,90,4660,2026-07-30 22:53:22.253,861,-19,0,
FF FF FF FF 00 25 03 63 20 01 01 02 00 00 13 67 00 00 13 67 00 00 00 58 FF EA 00 00 12 34 03 5E C0 00 00 00 91,4967,4967,88,4660,2026-07-30 22:53:22.352,862,-22,0,
FF FF FF FF 00 25 03 64 20 01 01 02 00 00 13 67 00 00 13 67 00 00 00 5C FF EA 00 00 12 34 03 5F C0 00 00 00 93,4967,4967,92,4660,2026-07-30 22:53:22.450,863,-22,0,
FF FF FF FF 00 25 03 65 20 01 01 02 00 00 13 67 00 00 13 67 00 00 00 5B FF EB FF FF 12 34 03 60 C0 00 00 00 AB,4967,4967,91,4660,2026-07-30 22:53:22.547,864,-21,-1,
FF FF FF FF 00 25 03 66 20 01 01 02 00 00 13 67 00 00 13 67 00 00 00 59 FF EB FF FF 12 34 03 61 C0 00 00 00 AB,4967,4967,89,4660,2026-07-30 22:53:22.659,865,-21,-1,
FF FF FF FF 00 25 03 67 20 01 01 02 00 00 13 67 00 00 13 67 00 00 00 59 FF EB 00 00 12 34 03 62 C0 00 00 00 A9,4967,4967,89,4660,2026-07-30 22:53:22.758,866,-21,0,
FF FF FF FF 00 25 03 68 20 01 01 02 00 00 13 67 00 00 13 67 00 00 00 58 FF EB 00 00 12 34 03 63 C0 00 00 00 A6,4967,4967,88,4660,2026-07-30 22:53:22.844,867,-21,0,
FF FF FF FF 00 25 03 69 20 01 01 02 00 00 13 67 00 00 13 67 00 00 00 59 FF EB 00 00 12 34 03 64 C1 00 00 00 A0,4967,4967,89,4660,2026-07-30 22:53:22.943,868,-21,0,
FF FF FF FF 00 25 03 6A 20 01 01 02 00 00 13 67 00 00 13 67 00 00 00 59 FF EB 00 00 12 34 03 65 C0 00 00 00 A3,4967,4967,89,4660,2026-07-30 22:53:23.054,869,-21,0,
FF FF FF FF 00 25 03 6B 20 01 01 02 00 00 13 67 00 00 13 67 00 00 00 58 FF EB 00 00 12 34 03 66 C0 00 00 00 A0,4967,4967,88,4660,2026-07-30 22:53:23.152,870,-21,0,
FF FF FF FF 00 25 03 6C 20 01 01 02 00 00 13 67 00 00 13 67 00 00 00 59 FF EB 00 00 12 34 03 67 C0 00 00 00 A7,4967,4967,89,4660,2026-07-30 22:53:23.251,871,-21,0,
FF FF FF FF 00 25 03 6D 20 01 01 02 00 00 13 67 00 00 13 67 00 00 00 5B FF EC 00 00 12 34 03 68 C1 00 00 00 AD,4967,4967,91,4660,2026-07-30 22:53:23.350,872,-20,0,
FF FF FF FF 00 25 03 6E 20 01 01 02 00 00 13 67 00 00 13 67 00 00 00 5C FF ED 00 00 12 34 03 69 C1 00 00 00 A9,4967,4967,92,4660,2026-07-30 22:53:23.450,873,-19,0,
FF FF FF FF 00 25 03 6F 20 01 01 02 00 00 13 67 00 00 13 67 00 00 00 5B FF ED 00 00 12 34 03 6A BF 00 00 00 D2,4967,4967,91,4660,2026-07-30 22:53:23.562,874,-19,0,
FF FF FF FF 00 25 03 70 20 01 01 02 00 00 13 67 00 00 13 67 00 00 00 5C FF ED 00 00 12 34 03 6B C0 00 00 00 B4,4967,4967,92,4660,2026-07-30 22:53:23.649,875,-19,0,
FF FF FF FF 00 25 03 71 20 01 01 02 00 00 13 67 00 00 13 67 00 00 00 5C FF EE 00 00 12 34 03 6C C1 00 00 00 B0,4967,4967,92,4660,2026-07-30 22:53:23.749,876,-18,0,
FF FF FF FF 00 25 03 72 20 01 01 02 00 00 13 67 00 00 13 67 00 00 00 5D FF EF 00 00 12 34 03 6D C1 00 00 00 B2,4967,4967,93,4660,2026-07-30 22:53:23.849,877,-17,0,
FF FF FF FF 00 25 03 73 20 01 01 02 00 00 13 67 00 00 13 67 00 00 00 5E FF EF 00 00 12 34 03 6E C1 00 00 00 B3,4967,4967,94,4660,2026-07-30 22:53:23.948,878,-17,0,
FF FF FF FF 00 25 03 74 20 01 01 02 00 00 13 67 00 00 13 67 00 00 00 5E FF EF 00 00 12 34 03 6F C0 00 00 00 B4,4967,4967,94,4660,2026-07-30 22:53:24.057,879,-17,0,
FF FF FF FF 00 25 03 75 20 01 01 02 00 00 13 67 00 00 13 67 00 00 00 5E FF EF 00 00 12 34 03 70 BE 00 00 00 D4,4967,4967,94,4660,2026-07-30 22:53:24.155,880,-17,0,
FF FF FF FF 00 25 03 76 20 01 01 02 00 00 13 67 00 00 13 67 00 00 00 5D FF EF 00 00 12 34 03 71 BD 00 00 00 D6,4967,4967,93,4660,2026-07-30 22:53:24.256,881,-17,0,
FF FF FF FF 00 25 03 77 20 01 01 02 00 00 13 67 00 00 13 67 00 00 00 5B FF EE 00 00 12 34 03 72 C0 00 00 00 AE,4967,4967,91,4660,2026-07-30 22:53:24.344,882,-18,0,
FF FF FF FF 00 25 03 78 20 01 01 02 00 00 13 67 00 00 13 67 00 00 00 5D FF EF 00 01 12 34 03 73 BF 00 00 00 D9,4967,4967,93,4660,2026-07-30 22:53:24.445,883,-17,1,
FF FF FF FF 00 25 03 79 20 01 01 02 00 00 13 67 00 00 13 67 00 00 00 60 FF EF 00 01 12 34 03 74 C1 00 00 00 9C,4967,4967,96,4660,2026-07-30 22:53:24.549,884,-17,1,
FF FF FF FF 00 25 03 7A 20 01 01 02 00 00 13 67 00 00 13 67 00 00 00 64 FF F0 00 00 12 34 03 75 C2 00 00 00 87,4967,4967,100,4660,2026-07-30 22:53:24.655,885,-16,0,
FF FF FF FF 00 25 03 7B 20 01 01 02 00 00 13 67 00 00 13 67 00 00 00 61 FF F1 00 00 12 34 03 76 C1 00 00 00 82,4967,4967,97,4660,2026-07-30 22:53:24.755,886,-15,0,
FF FF FF FF 00 25 03 7C 20 01 01 02 00 00 13 67 00 00 13 67 00 00 00 67 FF F0 00 00 12 34 03 77 C3 00 00 00 81,4967,4967,103,4660,2026-07-30 22:53:24.855,887,-16,0,
FF FF FF FF 00 25 03 7D 20 01 01 02 00 00 13 67 00 00 13 67 00 00 00 66 FF F0 00 00 12 34 03 78 C1 00 00 00 8C,4967,4967,102,4660,2026-07-30 22:53:24.954,888,-16,0,
FF FF FF FF 00 25 03 7E 20 01 01 02 00 00 13 67 00 00 13 67 00 00 00 63 FF F1 00 00 12 34 03 79 C1 00 00 00 8A,4967,4967,99,4660,2026-07-30 22:53:25.058,889,-15,0,
FF FF FF FF 00 25 03 7F 20 01 01 02 00 00 13 67 00 00 13 67 00 00 00 67 FF F2 00 00 12 34 03 7A C4 00 00 00 8A,4967,4967,103,4660,2026-07-30 22:53:25.149,890,-14,0,
FF FF FF FF 00 25 03 80 20 01 01 02 00 00 13 67 00 00 13 67 00 00 00 67 FF F2 00 00 12 34 03 7B C2 00 00 00 72,4967,4967,103,4660,2026-07-30 22:53:25.247,891,-14,0,
FF FF FF FF 00 25 03 81 20 01 01 02 00 00 13 67 00 00 13 67 00 00 00 64 FF F0 FF FE 12 34 03 7C C0 00 00 00 76,4967,4967,100,4660,2026-07-30 22:53:25.347,892,-16,-2,
FF FF FF FF 00 25 03 82 20 01 01 02 00 00 13 67 00 00 13 67 00 00 00 6B FF F2 FF FE 12 34 03 7D C4 00 00 00 7D,4967,4967,107,4660,2026-07-30 22:53:25.459,893,-14,-2,
FF FF FF FF 00 25 03 83 20 01 01 02 00 00 13 67 00 00 13 67 00 00 00 6F FF F1 FF FD 12 34 03 7E C6 00 00 00 79,4967,4967,111,4660,2026-07-30 22:53:25.563,894,-15,-3,
FF FF FF FF 00 25 03 84 20 01 01 02 00 00 13 67 00 00 13 67 00 00 00 72 FF F6 FF F7 12 34 03 7F C4 00 00 00 6D,4967,4967,114,4660,2026-07-30 22:53:25.652,895,-10,-9,
FF FF FF FF 00 25 03 85 20 01 01 02 00 00 13 67 00 00 13 67 00 00 00 67 FF F4 FF F9 12 34 03 80 BE 00 00 00 F0,4967,4967,103,4660,2026-07-30 22:53:25.751,896,-12,-7,
FF FF FF FF 00 25 03 86 20 01 01 02 00 00 13 67 00 00 13 67 00 00 00 6C FF F5 FF FA 12 34 03 81 C3 00 00 00 86,4967,4967,108,4660,2026-07-30 22:53:25.851,897,-11,-6,
FF FF FF FF 00 25 03 87 20 01 01 02 00 00 13 67 00 00 13 67 00 00 00 66 FF F1 FF FC 12 34 03 82 C2 00 00 00 8D,4967,4967,102,4660,2026-07-30 22:53:25.950,898,-15,-4,
FF FF FF FF 00 25 03 88 20 01 01 02 00 00 13 67 00 00 13 67 00 00 00 6B FF F2 FF FD 12 34 03 83 C3 00 00 00 8D,4967,4967,107,4660,2026-07-30 22:53:26.051,899,-14,-3,
FF FF FF FF 00 25 03 89 20 01 01 02 00 00 13 67 00 00 13 67 00 00 00 68 FF F3 FF FD 12 34 03 84 C0 00 00 00 8A,4967,4967,104,4660,2026-07-30 22:53:26.153,900,-13,-3,
FF FF FF FF 00 25 03 8A 20 01 01 02 00 00 13 67 00 00 13 67 00 00 00 68 FF F2 FF FD 12 34 03 85 BF 00 00 00 F6,4967,4967,104,4660,2026-07-30 22:53:26.252,901,-14,-3,
FF FF FF FF 00 25 03 8B 20 01 01 02 00 00 13 67 00 00 13 67 00 00 00 66 FF F1 FF FE 12 34 03 86 C2 00 00 00 87,4967,4967,102,4660,2026-07-30 22:53:26.352,902,-15,-2,
FF FF FF FF 00 25 03 8C 20 01 01 02 00 00 13 67 00 00 13 67 00 00 00 62 FF EF FF FD 12 34 03 87 C0 00 00 00 9A,4967,4967,98,4660,2026-07-30 22:53:26.452,903,-17,-3,
FF FF FF FF 00 25 03 8D 20 01 01 02 00 00 13 67 00 00 13 67 00 00 00 64 FF F1 FF FE 12 34 03 88 C3 00 00 00 8C,4967,4967,100,4660,2026-07-30 22:53:26.555,904,-15,-2,
FF FF FF FF 00 25 03 8E 20 01 01 02 00 00 13 67 00 00 13 67 00 00 00 64 FF F2 FF FF 12 34 03 89 C1 00 00 00 8E,4967,4967,100,4660,2026-07-30 22:53:26.652,905,-14,-1,
FF FF FF FF 00 25 03 8F 20 01 01 02 00 00 13 67 00 00 13 67 00 00 00 67 FF F1 FF FE 12 34 03 8A C1 00 00 00 8D,4967,4967,103,4660,2026-07-30 22:53:26.750,906,-15,-2,
FF FF FF FF 00 25 03 90 20 01 01 02 00 00 13 67 00 00 13 67 00 00 00 66 FF F1 FF FE 12 34 03 8B C0 00 00 00 93,4967,4967,102,4660,2026-07-30 22:53:26.851,907,-15,-2,
FF FF FF FF 00 25 03 91 20 01 01 02 00 00 13 67 00 00 13 67 00 00 00 68 FF F0 FF FD 12 34 03 8C C1 00 00 00 98,4967,4967,104,4660,2026-07-30 22:53:26.950,908,-16,-3,
FF FF FF FF 00 25 03 92 20 01 01 02 00 00 13 67 00 00 13 67 00 00 00 68 FF F0 FF FE 12 34 03 8D C2 00 00 00 9A,4967,4967,104,4660,2026-07-30 22:53:27.049,909,-16,-2,
FF FF FF FF 00 25 03 93 20 01 01 02 00 00 13 67 00 00 13 67 00 00 00 66 FF F0 FF FD 12 34 03 8E C1 00 00 00 96,4967,4967,102,4660,2026-07-30 22:53:27.144,910,-16,-3,
FF FF FF FF 00 25 03 94 20 01 01 02 00 00 13 67 00 00 13 67 00 00 00 67 FF EF FF FD 12 34 03 8F C1 00 00 00 8E,4967,4967,103,4660,2026-07-30 22:53:27.245,911,-17,-3,
FF FF FF FF 00 25 03 95 20 01 01 02 00 00 13 67 00 00 13 67 00 00 00 65 FF EE FF FD 12 34 03 90 C1 00 00 00 93,4967,4967,101,4660,2026-07-30 22:53:27.345,912,-18,-3,
FF FF FF FF 00 25 03 96 20 01 01 02 00 00 13 67 00 00 13 67 00 00 00 65 FF F0 FF FE 12 34 03 91 C1 00 00 00 8C,4967,4967,101,4660,2026-07-30 22:53:27.457,913,-16,-2,
FF FF FF FF 00 25 03 97 20 01 01 02 00 00 13 67 00 00 13 67 00 00 00 66 FF F2 FF FF 12 34 03 92 BF 00 00 00 F0,4967,4967,102,4660,2026-07-30 22:53:27.544,914,-14,-1,
FF FF FF FF 00 25 03 98 20 01 01 02 00 00 13 67 00 00 13 67 00 00 00 66 FF F2 FF FE 12 34 03 93 C1 00 00 00 81,4967,4967,102,4660,2026-07-30 22:53:27.655,915,-14,-2,
FF FF FF FF 00 25 03 99 20 01 01 02 00 00 13 67 00 00 13 67 00 00 00 68 FF F2 FF FE 12 34 03 94 C0 00 00 00 88,4967,4967,104,4660,2026-07-30 22:53:27.753,916,-14,-2,
FF FF FF FF 00 25 03 9A 20 01 01 02 00 00 13 67 00 00 13 67 00 00 00 6A FF F2 FF FE 12 34 03 95 C1 00 00 00 89,4967,4967,106,4660,2026-07-30 22:53:27.852,917,-14,-2,
FF FF FF FF 00 25 03 9B 20 01 01 02 00 00 13 67 00 00 13 67 00 00 00 69 FF F3 FF FE 12 34 03 96 C1 00 00 00 89,4967,4967,105,4660,2026-07-30 22:53:27.950,918,-13,-2,
FF FF FF FF 00 25 03 9C 20 01 01 02 00 00 13 67 00 00 13 67 00 00 00 6B FF F4 FF FF 12 34 03 97 C2 00 00 00 88,4967,4967,107,4660,2026-07-30 22:53:28.048,919,-12,-1,
FF FF FF FF 00 25 03 9D 20 01 01 02 00 00 13 67 00 00 13 67 00 00 00 6B FF F4 FF FF 12 34 03 98 C1 00 00 00 85,4967,4967,107,4660,2026-07-30 22:53:28.144,920,-12,-1,
FF FF FF FF 00 25 03 9E 20 01 01 02 00 00 13 67 00 00 13 67 00 00 00 6C FF F5 FF FF 12 34 03 99 C0 00 00 00 80,4967,4967,108,4660,2026-07-30 22:53:28.255,921,-11,-1,
FF FF FF FF 00 25 03 9F 20 01 01 02 00 00 13 67 00 00 13 67 00 00 00 6D FF F7 00 00 12 34 03 9A C0 00 00 00 81,4967,4967,109,4660,2026-07-30 22:53:28.354,922,-9,0,
FF FF FF FF 00 25 03 A0 20 01 01 02 00 00 13 67 00 00 13 67 00 00 00 6E FF F7 00 01 12 34 03 9B C0 00 00 00 BD,4967,4967,110,4660,2026-07-30 22:53:28.454,923,-9,1,
FF FF FF FF 00 25 03 A1 20 01 01 02 00 00 13 67 00 00 13 67 00 00 00 6E FF F7 00 00 12 34 03 9C C3 00 00 00 B9,4967,4967,110,4660,2026-07-30 22:53:28.553,924,-9,0,
FF FF FF FF 00 25 03 A2 20 01 01 02 00 00 13 67 00 00 13 67 00 00 00 70 FF F6 00 00 12 34 03 9D C3 00 00 00 A4,4967,4967,112,4660,2026-07-30 22:53:28.648,925,-10,0,
FF FF FF FF 00 25 03 A3 20 01 01 02 00 00 13 67 00 00 13 67 00 00 00 72 FF F7 00 00 12 34 03 9E C3 00 00 00 A5,4967,4967,114,4660,2026-07-30 22:53:28.748,926,-9,0,
FF FF FF FF 00 25 03 A4 20 01 01 02 00 00 13 67 00 00 13 67 00 00 00 72 FF F7 00 00 12 34 03 9F C3 00 00 00 A3,4967,4967,114,4660,2026-07-30 22:53:28.847,927,-9,0,
FF FF FF FF 00 25 03 A5 20 01 01 02 00 00 13 67 00 00 13 67 00 00 00 70 FF F6 00 00 12 34 03 A0 C3 00 00 00 9E,4967,4967,112,4660,2026-07-30 22:53:28.946,928,-10,0,
FF FF FF FF 00 25 03 A6 20 01 01 02 00 00 13 67 00 00 13 67 00 00 00 70 FF F6 00 00 12 34 03 A1 C3 00 00 00 9C,4967,4967,112,4660,2026-07-30 22:53:29.059,929,-10,0,
FF FF FF FF 00 25 03 A7 20 01 01 02 00 00 13 67 00 00 13 67 00 00 00 72 FF F5 00 00 12 34 03 A2 BF 00 00 00 E3,4967,4967,114,4660,2026-07-30 22:53:29.148,930,-11,0,
FF FF FF FF 00 25 03 A8 20 01 01 02 00 00 13 67 00 00 13 67 00 00 00 71 FF F4 00 00 12 34 03 A3 C2 00 00 00 92,4967,4967,113,4660,2026-07-30 22:53:29.248,931,-12,0,
FF FF FF FF 00 25 03 A9 20 01 01 02 00 00 13 67 00 00 13 67 00 00 00 6F FF F4 00 00 12 34 03 A4 C1 00 00 00 89,4967,4967,111,4660,2026-07-30 22:53:29.348,932,-12,0,
FF FF FF FF 00 25 03 AA 20 01 01 02 00 00 13 67 00 00 13 67 00 00 00 6A FF F2 00 00 12 34 03 A5 C0 00 00 00 89,4967,4967,106,4660,2026-07-30 22:53:29.446,933,-14,0,
FF FF FF FF 00 25 03 AB 20 01 01 02 00 00 13 67 00 00 13 67 00 00 00 6A FF F4 FF FF 12 34 03 A6 C3 00 00 00 8E,4967,4967,106,4660,2026-07-30 22:53:29.558,934,-12,-1,
FF FF FF FF 00 25 03 AC 20 01 01 02 00 00 13 67 00 00 13 67 00 00 00 6A FF F4 FF FE 12 34 03 A7 C3 00 00 00 89,4967,4967,106,4660,2026-07-30 22:53:29.653,935,-12,-2,
FF FF FF FF 00 25 03 AD 20 01 01 02 00 00 13 67 00 00 13 67 00 00 00 6A FF F5 FF FE 12 34 03 A8 C2 00 00 00 87,4967,4967,106,4660,2026-07-30 22:53:29.753,936,-11,-2,
FF FF FF FF 00 25 03 AE 20 01 01 02 00 00 13 67 00 00 13 67 00 00 00 69 FF F5 FF FD 12 34 03 A9 C2 00 00 00 85,4967,4967,105,4660,2026-07-30 22:53:29.853,937,-11,-3,
FF FF FF FF 00 25 03 AF 20 01 01 02 00 00 13 67 00 00 13 67 00 00 00 68 FF F4 FF FD 12 34 03 AA C2 00 00 00 87,4967,4967,104,4660,2026-07-30 22:53:29.952,938,-12,-3,
FF FF FF FF 00 25 03 B0 20 01 01 02 00 00 13 67 00 00 13 67 00 00 00 6E FF F4 FF FC 12 34 03 AB C4 00 00 00 98,4967,4967,110,4660,2026-07-30 22:53:30.052,939,-12,-4,
FF FF FF FF 00 25 03 B1 20 01 01 02 00 00 13 67 00 00 13 67 00 00 00 6D FF F3 FF FE 12 34 03 AC C3 00 00 00 9F,4967,4967,109,4660,2026-07-30 22:53:30.146,940,-13,-2,
FF FF FF FF 00 25 03 B2 20 01 01 02 00 00 13 67 00 00 13 67 00 00 00 6B FF F1 FF FF 12 34 03 AD C2 00 00 00 99,4967,4967,107,4660,2026-07-30 22:53:30.245,941,-15,-1,
FF FF FF FF 00 25 03 B3 20 01 01 02 00 00 13 67 00 00 13 67 00 00 00 67 FF F0 FF FE 12 34 03 AE C1 00 00 00 94,4967,4967,103,4660,2026-07-30 22:53:30.344,942,-16,-2,
FF FF FF FF 00 25 03 B4 20 01 01 02 00 00 13 67 00 00 13 67 00 00 00 66 FF F1 FF FD 12 34 03 AF C3 00 00 00 93,4967,4967,102,4660,2026-07-30 22:53:30.443,943,-15,-3,
FF FF FF FF 00 25 03 B5 20 01 01 02 00 00 13 67 00 00 13 67 00 00 00 66 FF F1 FF FB 12 34 03 B0 C3 00 00 00 8B,4967,4967,102,4660,2026-07-30 22:53:30.555,944,-15,-5,
FF FF FF FF 00 25 03 B6 20 01 01 02 00 00 13 67 00 00 13 67 00 00 00 66 FF F0 FF FA 12 34 03 B1 C1 00 00 00 8B,4967,4967,102,4660,2026-07-30 22:53:30.653,945,-16,-6,
FF FF FF FF 00 25 03 B7 20 01 01 02 00 00 13 67 00 00 13 67 00 00 00 65 FF EF FF F8 12 34 03 B2 C1 00 00 00 97,4967,4967,101,4660,2026-07-30 22:53:30.752,946,-17,-8,
FF FF FF FF 00 25 03 B8 20 01 01 02 00 00 13 67 00 00 13 67 00 00 00 5F FF ED FF F8 12 34 03 B3 BF 00 00 00 DF,4967,4967,95,4660,2026-07-30 22:53:30.853,947,-19,-8,
FF FF FF FF 00 25 03 B9 20 01 01 02 00 00 13 67 00 00 13 67 00 00 00 5E FF F9 FF FC 12 34 03 B4 C2 00 00 00 B5,4967,4967,94,4660,2026-07-30 22:53:30.951,948,-7,-4,
FF FF FF FF 00 25 03 BA 20 01 01 02 00 00 13 67 00 00 13 67 00 00 00 5C FF F8 FF FE 12 34 03 B5 C8 00 00 00 BC,4967,4967,92,4660,2026-07-30 22:53:31.051,949,-8,-2,
FF FF FF FF 00 25 03 BB 20 01 01 02 00 00 13 67 00 00 13 67 00 00 00 57 FF F9 00 01 12 34 03 B6 C8 00 00 00 B4,4967,4967,87,4660,2026-07-30 22:53:31.157,950,-7,1,
FF FF FF FF 00 25 03 BC 20 01 01 02 00 00 13 67 00 00 13 67 00 00 00 54 FF FD 00 03 12 34 03 B7 C9 00 00 00 B6,4967,4967,84,4660,2026-07-30 22:53:31.257,951,-3,3,
FF FF FF FF 00 25 03 BD 20 01 01 02 00 00 13 67 00 00 13 67 00 00 00 52 00 05 00 05 12 34 03 B8 C4 00 00 00 B2,4967,4967,82,4660,2026-07-30 22:53:31.357,952,5,5,
FF FF FF FF 00 25 03 BE 20 01 01 02 00 00 13 67 00 00 13 67 00 00 00 54 00 13 00 07 12 34 03 B9 C2 00 00 00 A4,4967,4967,84,4660,2026-07-30 22:53:31.444,953,19,7,
FF FF FF FF 00 25 03 BF 20 01 01 02 00 00 13 67 00 00 13 67 00 00 00 55 00 22 00 09 12 34 03 BA C0 00 00 00 9A,4967,4967,85,4660,2026-07-30 22:53:31.556,954,34,9,
FF FF FF FF 00 25 03 C0 20 01 01 02 00 00 13 67 00 00 13 67 00 00 00 55 00 31 00 09 12 34 03 BB C0 00 00 00 F7,4967,4967,85,4660,2026-07-30 22:53:31.657,955,49,9,
FF FF FF FF 00 25 03 C1 20 01 01 02 00 00 13 67 00 00 13 67 00 00 00 56 00 3C 00 09 12 34 03 BC C0 00 00 00 FF,4967,4967,86,4660,2026-07-30 22:53:31.756,956,60,9,
FF FF FF FF 00 25 03 C2 20 01 01 02 00 00 13 67 00 00 13 67 00 00 00 55 00 37 00 02 12 34 03 BD C4 00 00 00 FA,4967,4967,85,4660,2026-07-30 22:53:31.856,957,55,2,
FF FF FF FF 00 25 03 C3 20 01 01 02 00 00 13 67 00 00 13 67 00 00 00 46 00 35 00 01 12 34 03 BE C2 00 00 00 EC,4967,4967,70,4660,2026-07-30 22:53:31.955,958,53,1,
FF FF FF FF 00 25 03 C4 20 01 01 02 00 00 13 67 00 00 13 67 00 00 00 42 00 33 00 00 12 34 03 BF C0 00 00 00 EB,4967,4967,66,4660,2026-07-30 22:53:32.055,959,51,0,
FF FF FF FF 00 25 03 C5 20 01 01 02 00 00 13 67 00 00 13 67 00 00 00 4D 00 30 FF FB 12 34 03 C0 C2 00 00 00 9F,4967,4967,77,4660,2026-07-30 22:53:32.163,960,48,-5,
FF FF FF FF 00 25 03 C6 20 01 01 02 00 00 13 67 00 00 13 67 00 00 00 4A 00 30 FF FC 12 34 03 C1 C4 00 00 00 9B,4967,4967,74,4660,2026-07-30 22:53:32.247,961,48,-4,
FF FF FF FF 00 25 03 C7 20 01 01 02 00 00 13 67 00 00 13 67 00 00 00 45 00 30 00 00 12 34 03 C2 D3 00 00 00 82,4967,4967,69,4660,2026-07-30 22:53:32.346,962,48,0,
FF FF FF FF 00 25 03 C8 20 01 01 02 00 00 13 67 00 00 13 67 00 00 00 43 00 1D FF FB 12 34 03 C3 CE 00 00 00 BE,4967,4967,67,4660,2026-07-30 22:53:32.446,963,29,-5,
FF FF FF FF 00 25 03 C9 20 01 01 02 00 00 13 67 00 00 13 67 00 00 00 3F 00 1D FF FF 12 34 03 C4 CE 00 00 00 C0,4967,4967,63,4660,2026-07-30 22:53:32.544,964,29,-1,
FF FF FF FF 00 25 03 CA 20 01 01 02 00 00 13 67 00 00 13 67 00 00 00 3D 00 1E 00 01 12 34 03 C5 D2 00 00 00 DE,4967,4967,61,4660,2026-07-30 22:53:32.649,965,30,1,
FF FF FF FF 00 25 03 CB 20 01 01 02 00 00 13 67 00 00 13 67 00 00 00 39 00 14 FF F3 12 34 03 C6 C6 00 00 00 CB,4967,4967,57,4660,2026-07-30 22:53:32.753,966,20,-13,
FF FF FF FF 00 25 03 CC 20 01 01 02 00 00 13 67 00 00 13 67 00 00 00 37 00 0B FF EE 12 34 03 C7 CB 00 00 00 CC,4967,4967,55,4660,2026-07-30 22:53:32.852,967,11,-18,
FF FF FF FF 00 25 03 CD 20 01 01 02 00 00 13 67 00 00 13 67 00 00 00 3A 00 05 FF DB 12 34 03 C8 CC 00 00 00 F3,4967,4967,58,4660,2026-07-30 22:53:32.951,968,5,-37,
FF FF FF FF 00 25 03 CE 20 01 01 02 00 00 13 67 00 00 13 67 00 00 00 3B 00 03 FF D4 12 34 03 C9 CB 00 00 00 FE,4967,4967,59,4660,2026-07-30 22:53:33.051,969,3,-44,
FF FF FF FF 00 25 03 CF 20 01 01 02 00 00 13 67 00 00 13 67 00 00 00 3A 00 02 FF D1 12 34 03 CA C7 00 00 00 F5,4967,4967,58,4660,2026-07-30 22:53:33.155,970,2,-47,
FF FF FF FF 00 25 03 D0 20 01 01 02 00 00 13 67 00 00 13 67 00 00 00 3C FF EA FF E0 12 34 03 CB CB 00 00 00 C7,4967,4967,60,4660,2026-07-30 22:53:33.248,971,-22,-32,
FF FF FF FF 00 25 03 D1 20 01 01 02 00 00 13 67 00 00 13 67 00 00 00 3C FF E3 FF ED 12 34 03 CC CB 00 00 00 C5,4967,4967,60,4660,2026-07-30 22:53:33.359,972,-29,-19,
FF FF FF FF 00 25 03 D2 20 01 01 02 00 00 13 67 00 00 13 67 00 00 00 3D FF DF FF F8 12 34 03 CD CB 00 00 00 EF,4967,4967,61,4660,2026-07-30 22:53:33.446,973,-33,-8,
FF FF FF FF 00 25 03 D3 20 01 01 02 00 00 13 67 00 00 13 67 00 00 00 3F FF D9 00 00 12 34 03 CE C9 00 00 00 EC,4967,4967,63,4660,2026-07-30 22:53:33.559,974,-39,0,
FF FF FF FF 00 25 03 D4 20 01 01 02 00 00 13 67 00 00 13 67 00 00 00 45 FF EB FF FC 12 34 03 CF C2 00 00 00 AA,4967,4967,69,4660,2026-07-30 22:53:33.650,975,-21,-4,
FF FF FF FF 00 25 03 D5 20 01 01 02 00 00 13 67 00 00 13 67 00 00 00 48 FF EA 00 05 12 34 03 D0 C4 00 00 00 B8,4967,4967,72,4660,2026-07-30 22:53:33.756,976,-22,5,
FF FF FF FF 00 25 03 D6 20 01 01 02 00 00 13 67 00 00 13 67 00 00 00 4A FF E9 00 10 12 34 03 D1 C8 00 00 00 A2,4967,4967,74,4660,2026-07-30 22:53:33.854,977,-23,16,
FF FF FF FF 00 25 03 D7 20 01 01 02 00 00 13 67 00 00 13 67 00 00 00 4C FF EA 00 1F 12 34 03 D2 C5 00 00 00 A7,4967,4967,76,4660,2026-07-30 22:53:33.952,978,-22,31,
FF FF FF FF 00 25 03 D8 20 01 01 02 00 00 13 67 00 00 13 67 00 00 00 47 FF E8 00 1B 12 34 03 D3 C8 00 00 00 A9,4967,4967,71,4660,2026-07-30 22:53:34.052,979,-24,27,
FF FF FF FF 00 25 03 D9 20 01 01 02 00 00 13 67 00 00 13 67 00 00 00 42 FF ED 00 16 12 34 03 D4 C9 00 00 00 A3,4967,4967,66,4660,2026-07-30 22:53:34.156,980,-19,22,
FF FF FF FF 00 25 03 DA 20 01 01 02 00 00 13 67 00 00 13 67 00 00 00 37 FF EE 00 16 12 34 03 D5 C6 00 00 00 D8,4967,4967,55,4660,2026-07-30 22:53:34.251,981,-18,22,
FF FF FF FF 00 25 03 DB 20 01 01 02 00 00 13 67 00 00 13 67 00 00 00 37 FF F4 00 1A 12 34 03 D6 C6 00 00 00 CC,4967,4967,55,4660,2026-07-30 22:53:34.351,982,-12,26,
FF FF FF FF 00 25 03 DC 20 01 01 02 00 00 13 67 00 00 13 67 00 00 00 3B FF FA 00 22 12 34 03 D7 C4 00 00 00 F2,4967,4967,59,4660,2026-07-30 22:53:34.449,983,-6,34,
FF FF FF FF 00 25 03 DD 20 01 01 02 00 00 13 67 00 00 13 67 00 00 00 3C FF F5 00 16 12 34 03 D8 C6 00 00 00 C2,4967,4967,60,4660,2026-07-30 22:53:34.546,984,-11,22,
FF FF FF FF 00 25 03 DE 20 01 01 02 00 00 13 67 00 00 13 67 00 00 00 3E FF F6 00 17 12 34 03 D9 CD 00 00 00 CB,4967,4967,62,4660,2026-07-30 22:53:34.645,985,-10,23,
FF FF FF FF 00 25 03 DF 20 01 01 02 00 00 13 67 00 00 13 67 00 00 00 3E FF F5 00 18 12 34 03 DA CD 00 00 00 C5,4967,4967,62,4660,2026-07-30 22:53:34.745,986,-11,24,
FF FF FF FF 00 25 03 E0 20 01 01 02 00 00 13 67 00 00 13 67 00 00 00 3C FF F1 00 15 12 34 03 DB CD 00 00 00 F0,4967,4967,60,4660,2026-07-30 22:53:34.855,987,-15,21,
FF FF FF FF 00 25 03 E1 20 01 01 02 00 00 13 67 00 00 13 67 00 00 00 39 FF F1 00 0F 12 34 03 DC C7 00 00 00 E3,4967,4967,57,4660,2026-07-30 22:53:34.954,988,-15,15,
FF FF FF FF 00 25 03 E2 20 01 01 02 00 00 13 67 00 00 13 67 00 00 00 35 FF F0 00 06 12 34 03 DD C7 00 00 00 E5,4967,4967,53,4660,2026-07-30 22:53:35.054,989,-16,6,
FF FF FF FF 00 25 03 E3 20 01 01 02 00 00 13 67 00 00 13 67 00 00 00 33 FF EF 00 01 12 34 03 DE C9 00 00 00 F7,4967,4967,51,4660,2026-07-30 22:53:35.154,990,-17,1,
FF FF FF FF 00 25 03 E4 20 01 01 02 00 00 13 67 00 00 13 67 00 00 00 32 FF EE FF FE 12 34 03 DF C9 00 00 00 F1,4967,4967,50,4660,2026-07-30 22:53:35.250,991,-18,-2,
FF FF FF FF 00 25 03 E5 20 01 01 02 00 00 13 67 00 00 13 67 00 00 00 33 FF EE FF F7 12 34 03 E0 C7 00 00 00 C9,4967,4967,51,4660,2026-07-30 22:53:35.348,992,-18,-9,
FF FF FF FF 00 25 03 E6 20 01 01 02 00 00 13 67 00 00 13 67 00 00 00 33 FF ED FF F3 12 34 03 E1 C9 00 00 00 C2,4967,4967,51,4660,2026-07-30 22:53:35.448,993,-19,-13,
FF FF FF FF 00 25 03 E7 20 01 01 02 00 00 13 67 00 00 13 67 00 00 00 34 FF EA FF F3 12 34 03 E2 CD 00 00 00 C4,4967,4967,52,4660,2026-07-30 22:53:35.547,994,-22,-13,
FF FF FF FF 00 25 03 E8 20 01 01 02 00 00 13 67 00 00 13 67 00 00 00 35 FF E7 FF F5 12 34 03 E3 CE 00 00 00 C3,4967,4967,53,4660,2026-07-30 22:53:35.648,995,-25,-11,
FF FF FF FF 00 25 03 E9 20 01 01 02 00 00 13 67 00 00 13 67 00 00 00 35 FF E3 FF F7 12 34 03 E4 CD 00 00 00 C0,4967,4967,53,4660,2026-07-30 22:53:35.757,996,-29,-9,
FF FF FF FF 00 25 03 EA 20 01 01 02 00 00 13 67 00 00 13 67 00 00 00 36 FF DD FF FA 12 34 03 E5 C7 00 00 00 F8,4967,4967,54,4660,2026-07-30 22:53:35.844,997,-35,-6,
FF FF FF FF 00 25 03 EB 20 01 01 02 00 00 13 67 00 00 13 67 00 00 00 37 FF D9 FF FD 12 34 03 E6 CA 00 00 00 F5,4967,4967,55,4660,2026-07-30 22:53:35.956,998,-39,-3,
FF FF FF FF 00 25 03 EC 20 01 01 02 00 00 13 67 00 00 13 67 00 00 00 40 FF CB FF FF 12 34 03 E7 C2 00 00 00 9C,4967,4967,64,4660,2026-07-30 22:53:36.055,999,-53,-1,
FF FF FF FF 00 25 03 ED 20 01 01 02 00 00 13 67 00 00 13 67 00 00 00 3F FF D9 00 0E 12 34 03 E8 C6 00 00 00 F5,4967,4967,63,4660,2026-07-30 22:53:36.154,1000,-39,14,
FF FF FF FF 00 25 03 EE 20 01 01 02 00 00 13 67 00 00 13 67 00 00 00 45 FF E5 00 14 12 34 03 E9 C6 00 00 00 AB,4967,4967,69,4660,2026-07-30 22:53:36.248,1001,-27,20,
FF FF FF FF 00 25 03 EF 20 01 01 02 00 00 13 67 00 00 13 67 00 00 00 45 FF F0 00 19 12 34 03 EA C5 00 00 00 B2,4967,4967,69,4660,2026-07-30 22:53:36.360,1002,-16,25,
FF FF FF FF 00 25 03 F0 20 01 01 02 00 00 13 67 00 00 13 67 00 00 00 43 FF F5 00 2A 12 34 03 EB C4 00 00 00 9D,4967,4967,67,4660,2026-07-30 22:53:36.447,1003,-11,42,
FF FF FF FF 00 25 03 F1 20 01 01 02 00 00 13 67 00 00 13 67 00 00 00 3E 00 06 00 26 12 34 03 EC C2 00 00 00 E0,4967,4967,62,4660,2026-07-30 22:53:36.558,1004,6,38,
FF FF FF FF 00 25 03 F2 20 01 01 02 00 00 13 67 00 00 13 67 00 00 00 3C 00 14 00 25 12 34 03 ED C4 00 00 00 F7,4967,4967,60,4660,2026-07-30 22:53:36.657,1005,20,37,
FF FF FF FF 00 25 03 F3 20 01 01 02 00 00 13 67 00 00 13 67 00 00 00 3A 00 1A 00 24 12 34 03 EE C4 00 00 00 FC,4967,4967,58,4660,2026-07-30 22:53:36.754,1006,26,36,
FF FF FF FF 00 25 03 F4 20 01 01 02 00 00 13 67 00 00 13 67 00 00 00 3B 00 23 00 22 12 34 03 EF C3 00 00 00 C3,4967,4967,59,4660,2026-07-30 22:53:36.855,1007,35,34,
FF FF FF FF 00 25 03 F5 20 01 01 02 00 00 13 67 00 00 13 67 00 00 00 3C 00 32 00 24 12 34 03 F0 C3 00 00 00 CD,4967,4967,60,4660,2026-07-30 22:53:36.950,1008,50,36,
FF FF FF FF 00 25 03 F6 20 01 01 02 00 00 13 67 00 00 13 67 00 00 00 3B 00 3C 00 25 12 34 03 F1 BC 00 00 00 B8,4967,4967,59,4660,2026-07-30 22:53:37.051,1009,60,37,
FF FF FF FF 00 25 03 F7 20 01 01 02 00 00 13 67 00 00 13 67 00 00 00 40 00 44 00 26 12 34 03 F2 BF 00 00 00 B9,4967,4967,64,4660,2026-07-30 22:53:37.150,1010,68,38,
FF FF FF FF 00 25 03 F8 20 01 01 02 00 00 13 67 00 00 13 67 00 00 00 43 00 4A 00 2B 12 34 03 F3 C4 00 00 00 CC,4967,4967,67,4660,2026-07-30 22:53:37.248,1011,74,43,
FF FF FF FF 00 25 03 F9 20 01 01 02 00 00 13 67 00 00 13 67 00 00 00 46 00 4E 00 2F 12 34 03 F4 C4 00 00 00 CF,4967,4967,70,4660,2026-07-30 22:53:37.347,1012,78,47,
FF FF FF FF 00 25 03 FA 20 01 01 02 00 00 13 67 00 00 13 67 00 00 00 4A 00 51 00 34 12 34 03 F5 C6 00 00 00 C7,4967,4967,74,4660,2026-07-30 22:53:37.459,1013,81,52,
FF FF FF FF 00 25 03 FB 20 01 01 02 00 00 13 67 00 00 13 67 00 00 00 4B 00 53 00 34 12 34 03 F6 C4 00 00 00 C4,4967,4967,75,4660,2026-07-30 22:53:37.546,1014,83,52,
FF FF FF FF 00 25 03 FC 20 01 01 02 00 00 13 67 00 00 13 67 00 00 00 4C 00 55 00 34 12 34 03 F7 C4 00 00 00 C3,4967,4967,76,4660,2026-07-30 22:53:37.656,1015,85,52,
FF FF FF FF 00 25 03 FD 20 01 01 02 00 00 13 67 00 00 13 67 00 00 00 4E 00 56 00 31 12 34 03 F8 C3 00 00 00 CE,4967,4967,78,4660,2026-07-30 22:53:37.753,1016,86,49,
FF FF FF FF 00 25 03 FE 20 01 01 02 00 00 13 67 00 00 13 67 00 00 00 4E 00 57 00 31 12 34 03 F9 C3 00 00 00 CD,4967,4967,78,4660,2026-07-30 22:53:37.851,1017,87,49,
FF FF FF FF 00 25 03 FF 20 01 01 02 00 00 13 67 00 00 13 67 00 00 00 4F 00 46 00 2B 12 34 03 FA C3 00 00 00 C5,4967,4967,79,4660,2026-07-30 22:53:37.950,1018,70,43,
FF FF FF FF 00 25 04 00 20 01 01 02 00 00 13 67 00 00 13 67 00 00 00 4E 00 39 00 26 12 34 03 FB C2 00 00 00 4E,4967,4967,78,4660,2026-07-30 22:53:38.049,1019,57,38,
FF FF FF FF 00 25 04 01 20 01 01 02 00 00 13 67 00 00 13 67 00 00 00 50 00 1F 00 31 12 34 03 FC C8 00 00 00 6D,4967,4967,80,4660,2026-07-30 22:53:38.146,1020,31,49,
FF FF FF FF 00 25 04 02 20 01 01 02 00 00 13 67 00 00 13 67 00 00 00 52 00 0F 00 34 12 34 03 FD C7 00 00 00 77,4967,4967,82,4660,2026-07-30 22:53:38.251,1021,15,52,
FF FF FF FF 00 25 04 03 20 01 01 02 00 00 13 67 00 00 13 67 00 00 00 57 00 02 00 36 12 34 03 FE C4 00 00 00 7C,4967,4967,87,4660,2026-07-30 22:53:38.349,1022,2,54,
FF FF FF FF 00 25 04 04 20 01 01 02 00 00 13 67 00 00 13 67 00 00 00 5A FF FB 00 35 12 34 03 FF C4 00 00 00 72,4967,4967,90,4660,2026-07-30 22:53:38.450,1023,-5,53,
FF FF FF FF 00 25 04 05 20 01 01 02 00 00 13 67 00 00 13 67 00 00 00 46 FF E9 00 2E 12 34 04 00 C0 00 00 00 9A,4967,4967,70,4660,2026-07-30 22:53:38.549,1024,-23,46,
FF FF FF FF 00 25 04 06 20 01 01 02 00 00 13 67 00 00 13 67 00 00 00 46 FF D7 00 28 12 34 04 01 C2 00 00 00 A2,4967,4967,70,4660,2026-07-30 22:53:38.648,1025,-41,40,
FF FF FF FF 00 25 04 07 20 01 01 02 00 00 13 67 00 00 13 67 00 00 00 47 FF CA 00 27 12 34 04 02 C4 00 00 00 B5,4967,4967,71,4660,2026-07-30 22:53:38.746,1026,-54,39,
FF FF FF FF 00 25 04 08 20 01 01 02 00 00 13 67 00 00 13 67 00 00 00 43 FF C0 00 26 12 34 04 03 C5 00 00 00 B5,4967,4967,67,4660,2026-07-30 22:53:38.847,1027,-64,38,
FF FF FF FF 00 25 04 09 20 01 01 02 00 00 13 67 00 00 13 67 00 00 00 40 FF C0 00 28 12 34 04 04 C8 00 00 00 B3,4967,4967,64,4660,2026-07-30 22:53:38.946,1028,-64,40,
FF FF FF FF 00 25 04 0A 20 01 01 02 00 00 13 67 00 00 13 67 00 00 00 3F FF C5 00 2C 12 34 04 05 C8 00 00 00 CF,4967,4967,63,4660,2026-07-30 22:53:39.045,1029,-59,44,
FF FF FF FF 00 25 04 0B 20 01 01 02 00 00 13 67 00 00 13 67 00 00 00 40 FF C9 00 2F 12 34 04 06 CA 00 00 00 BF,4967,4967,64,4660,2026-07-30 22:53:39.145,1030,-55,47,
FF FF FF FF 00 25 04 0C 20 01 01 02 00 00 13 67 00 00 13 67 00 00 00 40 FF CB 00 32 12 34 04 07 CA 00 00 00 A6,4967,4967,64,4660,2026-07-30 22:53:39.258,1031,-53,50,
FF FF FF FF 00 25 04 0D 20 01 01 02 00 00 13 67 00 00 13 67 00 00 00 43 FF C5 00 2F 12 34 04 08 CD 00 00 00 BF,4967,4967,67,4660,2026-07-30 22:53:39.345,1032,-59,47,
FF FF FF FF 00 25 04 0E 20 01 01 02 00 00 13 67 00 00 13 67 00 00 00 43 FF BE 00 2B 12 34 04 09 CB 00 00 00 C4,4967,4967,67,4660,2026-07-30 22:53:39.456,1033,-66,43,
FF FF FF FF 00 25 04 0F 20 01 01 02 00 00 13 67 00 00 13 67 00 00 00 43 FF BA 00 27 12 34 04 0A C8 00 00 00 CD,4967,4967,67,4660,2026-07-30 22:53:39.555,1034,-70,39,
FF FF FF FF 00 25 04 10 20 01 01 02 00 00 13 67 00 00 13 67 00 00 00 41 FF BB 00 24 12 34 04 0B C6 00 00 00 DD,4967,4967,65,4660,2026-07-30 22:53:39.654,1035,-69,36,
FF FF FF FF 00 25 04 11 20 01 01 02 00 00 13 67 00 00 13 67 00 00 00 40 FF BD 00 22 12 34 04 0C C6 00 00 00 DA,4967,4967,64,4660,2026-07-30 22:53:39.750,1036,-67,34,
FF FF FF FF 00 25 04 12 20 01 01 02 00 00 13 67 00 00 13 67 00 00 00 3F FF BE 00 20 12 34 04 0D C5 00 00 00 A5,4967,4967,63,4660,2026-07-30 22:53:39.852,1037,-66,32,
FF FF FF FF 00 25 04 13 20 01 01 02 00 00 13 67 00 00 13 67 00 00 00 3F FF BE 00 1E 12 34 04 0E C5 00 00 00 99,4967,4967,63,4660,2026-07-30 22:53:39.951,1038,-66,30,
FF FF FF FF 00 25 04 14 20 01 01 02 00 00 13 67 00 00 13 67 00 00 00 3E FF BF 00 1E 12 34 04 0F C7 00 00 00 9D,4967,4967,62,4660,2026-07-30 22:53:40.050,1039,-65,30,
FF FF FF FF 00 25 04 15 20 01 01 02 00 00 13 67 00 00 13 67 00 00 00 3F FF BD 00 1D 12 34 04 10 C5 00 00 00 81,4967,4967,63,4660,2026-07-30 22:53:40.149,1040,-67,29,
FF FF FF FF 00 25 04 17 20 01 01 02 00 00 13 67 00 00 13 67 00 00 00 3F FF BC 00 1D 12 34 04 12 C6 00 00 00 83,4967,4967,63,4660,2026-07-30 22:53:40.347,1042,-68,29,
FF FF FF FF 00 25 04 0B 20 01 01 02 00 00 13 67 00 00 13 67 00 00 00 40 FF C9 00 2F 12 34 04 06 CA 00 00 00 BF,4967,4967,64,4660,2026-07-30 22:53:39.145,1030,-55,47,
FF FF FF FF 00 25 04 0C 20 01 01 02 00 00 13 67 00 00 13 67 00 00 00 40 FF CB 00 32 12 34 04 07 CA 00 00 00 A6,4967,4967,64,4660,2026-07-30 22:53:39.258,1031,-53,50,
FF FF FF FF 00 25 04 0D 20 01 01 02 00 00 13 67 00 00 13 67 00 00 00 43 FF C5 00 2F 12 34 04 08 CD 00 00 00 BF,4967,4967,67,4660,2026-07-30 22:53:39.345,1032,-59,47,
FF FF FF FF 00 25 04 0E 20 01 01 02 00 00 13 67 00 00 13 67 00 00 00 43 FF BE 00 2B 12 34 04 09 CB 00 00 00 C4,4967,4967,67,4660,2026-07-30 22:53:39.456,1033,-66,43,
FF FF FF FF 00 25 04 0F 20 01 01 02 00 00 13 67 00 00 13 67 00 00 00 43 FF BA 00 27 12 34 04 0A C8 00 00 00 CD,4967,4967,67,4660,2026-07-30 22:53:39.555,1034,-70,39,
FF FF FF FF 00 25 04 10 20 01 01 02 00 00 13 67 00 00 13 67 00 00 00 41 FF BB 00 24 12 34 04 0B C6 00 00 00 DD,4967,4967,65,4660,2026-07-30 22:53:39.654,1035,-69,36,
FF FF FF FF 00 25 04 11 20 01 01 02 00 00 13 67 00 00 13 67 00 00 00 40 FF BD 00 22 12 34 04 0C C6 00 00 00 DA,4967,4967,64,4660,2026-07-30 22:53:39.750,1036,-67,34,
FF FF FF FF 00 25 04 12 20 01 01 02 00 00 13 67 00 00 13 67 00 00 00 3F FF BE 00 20 12 34 04 0D C5 00 00 00 A5,4967,4967,63,4660,2026-07-30 22:53:39.852,1037,-66,32,
FF FF FF FF 00 25 04 13 20 01 01 02 00 00 13 67 00 00 13 67 00 00 00 3F FF BE 00 1E 12 34 04 0E C5 00 00 00 99,4967,4967,63,4660,2026-07-30 22:53:39.951,1038,-66,30,
FF FF FF FF 00 25 04 14 20 01 01 02 00 00 13 67 00 00 13 67 00 00 00 3E FF BF 00 1E 12 34 04 0F C7 00 00 00 9D,4967,4967,62,4660,2026-07-30 22:53:40.050,1039,-65,30,
FF FF FF FF 00 25 04 15 20 01 01 02 00 00 13 67 00 00 13 67 00 00 00 3F FF BD 00 1D 12 34 04 10 C5 00 00 00 81,4967,4967,63,4660,2026-07-30 22:53:40.149,1040,-67,29,
FF FF FF FF 00 25 04 16 20 01 01 02 00 00 13 67 00 00 13 67 00 00 00 3F FF BD 00 1D 12 34 04 11 C7 00 00 00 81,4967,4967,63,4660,2026-07-30 22:53:40.259,1041,-67,29,
FF FF FF FF 00 25 04 17 20 01 01 02 00 00 13 67 00 00 13 67 00 00 00 3F FF BC 00 1D 12 34 04 12 C6 00 00 00 83,4967,4967,63,4660,2026-07-30 22:53:40.347,1042,-68,29,
FF FF FF FF 00 25 04 18 20 01 01 02 00 00 13 67 00 00 13 67 00 00 00 3E FF BD 00 1D 12 34 04 13 C6 00 00 00 8D,4967,4967,62,4660,2026-07-30 22:53:40.459,1043,-67,29,
FF FF FF FF 00 25 04 2D 20 01 01 02 00 00 13 67 00 00 13 67 00 00 00 42 FF BA 00 1F 12 34 04 28 C6 00 00 00 FA,4967,4967,66,4660,2026-07-30 22:53:42.551,1064,-70,31,
FF FF FF FF 00 25 04 2E 20 01 01 02 00 00 13 67 00 00 13 67 00 00 00 42 FF BB 00 1F 12 34 04 29 C6 00 00 00 F9,4967,4967,66,4660,2026-07-30 22:53:42.652,1065,-69,31,
FF FF FF FF 00 25 04 2F 20 01 01 02 00 00 13 67 00 00 13 67 00 00 00 42 FF BB 00 20 12 34 04 2A C4 00 00 00 C6,4967,4967,66,4660,2026-07-30 22:53:42.752,1066,-69,32,
FF FF FF FF 00 25 04 30 20 01 01 02 00 00 13 67 00 00 13 67 00 00 00 43 FF BC 00 20 12 34 04 2B C7 00 00 00 DD,4967,4967,67,4660,2026-07-30 22:53:42.849,1067,-68,32,
FF FF FF FF 00 25 04 31 20 01 01 02 00 00 13 67 00 00 13 67 00 00 00 44 FF BA 00 20 12 34 04 2C C7 00 00 00 DA,4967,4967,68,4660,2026-07-30 22:53:42.948,1068,-70,32,
FF FF FF FF 00 25 04 32 20 01 01 02 00 00 13 67 00 00 13 67 00 00 00 44 FF B9 00 1F 12 34 04 2D C6 00 00 00 E5,4967,4967,68,4660,2026-07-30 22:53:43.048,1069,-71,31,
FF FF FF FF 00 25 04 33 20 01 01 02 00 00 13 67 00 00 13 67 00 00 00 44 FF B9 00 20 12 34 04 2E C6 00 00 00 D8,4967,4967,68,4660,2026-07-30 22:53:43.146,1070,-71,32,
FF FF FF FF 00 25 04 34 20 01 01 02 00 00 13 67 00 00 13 67 00 00 00 44 FF BB 00 20 12 34 04 2F C6 00 00 00 DC,4967,4967,68,4660,2026-07-30 22:53:43.924,1071,-69,32,
FF FF FF FF 00 25 04 35 20 01 01 02 00 00 13 67 00 00 13 67 00 00 00 44 FF BA 00 1F 12 34 04 30 C7 00 00 00 FD,4967,4967,68,4660,2026-07-30 22:53:44.672,1072,-70,31,
FF FF FF FF 00 25 04 36 20 01 01 02 00 00 13 67 00 00 13 67 00 00 00 44 FF BA 00 1F 12 34 04 31 C8 00 00 00 F0,4967,4967,68,4660,2026-07-30 22:53:44.743,1073,-70,31,
FF FF FF FF 00 25 04 37 20 01 01 02 00 00 13 67 00 00 13 67 00 00 00 44 FF B9 00 1E 12 34 04 32 C6 00 00 00 FE,4967,4967,68,4660,2026-07-30 22:53:44.851,1074,-71,30,
FF FF FF FF 00 25 04 38 20 01 01 02 00 00 13 67 00 00 13 67 00 00 00 44 FF B9 00 1E 12 34 04 33 C6 00 00 00 F0,4967,4967,68,4660,2026-07-30 22:53:44.952,1075,-71,30,
FF FF FF FF 00 25 04 39 20 01 01 02 00 00 13 67 00 00 13 67 00 00 00 45 FF B9 00 1F 12 34 04 34 C8 00 00 00 F8,4967,4967,69,4660,2026-07-30 22:53:45.051,1076,-71,31,
FF FF FF FF 00 25 04 3A 20 01 01 02 00 00 13 67 00 00 13 67 00 00 00 46 FF B9 00 1E 12 34 04 35 C8 00 00 00 F8,4967,4967,70,4660,2026-07-30 22:53:45.150,1077,-71,30,
FF FF FF FF 00 25 04 3B 20 01 01 02 00 00 13 67 00 00 13 67 00 00 00 46 FF B9 00 1E 12 34 04 36 C9 00 00 00 FB,4967,4967,70,4660,2026-07-30 22:53:45.250,1078,-71,30,
FF FF FF FF 00 25 04 3C 20 01 01 02 00 00 13 67 00 00 13 67 00 00 00 47 FF B6 00 1F 12 34 04 37 C8 00 00 00 F3,4967,4967,71,4660,2026-07-30 22:53:45.345,1079,-74,31,
FF FF FF FF 00 25 04 3D 20 01 01 02 00 00 13 67 00 00 13 67 00 00 00 47 FF B7 00 1E 12 34 04 38 CA 00 00 00 FF,4967,4967,71,4660,2026-07-30 22:53:45.458,1080,-73,30,
FF FF FF FF 00 25 04 3E 20 01 01 02 00 00 13 67 00 00 13 67 00 00 00 46 FF B7 00 1E 12 34 04 39 C8 00 00 00 FE,4967,4967,70,4660,2026-07-30 22:53:45.545,1081,-73,30,
FF FF FF FF 00 25 04 3F 20 01 01 02 00 00 13 67 00 00 13 67 00 00 00 44 FF B4 00 1D 12 34 04 3A C8 00 00 00 FE,4967,4967,68,4660,2026-07-30 22:53:45.645,1082,-76,29,
FF FF FF FF 00 25 04 40 20 01 01 02 00 00 13 67 00 00 13 67 00 00 00 43 FF B0 00 1D 12 34 04 3B C9 00 00 00 82,4967,4967,67,4660,2026-07-30 22:53:45.756,1083,-80,29,
FF FF FF FF 00 25 04 41 20 01 01 02 00 00 13 67 00 00 13 67 00 00 00 43 FF AE 00 1D 12 34 04 3C C9 00 00 00 9A,4967,4967,67,4660,2026-07-30 22:53:45.853,1084,-82,29,
FF FF FF FF 00 25 04 42 20 01 01 02 00 00 13 67 00 00 13 67 00 00 00 44 FF AC 00 1E 12 34 04 3D CA 00 00 00 9D,4967,4967,68,4660,2026-07-30 22:53:45.953,1085,-84,30,
FF FF FF FF 00 25 04 43 20 01 01 02 00 00 13 67 00 00 13 67 00 00 00 43 FF AA 00 1D 12 34 04 3E CA 00 00 00 9D,4967,4967,67,4660,2026-07-30 22:53:46.052,1086,-86,29,
FF FF FF FF 00 25 04 44 20 01 01 02 00 00 13 67 00 00 13 67 00 00 00 42 FF A9 00 1E 12 34 04 3F C9 00 00 00 99,4967,4967,66,4660,2026-07-30 22:53:46.153,1087,-87,30,
FF FF FF FF 00 25 04 45 20 01 01 02 00 00 13 67 00 00 13 67 00 00 00 40 FF AD 00 1E 12 34 04 40 C9 00 00 00 E1,4967,4967,64,4660,2026-07-30 22:53:46.253,1088,-83,30,
FF FF FF FF 00 25 04 46 20 01 01 02 00 00 13 67 00 00 13 67 00 00 00 3D FF B2 00 1E 12 34 04 41 C5 00 00 00 8D,4967,4967,61,4660,2026-07-30 22:53:46.349,1089,-78,30,
FF FF FF FF 00 25 04 47 20 01 01 02 00 00 13 67 00 00 13 67 00 00 00 38 FF B9 00 1D 12 34 04 42 C6 00 00 00 81,4967,4967,56,4660,2026-07-30 22:53:46.449,1090,-71,29,
FF FF FF FF 00 25 04 48 20 01 01 02 00 00 13 67 00 00 13 67 00 00 00 3D FF C1 00 1F 12 34 04 43 C7 00 00 00 F1,4967,4967,61,4660,2026-07-30 22:53:46.549,1091,-63,31,
FF FF FF FF 00 25 04 49 20 01 01 02 00 00 13 67 00 00 13 67 00 00 00 41 FF BF 00 1E 12 34 04 44 C1 00 00 00 F2,4967,4967,65,4660,2026-07-30 22:53:46.649,1092,-65,30,
FF FF FF FF 00 25 04 4A 20 01 01 02 00 00 13 67 00 00 13 67 00 00 00 47 FF CD 00 2E 12 34 04 45 BE 00 00 00 CB,4967,4967,71,4660,2026-07-30 22:53:46.748,1093,-51,46,
FF FF FF FF 00 25 04 4B 20 01 01 02 00 00 13 67 00 00 13 67 00 00 00 4C FF CF 00 2F 12 34 04 46 C5 00 00 00 BA,4967,4967,76,4660,2026-07-30 22:53:46.855,1094,-49,47,
FF FF FF FF 00 25 04 4C 20 01 01 02 00 00 13 67 00 00 13 67 00 00 00 52 FF D3 00 32 12 34 04 47 C3 00 00 00 A5,4967,4967,82,4660,2026-07-30 22:53:46.952,1095,-45,50,
FF FF FF FF 00 25 04 4D 20 01 01 02 00 00 13 67 00 00 13 67 00 00 00 51 FF C7 00 2F 12 34 04 48 BE 00 00 00 DC,4967,4967,81,4660,2026-07-30 22:53:47.051,1096,-57,47,
FF FF FF FF 00 25 04 4E 20 01 01 02 00 00 13 67 00 00 13 67 00 00 00 58 FF BE 00 2E 12 34 04 49 BF 00 00 00 AE,4967,4967,88,4660,2026-07-30 22:53:47.151,1097,-66,46,
FF FF FF FF 00 25 04 4F 20 01 01 02 00 00 13 67 00 00 13 67 00 00 00 5D FF C9 00 34 12 34 04 4A BC 00 00 00 C7,4967,4967,93,4660,2026-07-30 22:53:47.250,1098,-55,52,
FF FF FF FF 00 25 04 50 20 01 01 02 00 00 13 67 00 00 13 67 00 00 00 66 FF CD 00 31 12 34 04 4B BC 00 00 00 E3,4967,4967,102,4660,2026-07-30 22:53:47.357,1099,-51,49,
FF FF FF FF 00 25 04 51 20 01 01 02 00 00 13 67 00 00 13 67 00 00 00 6B FF D3 00 2E 12 34 04 4C BD 00 00 00 E8,4967,4967,107,4660,2026-07-30 22:53:47.448,1100,-45,46,
FF FF FF FF 00 25 04 52 20 01 01 02 00 00 13 67 00 00 13 67 00 00 00 6E FF E7 00 18 12 34 04 4D BA 00 00 00 EA,4967,4967,110,4660,2026-07-30 22:53:47.546,1101,-25,24,
FF FF FF FF 00 25 04 53 20 01 01 02 00 00 13 67 00 00 13 67 00 00 00 6E FF DC 00 22 12 34 04 4E BB 00 00 00 E8,4967,4967,110,4660,2026-07-30 22:53:47.646,1102,-36,34,
FF FF FF FF 00 25 04 54 20 01 01 02 00 00 13 67 00 00 13 67 00 00 00 64 FF D5 00 29 12 34 04 4F BC 00 00 00 E1,4967,4967,100,4660,2026-07-30 22:53:47.746,1103,-43,41,
FF FF FF FF 00 25 04 55 20 01 01 02 00 00 13 67 00 00 13 67 00 00 00 55 FF D9 00 36 12 34 04 50 C2 00 00 00 A3,4967,4967,85,4660,2026-07-30 22:53:47.850,1104,-39,54,
FF FF FF FF 00 25 04 56 20 01 01 02 00 00 13 67 00 00 13 67 00 00 00 4D FF D5 00 30 12 34 04 51 BF 00 00 00 CE,4967,4967,77,4660,2026-07-30 22:53:47.954,1105,-43,48,
FF FF FF FF 00 25 04 57 20 01 01 02 00 00 13 67 00 00 13 67 00 00 00 4C FF CF 00 2A 12 34 04 52 BE 00 00 00 CC,4967,4967,76,4660,2026-07-30 22:53:48.055,1106,-49,42,
FF FF FF FF 00 25 04 58 20 01 01 02 00 00 13 67 00 00 13 67 00 00 00 48 FF C4 00 27 12 34 04 53 C2 00 00 00 BC,4967,4967,72,4660,2026-07-30 22:53:48.155,1107,-60,39,
FF FF FF FF 00 25 04 59 20 01 01 02 00 00 13 67 00 00 13 67 00 00 00 47 FF BC 00 25 12 34 04 54 BD 00 00 00 B0,4967,4967,71,4660,2026-07-30 22:53:48.255,1108,-68,37,
FF FF FF FF 00 25 04 5A 20 01 01 02 00 00 13 67 00 00 13 67 00 00 00 45 FF B6 00 24 12 34 04 55 BD 00 00 00 BB,4967,4967,69,4660,2026-07-30 22:53:48.361,1109,-74,36,
FF FF FF FF 00 25 04 5B 20 01 01 02 00 00 13 67 00 00 13 67 00 00 00 41 FF B2 00 23 12 34 04 56 BD 00 00 00 BE,4967,4967,65,4660,2026-07-30 22:53:48.452,1110,-78,35,
FF FF FF FF 00 25 04 5C 20 01 01 02 00 00 13 67 00 00 13 67 00 00 00 3B FF AF 00 22 12 34 04 57 BC 00 00 00 DF,4967,4967,59,4660,2026-07-30 22:53:48.552,1111,-81,34,
FF FF FF FF 00 25 04 5D 20 01 01 02 00 00 13 67 00 00 13 67 00 00 00 4C FF BB 00 23 12 34 04 58 B9 00 00 00 B6,4967,4967,76,4660,2026-07-30 22:53:48.651,1112,-69,35,
FF FF FF FF 00 25 04 5E 20 01 01 02 00 00 13 67 00 00 13 67 00 00 00 4A FF C2 00 24 12 34 04 59 B8 00 00 00 CD,4967,4967,74,4660,2026-07-30 22:53:48.750,1113,-62,36,
FF FF FF FF 00 25 04 5F 20 01 01 02 00 00 13 67 00 00 13 67 00 00 00 47 FF C6 00 27 12 34 04 5A BE 00 00 00 C3,4967,4967,71,4660,2026-07-30 22:53:48.851,1114,-58,39,
FF FF FF FF 00 25 04 60 20 01 01 02 00 00 13 67 00 00 13 67 00 00 00 46 FF BE 00 27 12 34 04 5B B9 00 00 00 83,4967,4967,70,4660,2026-07-30 22:53:48.946,1115,-66,39,
FF FF FF FF 00 25 04 61 20 01 01 02 00 00 13 67 00 00 13 67 00 00 00 47 FF BE 00 24 12 34 04 5C BA 00 00 00 84,4967,4967,71,4660,2026-07-30 22:53:49.044,1116,-66,36,
FF FF FF FF 00 25 04 62 20 01 01 02 00 00 13 67 00 00 13 67 00 00 00 4A FF C1 00 23 12 34 04 5D B1 00 00 00 F8,4967,4967,74,4660,2026-07-30 22:53:49.155,1117,-63,35,
FF FF FF FF 00 25 04 63 20 01 01 02 00 00 13 67 00 00 13 67 00 00 00 50 FF C4 00 22 12 34 04 5E B4 00 00 00 E1,4967,4967,80,4660,2026-07-30 22:53:49.254,1118,-60,34,
FF FF FF FF 00 25 04 64 20 01 01 02 00 00 13 67 00 00 13 67 00 00 00 57 FF C7 00 21 12 34 04 5F B5 00 00 00 E1,4967,4967,87,4660,2026-07-30 22:53:49.352,1119,-57,33,
FF FF FF FF 00 25 04 65 20 01 01 02 00 00 13 67 00 00 13 67 00 00 00 5B FF C8 00 20 12 34 04 60 B4 00 00 00 DC,4967,4967,91,4660,2026-07-30 22:53:49.451,1120,-56,32,
FF FF FF FF 00 25 04 66 20 01 01 02 00 00 13 67 00 00 13 67 00 00 00 4F FF CA 00 1F 12 34 04 61 B4 00 00 00 F7,4967,4967,79,4660,2026-07-30 22:53:49.550,1121,-54,31,
FF FF FF FF 00 25 04 67 20 01 01 02 00 00 13 67 00 00 13 67 00 00 00 50 FF CA 00 1D 12 34 04 62 B9 00 00 00 E5,4967,4967,80,4660,2026-07-30 22:53:49.649,1122,-54,29,
FF FF FF FF 00 25 04 68 20 01 01 02 00 00 13 67 00 00 13 67 00 00 00 52 FF C8 00 1C 12 34 04 63 B0 00 00 00 E3,4967,4967,82,4660,2026-07-30 22:53:49.748,1123,-56,28,
FF FF FF FF 00 25 04 69 20 01 01 02 00 00 13 67 00 00 13 67 00 00 00 56 FF CA 00 1B 12 34 04 64 B4 00 00 00 E0,4967,4967,86,4660,2026-07-30 22:53:49.850,1124,-54,27,
FF FF FF FF 00 25 04 6A 20 01 01 02 00 00 13 67 00 00 13 67 00 00 00 55 FF D0 00 1D 12 34 04 65 AF 00 00 00 E6,4967,4967,85,4660,2026-07-30 22:53:49.956,1125,-48,29,
FF FF FF FF 00 25 04 6B 20 01 01 02 00 00 13 67 00 00 13 67 00 00 00 4B FF CD 00 1A 12 34 04 66 B8 00 00 00 F7,4967,4967,75,4660,2026-07-30 22:53:50.043,1126,-51,26,
FF FF FF FF 00 25 04 6C 20 01 01 02 00 00 13 67 00 00 13 67 00 00 00 49 FF C9 00 17 12 34 04 67 AF 00 00 00 ED,4967,4967,73,4660,2026-07-30 22:53:50.155,1127,-55,23,
FF FF FF FF 00 25 04 6D 20 01 01 02 00 00 13 67 00 00 13 67 00 00 00 45 FF C7 00 16 12 34 04 68 B1 00 00 00 FE,4967,4967,69,4660,2026-07-30 22:53:50.254,1128,-57,22,
FF FF FF FF 00 25 04 6E 20 01 01 02 00 00 13 67 00 00 13 67 00 00 00 48 FF C5 00 15 12 34 04 69 AF 00 00 00 EE,4967,4967,72,4660,2026-07-30 22:53:50.354,1129,-59,21,
FF FF FF FF 00 25 04 6F 20 01 01 02 00 00 13 67 00 00 13 67 00 00 00 48 FF D8 00 28 12 34 04 6A B3 00 00 00 D0,4967,4967,72,4660,2026-07-30 22:53:50.456,1130,-40,40,
FF FF FF FF 00 25 04 70 20 01 01 02 00 00 13 67 00 00 13 67 00 00 00 47 FF E6 00 35 12 34 04 6B AE 00 00 00 FF,4967,4967,71,4660,2026-07-30 22:53:50.544,1131,-26,53,
FF FF FF FF 00 25 04 71 20 01 01 02 00 00 13 67 00 00 13 67 00 00 00 41 FF EE 00 3C 12 34 04 6C B8 00 00 00 E8,4967,4967,65,4660,2026-07-30 22:53:50.644,1132,-18,60,
FF FF FF FF 00 25 04 72 20 01 01 02 00 00 13 67 00 00 13 67 00 00 00 36 FF F4 00 3B 12 34 04 6D B8 00 00 00 80,4967,4967,54,4660,2026-07-30 22:53:50.756,1133,-12,59,
FF FF FF FF 00 25 04 73 20 01 01 02 00 00 13 67 00 00 13 67 00 00 00 31 FF F9 00 3E 12 34 04 6E B3 00 00 00 86,4967,4967,49,4660,2026-07-30 22:53:50.843,1134,-7,62,
FF FF FF FF 00 25 04 74 20 01 01 02 00 00 13 67 00 00 13 67 00 00 00 30 FF FD 00 3F 12 34 04 6F B3 00 00 00 84,4967,4967,48,4660,2026-07-30 22:53:50.954,1135,-3,63,
FF FF FF FF 00 25 04 75 20 01 01 02 00 00 13 67 00 00 13 67 00 00 00 30 FF FE 00 3F 12 34 04 70 B8 00 00 00 92,4967,4967,48,4660,2026-07-30 22:53:51.052,1136,-2,63,
FF FF FF FF 00 25 04 76 20 01 01 02 00 00 13 67 00 00 13 67 00 00 00 38 00 00 00 40 12 34 04 71 BB 00 00 00 E5,4967,4967,56,4660,2026-07-30 22:53:51.150,1137,0,64,
FF FF FF FF 00 25 04 77 20 01 01 02 00 00 13 67 00 00 13 67 00 00 00 3B 00 00 00 41 12 34 04 72 B9 00 00 00 E7,4967,4967,59,4660,2026-07-30 22:53:51.250,1138,0,65,
FF FF FF FF 00 25 04 78 20 01 01 02 00 00 13 67 00 00 13 67 00 00 00 39 00 01 00 43 12 34 04 73 B9 00 00 00 E8,4967,4967,57,4660,2026-07-30 22:53:51.349,1139,1,67,
FF FF FF FF 00 25 04 79 20 01 01 02 00 00 13 67 00 00 13 67 00 00 00 39 00 02 00 45 12 34 04 74 BD 00 00 00 EF,4967,4967,57,4660,2026-07-30 22:53:51.450,1140,2,69,
FF FF FF FF 00 25 04 7A 20 01 01 02 00 00 13 67 00 00 13 67 00 00 00 3A 00 19 00 32 12 34 04 75 B9 00 00 00 86,4967,4967,58,4660,2026-07-30 22:53:51.549,1141,25,50,
FF FF FF FF 00 25 04 7B 20 01 01 02 00 00 13 67 00 00 13 67 00 00 00 3A 00 14 00 35 12 34 04 76 BA 00 00 00 8D,4967,4967,58,4660,2026-07-30 22:53:51.648,1142,20,53,
FF FF FF FF 00 25 04 7C 20 01 01 02 00 00 13 67 00 00 13 67 00 00 00 3C 00 0F 00 39 12 34 04 77 B9 00 00 00 99,4967,4967,60,4660,2026-07-30 22:53:51.747,1143,15,57,
FF FF FF FF 00 25 04 7D 20 01 01 02 00 00 13 67 00 00 13 67 00 00 00 3F 00 0C 00 3B 12 34 04 78 BA 00 00 00 96,4967,4967,63,4660,2026-07-30 22:53:51.846,1144,12,59,
FF FF FF FF 00 25 04 7E 20 01 01 02 00 00 13 67 00 00 13 67 00 00 00 3C 00 0A 00 3E 12 34 04 79 B9 00 00 00 97,4967,4967,60,4660,2026-07-30 22:53:51.945,1145,10,62,
FF FF FF FF 00 25 04 7F 20 01 01 02 00 00 13 67 00 00 13 67 00 00 00 3A 00 09 00 3F 12 34 04 7A B9 00 00 00 91,4967,4967,58,4660,2026-07-30 22:53:52.045,1146,9,63,
FF FF FF FF 00 25 04 80 20 01 01 02 00 00 13 67 00 00 13 67 00 00 00 3E 00 07 00 42 12 34 04 7B B9 00 00 00 18,4967,4967,62,4660,2026-07-30 22:53:52.147,1147,7,66,
FF FF FF FF 00 25 04 81 20 01 01 02 00 00 13 67 00 00 13 67 00 00 00 3D 00 07 00 45 12 34 04 7C B8 00 00 00 1B,4967,4967,61,4660,2026-07-30 22:53:52.243,1148,7,69,
FF FF FF FF 00 25 04 82 20 01 01 02 00 00 13 67 00 00 13 67 00 00 00 3D 00 06 00 47 12 34 04 7D BA 00 00 00 18,4967,4967,61,4660,2026-07-30 22:53:52.354,1149,6,71,
FF FF FF FF 00 25 04 83 20 01 01 02 00 00 13 67 00 00 13 67 00 00 00 3F 00 06 00 4C 12 34 04 7E BA 00 00 00 13,4967,4967,63,4660,2026-07-30 22:53:52.452,1150,6,76,
FF FF FF FF 00 25 04 84 20 01 01 02 00 00 13 67 00 00 13 67 00 00 00 3E 00 05 00 4E 12 34 04 7F BA 00 00 00 15,4967,4967,62,4660,2026-07-30 22:53:52.551,1151,5,78,
FF FF FF FF 00 25 04 85 20 01 01 02 00 00 13 67 00 00 13 67 00 00 00 3D 00 14 00 3E 12 34 04 80 BA 00 00 00 89,4967,4967,61,4660,2026-07-30 22:53:52.650,1152,20,62,
FF FF FF FF 00 25 04 86 20 01 01 02 00 00 13 67 00 00 13 67 00 00 00 3E 00 10 00 46 12 34 04 81 BA 00 00 00 F4,4967,4967,62,4660,2026-07-30 22:53:52.750,1153,16,70,
FF FF FF FF 00 25 04 87 20 01 01 02 00 00 13 67 00 00 13 67 00 00 00 3F 00 0D 00 4B 12 34 04 82 B9 00 00 00 E4,4967,4967,63,4660,2026-07-30 22:53:52.850,1154,13,75,
FF FF FF FF 00 25 04 88 20 01 01 02 00 00 13 67 00 00 13 67 00 00 00 3E 00 0B 00 4A 12 34 04 83 B9 00 00 00 EC,4967,4967,62,4660,2026-07-30 22:53:52.961,1155,11,74,
FF FF FF FF 00 25 04 89 20 01 01 02 00 00 13 67 00 00 13 67 00 00 00 3C 00 0A 00 4A 12 34 04 84 B8 00 00 00 E8,4967,4967,60,4660,2026-07-30 22:53:53.047,1156,10,74,
FF FF FF FF 00 25 04 8A 20 01 01 02 00 00 13 67 00 00 13 67 00 00 00 3A 00 09 00 4B 12 34 04 85 B8 00 00 00 EE,4967,4967,58,4660,2026-07-30 22:53:53.144,1157,9,75,
FF FF FF FF 00 25 04 8B 20 01 01 02 00 00 13 67 00 00 13 67 00 00 00 3A 00 09 00 4F 12 34 04 86 B8 00 00 00 E8,4967,4967,58,4660,2026-07-30 22:53:53.255,1158,9,79,
FF FF FF FF 00 25 04 8C 20 01 01 02 00 00 13 67 00 00 13 67 00 00 00 38 FF F9 00 3D 12 34 04 87 B9 00 00 00 90,4967,4967,56,4660,2026-07-30 22:53:53.354,1159,-7,61,
FF FF FF FF 00 25 04 8D 20 01 01 02 00 00 13 67 00 00 13 67 00 00 00 36 FF FE 00 45 12 34 04 88 B9 00 00 00 EF,4967,4967,54,4660,2026-07-30 22:53:53.453,1160,-2,69,
FF FF FF FF 00 25 04 8E 20 01 01 02 00 00 13 67 00 00 13 67 00 00 00 37 00 00 00 4A 12 34 04 89 B8 00 00 00 E3,4967,4967,55,4660,2026-07-30 22:53:53.554,1161,0,74,
FF FF FF FF 00 25 04 8F 20 01 01 02 00 00 13 67 00 00 13 67 00 00 00 37 FF F1 00 3A 12 34 04 8A B9 00 00 00 9E,4967,4967,55,4660,2026-07-30 22:53:53.653,1162,-15,58,
FF FF FF FF 00 25 04 90 20 01 01 02 00 00 13 67 00 00 13 67 00 00 00 38 FF F7 00 42 12 34 04 8B B9 00 00 00 F1,4967,4967,56,4660,2026-07-30 22:53:53.752,1163,-9,66,
FF FF FF FF 00 25 04 91 20 01 01 02 00 00 13 67 00 00 13 67 00 00 00 36 FF FC 00 49 12 34 04 8C B8 00 00 00 F8,4967,4967,54,4660,2026-07-30 22:53:53.851,1164,-4,73,
FF FF FF FF 00 25 04 92 20 01 01 02 00 00 13 67 00 00 13 67 00 00 00 36 FF FF 00 4D 12 34 04 8D B3 00 00 00 F6,4967,4967,54,4660,2026-07-30 22:53:54.084,1165,-1,77,
FF FF FF FF 00 25 04 93 20 01 01 02 00 00 13 67 00 00 13 67 00 00 00 34 00 00 00 51 12 34 04 8E B3 00 00 00 EA,4967,4967,52,4660,2026-07-30 22:53:54.146,1166,0,81,
FF FF FF FF 00 25 04 94 20 01 01 02 00 00 13 67 00 00 13 67 00 00 00 34 00 01 00 53 12 34 04 8F B8 00 00 00 E4,4967,4967,52,4660,2026-07-30 22:53:54.244,1167,1,83,
FF FF FF FF 00 25 04 95 20 01 01 02 00 00 13 67 00 00 13 67 00 00 00 37 00 02 00 55 12 34 04 90 B9 00 00 00 FD,4967,4967,55,4660,2026-07-30 22:53:54.344,1168,2,85,
FF FF FF FF 00 25 04 96 20 01 01 02 00 00 13 67 00 00 13 67 00 00 00 3A 00 03 00 56 12 34 04 91 B9 00 00 00 F0,4967,4967,58,4660,2026-07-30 22:53:54.449,1169,3,86,
FF FF FF FF 00 25 04 97 20 01 01 02 00 00 13 67 00 00 13 67 00 00 00 3E 00 03 00 57 12 34 04 92 BA 00 00 00 F4,4967,4967,62,4660,2026-07-30 22:53:54.551,1170,3,87,
FF FF FF FF 00 25 04 98 20 01 01 02 00 00 13 67 00 00 13 67 00 00 00 3F 00 1B 00 42 12 34 04 93 BA 00 00 00 F6,4967,4967,63,4660,2026-07-30 22:53:54.650,1171,27,66,
FF FF FF FF 00 25 04 99 20 01 01 02 00 00 13 67 00 00 13 67 00 00 00 41 00 14 00 48 12 34 04 94 BA 00 00 00 8B,4967,4967,65,4660,2026-07-30 22:53:54.750,1172,20,72,
FF FF FF FF 00 25 04 9A 20 01 01 02 00 00 13 67 00 00 13 67 00 00 00 44 00 10 00 4C 12 34 04 95 B9 00 00 00 8F,4967,4967,68,4660,2026-07-30 22:53:54.849,1173,16,76,
FF FF FF FF 00 25 04 9B 20 01 01 02 00 00 13 67 00 00 13 67 00 00 00 41 00 0D 00 4B 12 34 04 96 B7 00 00 00 9C,4967,4967,65,4660,2026-07-30 22:53:54.954,1174,13,75,
FF FF FF FF 00 25 04 9C 20 01 01 02 00 00 13 67 00 00 13 67 00 00 00 47 00 22 00 37 12 34 04 97 BC 00 00 00 C4,4967,4967,71,4660,2026-07-30 22:53:55.049,1175,34,55,
FF FF FF FF 00 25 04 9D 20 01 01 02 00 00 13 67 00 00 13 67 00 00 00 55 00 19 00 3A 12 34 04 98 BB 00 00 00 E9,4967,4967,85,4660,2026-07-30 22:53:55.148,1176,25,58,
FF FF FF FF 00 25 04 9E 20 01 01 02 00 00 13 67 00 00 13 67 00 00 00 63 00 13 00 3C 12 34 04 99 BC 00 00 00 D6,4967,4967,99,4660,2026-07-30 22:53:55.247,1177,19,60,
FF FF FF FF 00 25 04 9F 20 01 01 02 00 00 13 67 00 00 13 67 00 00 00 5D 00 0F 00 3E 12 34 04 9A BC 00 00 00 F4,4967,4967,93,4660,2026-07-30 22:53:55.345,1178,15,62,
FF FF FF FF 00 25 04 A0 20 01 01 02 00 00 13 67 00 00 13 67 00 00 00 56 00 0F 00 3F 12 34 04 9B B9 00 00 00 C5,4967,4967,86,4660,2026-07-30 22:53:55.447,1179,15,63,
FF FF FF FF 00 25 04 A1 20 01 01 02 00 00 13 67 00 00 13 67 00 00 00 53 00 19 00 32 12 34 04 9C BA 00 00 00 DE,4967,4967,83,4660,2026-07-30 22:53:55.551,1180,25,50,
FF FF FF FF 00 25 04 A2 20 01 01 02 00 00 13 67 00 00 13 67 00 00 00 4E 00 2B 00 25 12 34 04 9D BA 00 00 00 E4,4967,4967,78,4660,2026-07-30 22:53:55.650,1181,43,37,
FF FF FF FF 00 25 04 A3 20 01 01 02 00 00 13 67 00 00 13 67 00 00 00 61 00 23 00 2B 12 34 04 9E BB 00 00 00 CE,4967,4967,97,4660,2026-07-30 22:53:55.749,1182,35,43,
FF FF FF FF 00 25 04 A4 20 01 01 02 00 00 13 67 00 00 13 67 00 00 00 6D 00 1C 00 37 12 34 04 9F BB 00 00 00 E7,4967,4967,109,4660,2026-07-30 22:53:55.847,1183,28,55,
FF FF FF FF 00 25 04 A5 20 01 01 02 00 00 13 67 00 00 13 67 00 00 00 67 00 17 00 3A 12 34 04 A0 BC 00 00 00 D2,4967,4967,103,4660,2026-07-30 22:53:55.950,1184,23,58,
FF FF FF FF 00 25 04 A6 20 01 01 02 00 00 13 67 00 00 13 67 00 00 00 6A 00 15 00 38 12 34 04 A1 BC 00 00 00 DD,4967,4967,106,4660,2026-07-30 22:53:56.046,1185,21,56,
FF FF FF FF 00 25 04 A7 20 01 01 02 00 00 13 67 00 00 13 67 00 00 00 6C 00 19 00 33 12 34 04 A2 BC 00 00 00 DE,4967,4967,108,4660,2026-07-30 22:53:56.145,1186,25,51,
FF FF FF FF 00 25 04 A8 20 01 01 02 00 00 13 67 00 00 13 67 00 00 00 73 00 14 00 3B 12 34 04 A3 BD 00 00 00 CB,4967,4967,115,4660,2026-07-30 22:53:56.257,1187,20,59,
FF FF FF FF 00 25 04 A9 20 01 01 02 00 00 13 67 00 00 13 67 00 00 00 77 00 12 00 3A 12 34 04 A4 BC 00 00 00 CF,4967,4967,119,4660,2026-07-30 22:53:56.344,1188,18,58,
FF FF FF FF 00 25 04 AA 20 01 01 02 00 00 13 67 00 00 13 67 00 00 00 7B 00 10 00 39 12 34 04 A5 BC 00 00 00 C0,4967,4967,123,4660,2026-07-30 22:53:56.458,1189,16,57,
FF FF FF FF 00 25 04 AB 20 01 01 02 00 00 13 67 00 00 13 67 00 00 00 7E 00 10 00 38 12 34 04 A6 BB 00 00 00 C1,4967,4967,126,4660,2026-07-30 22:53:56.551,1190,16,56,
FF FF FF FF 00 25 04 AC 20 01 01 02 00 00 13 67 00 00 13 67 00 00 00 81 00 10 00 37 12 34 04 A7 BC 00 00 00 30,4967,4967,129,4660,2026-07-30 22:53:56.652,1191,16,55,
FF FF FF FF 00 25 04 AD 20 01 01 02 00 00 13 67 00 00 13 67 00 00 00 87 00 0F 00 35 12 34 04 A8 BC 00 00 00 25,4967,4967,135,4660,2026-07-30 22:53:56.749,1192,15,53,
FF FF FF FF 00 25 04 AE 20 01 01 02 00 00 13 67 00 00 13 67 00 00 00 8A 00 15 00 2F 12 34 04 A9 BB 00 00 00 2D,4967,4967,138,4660,2026-07-30 22:53:56.860,1193,21,47,
FF FF FF FF 00 25 04 AF 20 01 01 02 00 00 13 67 00 00 13 67 00 00 00 87 00 0D 00 3B 12 34 04 AA BA 00 00 00 2F,4967,4967,135,4660,2026-07-30 22:53:56.948,1194,13,59,
FF FF FF FF 00 25 04 B0 20 01 01 02 00 00 13 67 00 00 13 67 00 00 00 8C 00 10 00 38 12 34 04 AB BA 00 00 00 24,4967,4967,140,4660,2026-07-30 22:53:57.054,1195,16,56,
FF FF FF FF 00 25 04 B1 20 01 01 02 00 00 13 67 00 00 13 67 00 00 00 91 00 0C 00 36 12 34 04 AC BB 00 00 00 2C,4967,4967,145,4660,2026-07-30 22:53:57.154,1196,12,54,
FF FF FF FF 00 25 04 B2 20 01 01 02 00 00 13 67 00 00 13 67 00 00 00 8E 00 0A 00 3F 12 34 04 AD BB 00 00 00 3E,4967,4967,142,4660,2026-07-30 22:53:57.253,1197,10,63,
FF FF FF FF 00 25 04 B3 20 01 01 02 00 00 13 67 00 00 13 67 00 00 00 83 00 06 00 3B 12 34 04 AE BA 00 00 00 38,4967,4967,131,4660,2026-07-30 22:53:57.352,1198,6,59,
FF FF FF FF 00 25 04 B4 20 01 01 02 00 00 13 67 00 00 13 67 00 00 00 7C 00 05 00 3B 12 34 04 AF BB 00 00 00 C3,4967,4967,124,4660,2026-07-30 22:53:57.451,1199,5,59,
FF FF FF FF 00 25 04 B5 20 01 01 02 00 00 13 67 00 00 13 67 00 00 00 7D 00 05 00 37 12 34 04 B0 BB 00 00 00 D0,4967,4967,125,4660,2026-07-30 22:53:57.548,1200,5,55,
FF FF FF FF 00 25 04 B6 20 01 01 02 00 00 13 67 00 00 13 67 00 00 00 7A 00 06 00 37 12 34 04 B1 BA 00 00 00 D7,4967,4967,122,4660,2026-07-30 22:53:57.647,1201,6,55,
FF FF FF FF 00 25 04 B7 20 01 01 02 00 00 13 67 00 00 13 67 00 00 00 84 00 06 00 38 12 34 04 B2 BB 00 00 00 25,4967,4967,132,4660,2026-07-30 22:53:57.746,1202,6,56,
FF FF FF FF 00 25 04 B8 20 01 01 02 00 00 13 67 00 00 13 67 00 00 00 82 00 04 00 39 12 34 04 B3 BB 00 00 00 2E,4967,4967,130,4660,2026-07-30 22:53:57.845,1203,4,57,
FF FF FF FF 00 25 04 B9 20 01 01 02 00 00 13 67 00 00 13 67 00 00 00 84 00 04 00 39 12 34 04 B4 BC 00 00 00 29,4967,4967,132,4660,2026-07-30 22:53:57.957,1204,4,57,
FF FF FF FF 00 25 04 BA 20 01 01 02 00 00 13 67 00 00 13 67 00 00 00 86 00 03 00 39 12 34 04 B5 BE 00 00 00 2C,4967,4967,134,4660,2026-07-30 22:53:58.056,1205,3,57,
FF FF FF FF 00 25 04 BB 20 01 01 02 00 00 13 67 00 00 13 67 00 00 00 86 00 01 00 3A 12 34 04 B6 BC 00 00 00 2D,4967,4967,134,4660,2026-07-30 22:53:58.155,1206,1,58,
FF FF FF FF 00 25 04 BC 20 01 01 02 00 00 13 67 00 00 13 67 00 00 00 83 00 00 00 3A 12 34 04 B7 BC 00 00 00 2F,4967,4967,131,4660,2026-07-30 22:53:58.243,1207,0,58,
FF FF FF FF 00 25 04 BD 20 01 01 02 00 00 13 67 00 00 13 67 00 00 00 82 00 01 00 38 12 34 04 B8 BB 00 00 00 24,4967,4967,130,4660,2026-07-30 22:53:58.356,1208,1,56,
FF FF FF FF 00 25 04 BE 20 01 01 02 00 00 13 67 00 00 13 67 00 00 00 7E 00 03 00 35 12 34 04 B9 BD 00 00 00 D3,4967,4967,126,4660,2026-07-30 22:53:58.443,1209,3,53,
FF FF FF FF 00 25 04 BF 20 01 01 02 00 00 13 67 00 00 13 67 00 00 00 7E 00 05 00 32 12 34 04 BA BC 00 00 00 D1,4967,4967,126,4660,2026-07-30 22:53:58.553,1210,5,50,
FF FF FF FF 00 25 04 C0 20 01 01 02 00 00 13 67 00 00 13 67 00 00 00 7E 00 05 00 31 12 34 04 BB BC 00 00 00 AC,4967,4967,126,4660,2026-07-30 22:53:58.652,1211,5,49,
FF FF FF FF 00 25 04 C1 20 01 01 02 00 00 13 67 00 00 13 67 00 00 00 6E 00 1C 00 28 12 34 04 BC B8 00 00 00 BE,4967,4967,110,4660,2026-07-30 22:53:58.750,1212,28,40,
FF FF FF FF 00 25 04 C2 20 01 01 02 00 00 13 67 00 00 13 67 00 00 00 65 00 08 00 27 12 34 04 BD BB 00 00 00 AF,4967,4967,101,4660,2026-07-30 22:53:58.850,1213,8,39,
FF FF FF FF 00 25 04 C3 20 01 01 02 00 00 13 67 00 00 13 67 00 00 00 62 00 1D 00 27 12 34 04 BE BC 00 00 00 B8,4967,4967,98,4660,2026-07-30 22:53:58.950,1214,29,39,
FF FF FF FF 00 25 04 C4 20 01 01 02 00 00 13 67 00 00 13 67 00 00 00 5D 00 2E 00 27 12 34 04 BF BB 00 00 00 B5,4967,4967,93,4660,2026-07-30 22:53:59.046,1215,46,39,
FF FF FF FF 00 25 04 C5 20 01 01 02 00 00 13 67 00 00 13 67 00 00 00 57 00 3A 00 27 12 34 04 C0 BB 00 00 00 D5,4967,4967,87,4660,2026-07-30 22:53:59.146,1216,58,39,
FF FF FF FF 00 25 04 C6 20 01 01 02 00 00 13 67 00 00 13 67 00 00 00 50 00 42 00 25 12 34 04 C1 BB 00 00 00 AA,4967,4967,80,4660,2026-07-30 22:53:59.257,1217,66,37,
FF FF FF FF 00 25 04 C7 20 01 01 02 00 00 13 67 00 00 13 67 00 00 00 51 00 29 00 2B 12 34 04 C2 BE 00 00 00 C9,4967,4967,81,4660,2026-07-30 22:53:59.345,1218,41,43,
FF FF FF FF 00 25 04 C8 20 01 01 02 00 00 13 67 00 00 13 67 00 00 00 48 00 36 00 29 12 34 04 C3 BA 00 00 00 C7,4967,4967,72,4660,2026-07-30 22:53:59.444,1219,54,41,
FF FF FF FF 00 25 04 C9 20 01 01 02 00 00 13 67 00 00 13 67 00 00 00 49 00 37 00 27 12 34 04 C4 BA 00 00 00 CF,4967,4967,73,4660,2026-07-30 22:53:59.551,1220,55,39,
FF FF FF FF 00 25 04 CA 20 01 01 02 00 00 13 67 00 00 13 67 00 00 00 4E 00 37 00 27 12 34 04 C5 BC 00 00 00 CC,4967,4967,78,4660,2026-07-30 22:53:59.650,1221,55,39,
FF FF FF FF 00 25 04 CB 20 01 01 02 00 00 13 67 00 00 13 67 00 00 00 4E 00 3A 00 27 12 34 04 C6 BC 00 00 00 C3,4967,4967,78,4660,2026-07-30 22:53:59.749,1222,58,39,
FF FF FF FF 00 25 04 CC 20 01 01 02 00 00 13 67 00 00 13 67 00 00 00 56 00 42 00 15 12 34 04 C7 BF 00 00 00 94,4967,4967,86,4660,2026-07-30 22:53:59.848,1223,66,21,
FF FF FF FF 00 25 04 CD 20 01 01 02 00 00 13 67 00 00 13 67 00 00 00 5A 00 2F 00 1B 12 34 04 C8 BE 00 00 00 F4,4967,4967,90,4660,2026-07-30 22:53:59.947,1224,47,27,
FF FF FF FF 00 25 04 CE 20 01 01 02 00 00 13 67 00 00 13 67 00 00 00 57 00 3A 00 0E 12 34 04 C9 BA 00 00 00 FF,4967,4967,87,4660,2026-07-30 22:54:00.046,1225,58,14,
FF FF FF FF 00 25 04 CF 20 01 01 02 00 00 13 67 00 00 13 67 00 00 00 56 00 43 00 17 12 34 04 CA BB 00 00 00 9D,4967,4967,86,4660,2026-07-30 22:54:00.145,1226,67,23,
FF FF FF FF 00 25 04 D0 20 01 01 02 00 00 13 67 00 00 13 67 00 00 00 56 00 2D 00 1B 12 34 04 CB C0 00 00 00 9A,4967,4967,86,4660,2026-07-30 22:54:00.244,1227,45,27,
FF FF FF FF 00 25 04 D1 20 01 01 02 00 00 13 67 00 00 13 67 00 00 00 53 00 39 00 22 12 34 04 CC BE 00 00 00 CA,4967,4967,83,4660,2026-07-30 22:54:00.356,1228,57,34,
FF FF FF FF 00 25 04 D2 20 01 01 02 00 00 13 67 00 00 13 67 00 00 00 58 00 26 00 26 12 34 04 CD BB 00 00 00 DD,4967,4967,88,4660,2026-07-30 22:54:00.443,1229,38,38,
FF FF FF FF 00 25 04 D3 20 01 01 02 00 00 13 67 00 00 13 67 00 00 00 5D 00 2A 00 19 12 34 04 CE BC 00 00 00 EE,4967,4967,93,4660,2026-07-30 22:54:00.550,1230,42,25,
FF FF FF FF 00 25 04 D4 20 01 01 02 00 00 13 67 00 00 13 67 00 00 00 53 00 1B 00 1F 12 34 04 CF BF 00 00 00 D2,4967,4967,83,4660,2026-07-30 22:54:00.651,1231,27,31,
FF FF FF FF 00 25 04 D5 20 01 01 02 00 00 13 67 00 00 13 67 00 00 00 54 00 0D 00 23 12 34 04 D0 BF 00 00 00 E1,4967,4967,84,4660,2026-07-30 22:54:00.748,1232,13,35,
FF FF FF FF 00 25 04 D6 20 01 01 02 00 00 13 67 00 00 13 67 00 00 00 50 FF F5 00 24 12 34 04 D2 BB 00 00 00 E0,4967,4967,80,4660,2026-07-30 22:54:00.849,1234,-11,36,
FF FF FF FF 00 25 04 D7 20 01 01 02 00 00 13 67 00 00 13 67 00 00 00 54 FF E6 00 24 12 34 04 D3 BE 00 00 00 F2,4967,4967,84,4660,2026-07-30 22:54:00.961,1235,-26,36,
FF FF FF FF 00 25 04 D8 20 01 01 02 00 00 13 67 00 00 13 67 00 00 00 53 FF DC 00 24 12 34 04 D4 BD 00 00 00 C4,4967,4967,83,4660,2026-07-30 22:54:01.055,1236,-36,36,
FF FF FF FF 00 25 04 D9 20 01 01 02 00 00 13 67 00 00 13 67 00 00 00 4E FF D4 00 24 12 34 04 D5 BE 00 00 00 D2,4967,4967,78,4660,2026-07-30 22:54:01.155,1237,-44,36,
FF FF FF FF 00 25 04 DA 20 01 01 02 00 00 13 67 00 00 13 67 00 00 00 4D FF CE 00 23 12 34 04 D6 B9 00 00 00 CB,4967,4967,77,4660,2026-07-30 22:54:01.255,1238,-50,35,
FF FF FF FF 00 25 04 DB 20 01 01 02 00 00 13 67 00 00 13 67 00 00 00 4B FF C9 00 22 12 34 04 D7 B9 00 00 00 CB,4967,4967,75,4660,2026-07-30 22:54:01.345,1239,-55,34,
FF FF FF FF 00 25 04 DC 20 01 01 02 00 00 13 67 00 00 13 67 00 00 00 4B FF C6 00 21 12 34 04 D8 BB 00 00 00 CD,4967,4967,75,4660,2026-07-30 22:54:01.445,1240,-58,33,
FF FF FF FF 00 25 04 DD 20 01 01 02 00 00 13 67 00 00 13 67 00 00 00 4F FF CB 00 22 12 34 04 D9 B9 00 00 00 C5,4967,4967,79,4660,2026-07-30 22:54:01.555,1241,-53,34,
FF FF FF FF 00 25 04 DE 20 01 01 02 00 00 13 67 00 00 13 67 00 00 00 51 FF C9 00 22 12 34 04 DA B8 00 00 00 D8,4967,4967,81,4660,2026-07-30 22:54:01.654,1242,-55,34,
FF FF FF FF 00 25 04 DF 20 01 01 02 00 00 13 67 00 00 13 67 00 00 00 4F FF C7 00 21 12 34 04 DB B4 00 00 00 C7,4967,4967,79,4660,2026-07-30 22:54:01.754,1243,-57,33,
FF FF FF FF 00 25 04 E0 20 01 01 02 00 00 13 67 00 00 13 67 00 00 00 54 FF C6 00 21 12 34 04 DC BA 00 00 00 EB,4967,4967,84,4660,2026-07-30 22:54:01.854,1244,-58,33,
FF FF FF FF 00 25 04 E1 20 01 01 02 00 00 13 67 00 00 13 67 00 00 00 52 FF C7 00 21 12 34 04 DD B9 00 00 00 EF,4967,4967,82,4660,2026-07-30 22:54:01.951,1245,-57,33,
FF FF FF FF 00 25 04 E2 20 01 01 02 00 00 13 67 00 00 13 67 00 00 00 51 FF C8 00 22 12 34 04 DE B9 00 00 00 E0,4967,4967,81,4660,2026-07-30 22:54:02.059,1246,-56,34,
FF FF FF FF 00 25 04 E3 20 01 01 02 00 00 13 67 00 00 13 67 00 00 00 55 FF CC 00 22 12 34 04 DF B9 00 00 00 E0,4967,4967,85,4660,2026-07-30 22:54:02.146,1247,-52,34,
FF FF FF FF 00 25 04 E4 20 01 01 02 00 00 13 67 00 00 13 67 00 00 00 59 FF D4 00 26 12 34 04 E0 BB 00 00 00 CA,4967,4967,89,4660,2026-07-30 22:54:02.257,1248,-44,38,
FF FF FF FF 00 25 04 E5 20 01 01 02 00 00 13 67 00 00 13 67 00 00 00 5E FF D7 00 28 12 34 04 E1 BB 00 00 00 C0,4967,4967,94,4660,2026-07-30 22:54:02.357,1249,-41,40,
FF FF FF FF 00 25 04 E6 20 01 01 02 00 00 13 67 00 00 13 67 00 00 00 5A FF DD 00 2A 12 34 04 E2 BB 00 00 00 CC,4967,4967,90,4660,2026-07-30 22:54:02.444,1250,-35,42,
FF FF FF FF 00 25 04 E7 20 01 01 02 00 00 13 67 00 00 13 67 00 00 00 59 FF E2 00 2D 12 34 04 E3 BB 00 00 00 F7,4967,4967,89,4660,2026-07-30 22:54:02.548,1251,-30,45,
FF FF FF FF 00 25 04 E8 20 01 01 02 00 00 13 67 00 00 13 67 00 00 00 61 FF E7 00 30 12 34 04 E4 BA 00 00 00 DE,4967,4967,97,4660,2026-07-30 22:54:02.653,1252,-25,48,
FF FF FF FF 00 25 04 E9 20 01 01 02 00 00 13 67 00 00 13 67 00 00 00 60 FF E7 00 31 12 34 04 E5 BA 00 00 00 DE,4967,4967,96,4660,2026-07-30 22:54:02.753,1253,-25,49,
FF FF FF FF 00 25 04 EA 20 01 01 02 00 00 13 67 00 00 13 67 00 00 00 5E FF E0 00 2E 12 34 04 E6 BB 00 00 00 F9,4967,4967,94,4660,2026-07-30 22:54:02.852,1254,-32,46,
FF FF FF FF 00 25 04 EB 20 01 01 02 00 00 13 67 00 00 13 67 00 00 00 54 FF D8 00 2A 12 34 04 E7 BA 00 00 00 CE,4967,4967,84,4660,2026-07-30 22:54:02.952,1255,-40,42,
FF FF FF FF 00 25 04 EC 20 01 01 02 00 00 13 67 00 00 13 67 00 00 00 58 FF D9 00 2B 12 34 04 E8 BA 00 00 00 CA,4967,4967,88,4660,2026-07-30 22:54:03.056,1256,-39,43,
FF FF FF FF 00 25 04 ED 20 01 01 02 00 00 13 67 00 00 13 67 00 00 00 5F FF D2 00 28 12 34 04 E9 BB 00 00 00 C4,4967,4967,95,4660,2026-07-30 22:54:03.148,1257,-46,40,
FF FF FF FF 00 25 04 EE 20 01 01 02 00 00 13 67 00 00 13 67 00 00 00 5D FF DB 00 2C 12 34 04 EA BB 00 00 00 CB,4967,4967,93,4660,2026-07-30 22:54:03.248,1258,-37,44,
FF FF FF FF 00 25 04 EF 20 01 01 02 00 00 13 67 00 00 13 67 00 00 00 60 FF D9 00 2D 12 34 04 EB BB 00 00 00 F5,4967,4967,96,4660,2026-07-30 22:54:03.348,1259,-39,45,
FF FF FF FF 00 25 04 F0 20 01 01 02 00 00 13 67 00 00 13 67 00 00 00 64 FF D8 00 2D 12 34 04 EC BB 00 00 00 E8,4967,4967,100,4660,2026-07-30 22:54:03.458,1260,-40,45,
FF FF FF FF 00 25 04 F1 20 01 01 02 00 00 13 67 00 00 13 67 00 00 00 62 FF D0 00 29 12 34 04 ED BB 00 00 00 E2,4967,4967,98,4660,2026-07-30 22:54:03.548,1261,-48,41,
FF FF FF FF 00 25 04 F2 20 01 01 02 00 00 13 67 00 00 13 67 00 00 00 62 FF D6 00 2E 12 34 04 EE BB 00 00 00 E3,4967,4967,98,4660,2026-07-30 22:54:03.652,1262,-42,46,
FF FF FF FF 00 25 04 F3 20 01 01 02 00 00 13 67 00 00 13 67 00 00 00 62 FF DA 00 30 12 34 04 EF B9 00 00 00 F3,4967,4967,98,4660,2026-07-30 22:54:03.752,1263,-38,48,
FF FF FF FF 00 25 04 F4 20 01 01 02 00 00 13 67 00 00 13 67 00 00 00 5E FF D5 00 2C 12 34 04 F0 B8 00 00 00 C5,4967,4967,94,4660,2026-07-30 22:54:03.851,1264,-43,44,
FF FF FF FF 00 25 04 F5 20 01 01 02 00 00 13 67 00 00 13 67 00 00 00 5D FF D7 00 2D 12 34 04 F1 B4 00 00 00 C9,4967,4967,93,4660,2026-07-30 22:54:03.950,1265,-41,45,
FF FF FF FF 00 25 04 F6 20 01 01 02 00 00 13 67 00 00 13 67 00 00 00 5D FF D7 00 2C 12 34 04 F2 B9 00 00 00 C5,4967,4967,93,4660,2026-07-30 22:54:04.051,1266,-41,44,
FF FF FF FF 00 25 04 F7 20 01 01 02 00 00 13 67 00 00 13 67 00 00 00 5C FF D9 00 2D 12 34 04 F3 B9 00 00 00 CB,4967,4967,92,4660,2026-07-30 22:54:04.145,1267,-39,45,
FF FF FF FF 00 25 04 F8 20 01 01 02 00 00 13 67 00 00 13 67 00 00 00 59 FF D5 00 2B 12 34 04 F4 B3 00 00 00 C6,4967,4967,89,4660,2026-07-30 22:54:04.258,1268,-43,43,
FF FF FF FF 00 25 04 F9 20 01 01 02 00 00 13 67 00 00 13 67 00 00 00 55 FF D0 00 29 12 34 04 F5 AF 00 00 00 D1,4967,4967,85,4660,2026-07-30 22:54:04.345,1269,-48,41,
FF FF FF FF 00 25 04 FA 20 01 01 02 00 00 13 67 00 00 13 67 00 00 00 52 FF CE 00 27 12 34 04 F6 AF 00 00 00 C6,4967,4967,82,4660,2026-07-30 22:54:04.447,1270,-50,39,
FF FF FF FF 00 25 04 FB 20 01 01 02 00 00 13 67 00 00 13 67 00 00 00 51 FF CD 00 26 12 34 04 F7 B0 00 00 00 D8,4967,4967,81,4660,2026-07-30 22:54:04.546,1271,-51,38,
FF FF FF FF 00 25 04 FC 20 01 01 02 00 00 13 67 00 00 13 67 00 00 00 50 FF CD 00 26 12 34 04 F8 B4 00 00 00 D5,4967,4967,80,4660,2026-07-30 22:54:04.644,1272,-51,38,
FF FF FF FF 00 25 04 FD 20 01 01 02 00 00 13 67 00 00 13 67 00 00 00 50 FF CB 00 25 12 34 04 F9 B9 00 00 00 DD,4967,4967,80,4660,2026-07-30 22:54:04.756,1273,-53,37,
FF FF FF FF 00 25 04 FE 20 01 01 02 00 00 13 67 00 00 13 67 00 00 00 4D FF CB 00 25 12 34 04 FA B1 00 00 00 C8,4967,4967,77,4660,2026-07-30 22:54:04.855,1274,-53,37,
FF FF FF FF 00 25 04 FF 20 01 01 02 00 00 13 67 00 00 13 67 00 00 00 4B FF C9 00 23 12 34 04 FB AF 00 00 00 D4,4967,4967,75,4660,2026-07-30 22:54:04.956,1275,-55,35,
FF FF FF FF 00 25 05 00 20 01 01 02 00 00 13 67 00 00 13 67 00 00 00 4A FF C6 00 21 12 34 04 FC B1 00 00 00 3F,4967,4967,74,4660,2026-07-30 22:54:05.054,1276,-58,33,
FF FF FF FF 00 25 05 01 20 01 01 02 00 00 13 67 00 00 13 67 00 00 00 49 FF C7 00 23 12 34 04 FD BA 00 00 00 34,4967,4967,73,4660,2026-07-30 22:54:05.144,1277,-57,35,
FF FF FF FF 00 25 05 02 20 01 01 02 00 00 13 67 00 00 13 67 00 00 00 45 FF C5 00 24 12 34 04 FE BA 00 00 00 3D,4967,4967,69,4660,2026-07-30 22:54:05.255,1278,-59,36,
FF FF FF FF 00 25 05 03 20 01 01 02 00 00 13 67 00 00 13 67 00 00 00 42 FF C4 00 24 12 34 04 FF B9 00 00 00 38,4967,4967,66,4660,2026-07-30 22:54:05.355,1279,-60,36,
FF FF FF FF 00 25 05 04 20 01 01 02 00 00 13 67 00 00 13 67 00 00 00 44 FF C4 00 23 12 34 05 00 B0 00 00 00 C9,4967,4967,68,4660,2026-07-30 22:54:05.453,1280,-60,35,
FF FF FF FF 00 25 05 05 20 01 01 02 00 00 13 67 00 00 13 67 00 00 00 49 FF C5 00 23 12 34 05 01 B2 00 00 00 C7,4967,4967,73,4660,2026-07-30 22:54:05.553,1281,-59,35,
FF FF FF FF 00 25 05 06 20 01 01 02 00 00 13 67 00 00 13 67 00 00 00 4C FF C8 00 23 12 34 05 02 B9 00 00 00 C4,4967,4967,76,4660,2026-07-30 22:54:05.647,1282,-56,35,
FF FF FF FF 00 25 05 07 20 01 01 02 00 00 13 67 00 00 13 67 00 00 00 4F FF CE 00 24 12 34 05 03 BB 00 00 00 C4,4967,4967,79,4660,2026-07-30 22:54:05.747,1283,-50,36,
FF FF FF FF 00 25 05 08 20 01 01 02 00 00 13 67 00 00 13 67 00 00 00 50 FF CF 00 25 12 34 05 04 BB 00 00 00 D3,4967,4967,80,4660,2026-07-30 22:54:05.846,1284,-49,37,
FF FF FF FF 00 25 05 09 20 01 01 02 00 00 13 67 00 00 13 67 00 00 00 52 FF CF 00 25 12 34 05 05 BC 00 00 00 D6,4967,4967,82,4660,2026-07-30 22:54:05.958,1285,-49,37,
FF FF FF FF 00 25 05 0A 20 01 01 02 00 00 13 67 00 00 13 67 00 00 00 51 FF D1 00 26 12 34 05 06 C0 00 00 00 B4,4967,4967,81,4660,2026-07-30 22:54:06.045,1286,-47,38,
FF FF FF FF 00 25 05 0B 20 01 01 02 00 00 13 67 00 00 13 67 00 00 00 4A FF CA 00 25 12 34 05 07 AF 00 00 00 D8,4967,4967,74,4660,2026-07-30 22:54:06.152,1287,-54,37,
FF FF FF FF 00 25 05 0C 20 01 01 02 00 00 13 67 00 00 13 67 00 00 00 46 FF C6 00 23 12 34 05 08 B1 00 00 00 C8,4967,4967,70,4660,2026-07-30 22:54:06.251,1288,-58,35,
FF FF FF FF 00 25 05 0D 20 01 01 02 00 00 13 67 00 00 13 67 00 00 00 4D FF C4 00 24 12 34 05 09 AF 00 00 00 D8,4967,4967,77,4660,2026-07-30 22:54:06.350,1289,-60,36,
FF FF FF FF 00 25 05 0E 20 01 01 02 00 00 13 67 00 00 13 67 00 00 00 55 FF CC 00 27 12 34 05 0A BA 00 00 00 DE,4967,4967,85,4660,2026-07-30 22:54:06.450,1290,-52,39,
FF FF FF FF 00 25 05 0F 20 01 01 02 00 00 13 67 00 00 13 67 00 00 00 58 FF CC 00 27 12 34 05 0B BA 00 00 00 D3,4967,4967,88,4660,2026-07-30 22:54:06.549,1291,-52,39,
FF FF FF FF 00 25 05 10 20 01 01 02 00 00 13 67 00 00 13 67 00 00 00 58 FF D1 00 28 12 34 05 0C BA 00 00 00 D9,4967,4967,88,4660,2026-07-30 22:54:06.647,1292,-47,40,
FF FF FF FF 00 25 05 11 20 01 01 02 00 00 13 67 00 00 13 67 00 00 00 57 FF D6 00 2B 12 34 05 0D B9 00 00 00 D1,4967,4967,87,4660,2026-07-30 22:54:06.746,1293,-42,43,
FF FF FF FF 00 25 05 12 20 01 01 02 00 00 13 67 00 00 13 67 00 00 00 53 FF C9 00 24 12 34 05 0E B0 00 00 00 CC,4967,4967,83,4660,2026-07-30 22:54:06.860,1294,-55,36,
FF FF FF FF 00 25 05 13 20 01 01 02 00 00 13 67 00 00 13 67 00 00 00 4C FF C0 00 20 12 34 05 0F AE 00 00 00 C0,4967,4967,76,4660,2026-07-30 22:54:06.948,1295,-64,32,
FF FF FF FF 00 25 05 14 20 01 01 02 00 00 13 67 00 00 13 67 00 00 00 4D FF B9 00 1A 12 34 05 10 B4 00 00 00 80,4967,4967,77,4660,2026-07-30 22:54:07.047,1296,-71,26,
FF FF FF FF 00 25 05 15 20 01 01 02 00 00 13 67 00 00 13 67 00 00 00 4E FF C1 00 1E 12 34 05 11 B8 00 00 00 F3,4967,4967,78,4660,2026-07-30 22:54:07.152,1297,-63,30,
FF FF FF FF 00 25 05 16 20 01 01 02 00 00 13 67 00 00 13 67 00 00 00 4E FF C6 00 1F 12 34 05 12 AF 00 00 00 E2,4967,4967,78,4660,2026-07-30 22:54:07.251,1298,-58,31,
FF FF FF FF 00 25 05 17 20 01 01 02 00 00 13 67 00 00 13 67 00 00 00 4F FF CA 00 21 12 34 05 13 B1 00 00 00 CF,4967,4967,79,4660,2026-07-30 22:54:07.350,1299,-54,33,
FF FF FF FF 00 25 05 18 20 01 01 02 00 00 13 67 00 00 13 67 00 00 00 4F FF CD 00 23 12 34 05 14 B0 00 00 00 C3,4967,4967,79,4660,2026-07-30 22:54:07.448,1300,-51,35,
FF FF FF FF 00 25 05 19 20 01 01 02 00 00 13 67 00 00 13 67 00 00 00 4F FF CF 00 23 12 34 05 15 B4 00 00 00 C5,4967,4967,79,4660,2026-07-30 22:54:07.547,1301,-49,35,
FF FF FF FF 00 25 05 1A 20 01 01 02 00 00 13 67 00 00 13 67 00 00 00 51 FF CF 00 23 12 34 05 16 BB 00 00 00 D4,4967,4967,81,4660,2026-07-30 22:54:07.646,1302,-49,35,
FF FF FF FF 00 25 05 1B 20 01 01 02 00 00 13 67 00 00 13 67 00 00 00 52 FF D2 00 24 12 34 05 17 BE 00 00 00 C8,4967,4967,82,4660,2026-07-30 22:54:07.744,1303,-46,36,
FF FF FF FF 00 25 05 1C 20 01 01 02 00 00 13 67 00 00 13 67 00 00 00 53 FF D4 00 26 12 34 05 18 B9 00 00 00 C2,4967,4967,83,4660,2026-07-30 22:54:07.843,1304,-44,38,
FF FF FF FF 00 25 05 1D 20 01 01 02 00 00 13 67 00 00 13 67 00 00 00 51 FF D5 00 27 12 34 05 19 BA 00 00 00 C3,4967,4967,81,4660,2026-07-30 22:54:07.943,1305,-43,39,
FF FF FF FF 00 25 05 1E 20 01 01 02 00 00 13 67 00 00 13 67 00 00 00 52 FF D4 00 27 12 34 05 1A B9 00 00 00 C2,4967,4967,82,4660,2026-07-30 22:54:08.055,1306,-44,39,
FF FF FF FF 00 25 05 1F 20 01 01 02 00 00 13 67 00 00 13 67 00 00 00 50 FF D1 00 25 12 34 05 1B BA 00 00 00 C4,4967,4967,80,4660,2026-07-30 22:54:08.150,1307,-47,37,
FF FF FF FF 00 25 05 20 20 01 01 02 00 00 13 67 00 00 13 67 00 00 00 55 FF D6 00 2A 12 34 05 1C B9 00 00 00 F2,4967,4967,85,4660,2026-07-30 22:54:08.249,1308,-42,42,
FF FF FF FF 00 25 05 21 20 01 01 02 00 00 13 67 00 00 13 67 00 00 00 55 FF D6 00 2B 12 34 05 1D BA 00 00 00 F0,4967,4967,85,4660,2026-07-30 22:54:08.349,1309,-42,43,
FF FF FF FF 00 25 05 22 20 01 01 02 00 00 13 67 00 00 13 67 00 00 00 56 FF CE 00 28 12 34 05 1E BC 00 00 00 EE,4967,4967,86,4660,2026-07-30 22:54:08.446,1310,-50,40,
FF FF FF FF 00 25 05 23 20 01 01 02 00 00 13 67 00 00 13 67 00 00 00 57 FF D4 00 2B 12 34 05 1F BB 00 00 00 F1,4967,4967,87,4660,2026-07-30 22:54:08.545,1311,-44,43,
FF FF FF FF 00 25 05 24 20 01 01 02 00 00 13 67 00 00 13 67 00 00 00 58 FF D3 00 2A 12 34 05 20 BA 00 00 00 C1,4967,4967,88,4660,2026-07-30 22:54:08.645,1312,-45,42,
FF FF FF FF 00 25 05 25 20 01 01 02 00 00 13 67 00 00 13 67 00 00 00 58 FF D1 00 29 12 34 05 21 BB 00 00 00 C1,4967,4967,88,4660,2026-07-30 22:54:08.757,1313,-47,41,
FF FF FF FF 00 25 05 26 20 01 01 02 00 00 13 67 00 00 13 67 00 00 00 58 FF CF 00 28 12 34 05 22 BB 00 00 00 DE,4967,4967,88,4660,2026-07-30 22:54:08.842,1314,-49,40,
FF FF FF FF 00 25 05 27 20 01 01 02 00 00 13 67 00 00 13 67 00 00 00 5A FF D4 00 2A 12 34 05 23 B5 00 00 00 CB,4967,4967,90,4660,2026-07-30 22:54:08.954,1315,-44,42,
FF FF FF FF 00 25 05 28 20 01 01 02 00 00 13 67 00 00 13 67 00 00 00 5B FF D6 00 2A 12 34 05 24 BA 00 00 00 CF,4967,4967,91,4660,2026-07-30 22:54:09.054,1316,-42,42,
FF FF FF FF 00 25 05 29 20 01 01 02 00 00 13 67 00 00 13 67 00 00 00 5B FF D6 00 2A 12 34 05 25 BA 00 00 00 CF,4967,4967,91,4660,2026-07-30 22:54:09.155,1317,-42,42,
FF FF FF FF 00 25 05 2A 20 01 01 02 00 00 13 67 00 00 13 67 00 00 00 5D FF D6 00 2C 12 34 05 26 BA 00 00 00 CF,4967,4967,93,4660,2026-07-30 22:54:09.255,1318,-42,44,
FF FF FF FF 00 25 05 2B 20 01 01 02 00 00 13 67 00 00 13 67 00 00 00 5F FF D9 00 2E 12 34 05 27 BA 00 00 00 C0,4967,4967,95,4660,2026-07-30 22:54:09.355,1319,-39,46,
FF FF FF FF 00 25 05 2C 20 01 01 02 00 00 13 67 00 00 13 67 00 00 00 5C FF D8 00 2E 12 34 05 28 B3 00 00 00 C3,4967,4967,92,4660,2026-07-30 22:54:09.455,1320,-40,46,
FF FF FF FF 00 25 05 2D 20 01 01 02 00 00 13 67 00 00 13 67 00 00 00 5B FF D7 00 2E 12 34 05 29 B2 00 00 00 CA,4967,4967,91,4660,2026-07-30 22:54:09.553,1321,-41,46,
FF FF FF FF 00 25 05 2E 20 01 01 02 00 00 13 67 00 00 13 67 00 00 00 5D FF D8 00 2E 12 34 05 2A B8 00 00 00 C9,4967,4967,93,4660,2026-07-30 22:54:09.662,1322,-40,46,
FF FF FF FF 00 25 05 2F 20 01 01 02 00 00 13 67 00 00 13 67 00 00 00 5D FF D9 00 2E 12 34 05 2B B3 00 00 00 C3,4967,4967,93,4660,2026-07-30 22:54:09.753,1323,-39,46,
FF FF FF FF 00 25 05 30 20 01 01 02 00 00 13 67 00 00 13 67 00 00 00 5A FF D7 00 2C 12 34 05 2C B3 00 00 00 D0,4967,4967,90,4660,2026-07-30 22:54:09.852,1324,-41,44,
FF FF FF FF 00 25 05 31 20 01 01 02 00 00 13 67 00 00 13 67 00 00 00 56 FF D5 00 2A 12 34 05 2D B0 00 00 00 DB,4967,4967,86,4660,2026-07-30 22:54:09.951,1325,-43,42,
FF FF FF FF 00 25 05 32 20 01 01 02 00 00 13 67 00 00 13 67 00 00 00 53 FF D2 00 2A 12 34 05 2E B3 00 00 00 DA,4967,4967,83,4660,2026-07-30 22:54:10.051,1326,-46,42,
FF FF FF FF 00 25 05 33 20 01 01 02 00 00 13 67 00 00 13 67 00 00 00 55 FF D2 00 2A 12 34 05 2F B0 00 00 00 DF,4967,4967,85,4660,2026-07-30 22:54:10.150,1327,-46,42,
FF FF FF FF 00 25 05 34 20 01 01 02 00 00 13 67 00 00 13 67 00 00 00 5B FF D2 00 29 12 34 05 30 B8 00 00 00 C2,4967,4967,91,4660,2026-07-30 22:54:10.250,1328,-46,41,
FF FF FF FF 00 25 05 35 20 01 01 02 00 00 13 67 00 00 13 67 00 00 00 58 FF D0 00 27 12 34 05 31 B8 00 00 00 CD,4967,4967,88,4660,2026-07-30 22:54:10.349,1329,-48,39,
FF FF FF FF 00 25 05 36 20 01 01 02 00 00 13 67 00 00 13 67 00 00 00 54 FF CE 00 26 12 34 05 32 BA 00 00 00 DC,4967,4967,84,4660,2026-07-30 22:54:10.449,1330,-50,38,
FF FF FF FF 00 25 05 37 20 01 01 02 00 00 13 67 00 00 13 67 00 00 00 56 FF CB 00 26 12 34 05 33 BA 00 00 00 DB,4967,4967,86,4660,2026-07-30 22:54:10.547,1331,-53,38,
FF FF FF FF 00 25 05 38 20 01 01 02 00 00 13 67 00 00 13 67 00 00 00 60 FF C9 00 26 12 34 05 34 BB 00 00 00 E6,4967,4967,96,4660,2026-07-30 22:54:10.651,1332,-55,38,
FF FF FF FF 00 25 05 39 20 01 01 02 00 00 13 67 00 00 13 67 00 00 00 5C FF C7 00 25 12 34 05 35 BA 00 00 00 D6,4967,4967,92,4660,2026-07-30 22:54:10.750,1333,-57,37,
FF FF FF FF 00 25 05 3A 20 01 01 02 00 00 13 67 00 00 13 67 00 00 00 59 FF C8 00 26 12 34 05 36 BA 00 00 00 DF,4967,4967,89,4660,2026-07-30 22:54:10.849,1334,-56,38,
FF FF FF FF 00 25 05 3B 20 01 01 02 00 00 13 67 00 00 13 67 00 00 00 5B FF C9 00 27 12 34 05 37 BA 00 00 00 DD,4967,4967,91,4660,2026-07-30 22:54:10.949,1335,-55,39,
FF FF FF FF 00 25 05 3C 20 01 01 02 00 00 13 67 00 00 13 67 00 00 00 57 FF CE 00 29 12 34 05 38 B2 00 00 00 D8,4967,4967,87,4660,2026-07-30 22:54:11.048,1336,-50,41,
FF FF FF FF 00 25 05 3D 20 01 01 02 00 00 13 67 00 00 13 67 00 00 00 59 FF CE 00 29 12 34 05 39 BA 00 00 00 DE,4967,4967,89,4660,2026-07-30 22:54:11.147,1337,-50,41,
FF FF FF FF 00 25 05 3E 20 01 01 02 00 00 13 67 00 00 13 67 00 00 00 57 FF D0 00 2B 12 34 05 3A BA 00 00 00 CC,4967,4967,87,4660,2026-07-30 22:54:11.255,1338,-48,43,
FF FF FF FF 00 25 05 3F 20 01 01 02 00 00 13 67 00 00 13 67 00 00 00 54 FF D1 00 2A 12 34 05 3B BA 00 00 00 CF,4967,4967,84,4660,2026-07-30 22:54:11.354,1339,-47,42,
FF FF FF FF 00 25 05 40 20 01 01 02 00 00 13 67 00 00 13 67 00 00 00 51 FF D1 00 2B 12 34 05 3C B3 00 00 00 BA,4967,4967,81,4660,2026-07-30 22:54:11.454,1340,-47,43,
FF FF FF FF 00 25 05 41 20 01 01 02 00 00 13 67 00 00 13 67 00 00 00 51 FF D3 00 2C 12 34 05 3D B4 00 00 00 B8,4967,4967,81,4660,2026-07-30 22:54:11.553,1341,-45,44,
FF FF FF FF 00 25 05 42 20 01 01 02 00 00 13 67 00 00 13 67 00 00 00 52 FF D4 00 2D 12 34 05 3E B3 00 00 00 BA,4967,4967,82,4660,2026-07-30 22:54:11.653,1342,-44,45,
FF FF FF FF 00 25 05 43 20 01 01 02 00 00 13 67 00 00 13 67 00 00 00 54 FF D8 00 2F 12 34 05 3F B8 00 00 00 B9,4967,4967,84,4660,2026-07-30 22:54:11.748,1343,-40,47,
FF FF FF FF 00 25 05 44 20 01 01 02 00 00 13 67 00 00 13 67 00 00 00 54 FF D8 00 2E 12 34 05 40 BC 00 00 00 C4,4967,4967,84,4660,2026-07-30 22:54:11.849,1344,-40,46,
FF FF FF FF 00 25 05 45 20 01 01 02 00 00 13 67 00 00 13 67 00 00 00 55 FF D7 00 2D 12 34 05 41 B8 00 00 00 CD,4967,4967,85,4660,2026-07-30 22:54:11.948,1345,-41,45,
FF FF FF FF 00 25 05 46 20 01 01 02 00 00 13 67 00 00 13 67 00 00 00 5A FF DC 00 30 12 34 05 42 BB 00 00 00 D7,4967,4967,90,4660,2026-07-30 22:54:12.047,1346,-36,48,
FF FF FF FF 00 25 05 47 20 01 01 02 00 00 13 67 00 00 13 67 00 00 00 57 FF DB 00 30 12 34 05 43 B4 00 00 00 D2,4967,4967,87,4660,2026-07-30 22:54:12.148,1347,-37,48,
FF FF FF FF 00 25 05 48 20 01 01 02 00 00 13 67 00 00 13 67 00 00 00 5C FF DF 00 31 12 34 05 44 BB 00 00 00 DB,4967,4967,92,4660,2026-07-30 22:54:12.255,1348,-33,49,
FF FF FF FF 00 25 05 49 20 01 01 02 00 00 13 67 00 00 13 67 00 00 00 5B FF DF 00 31 12 34 05 45 B8 00 00 00 DF,4967,4967,91,4660,2026-07-30 22:54:12.353,1349,-33,49,
FF FF FF FF 00 25 05 4A 20 01 01 02 00 00 13 67 00 00 13 67 00 00 00 5A FF E1 00 34 12 34 05 46 BB 00 00 00 E6,4967,4967,90,4660,2026-07-30 22:54:12.452,1350,-31,52,
FF FF FF FF 00 25 05 4B 20 01 01 02 00 00 13 67 00 00 13 67 00 00 00 58 FF DE 00 32 12 34 05 47 BA 00 00 00 DC,4967,4967,88,4660,2026-07-30 22:54:12.551,1351,-34,50,
FF FF FF FF 00 25 05 4C 20 01 01 02 00 00 13 67 00 00 13 67 00 00 00 5A FF DC 00 31 12 34 05 48 BA 00 00 00 D7,4967,4967,90,4660,2026-07-30 22:54:12.651,1352,-36,49,
FF FF FF FF 00 25 05 4D 20 01 01 02 00 00 13 67 00 00 13 67 00 00 00 58 FF D4 00 2D 12 34 05 49 BA 00 00 00 C1,4967,4967,88,4660,2026-07-30 22:54:12.747,1353,-44,45,
FF FF FF FF 00 25 05 4E 20 01 01 02 00 00 13 67 00 00 13 67 00 00 00 5B FF D0 00 2C 12 34 05 4A BA 00 00 00 C7,4967,4967,91,4660,2026-07-30 22:54:12.845,1354,-48,44,
FF FF FF FF 00 25 05 4F 20 01 01 02 00 00 13 67 00 00 13 67 00 00 00 5A FF D2 00 2B 12 34 05 4B BA 00 00 00 C3,4967,4967,90,4660,2026-07-30 22:54:12.947,1355,-46,43,
FF FF FF FF 00 25 05 50 20 01 01 02 00 00 13 67 00 00 13 67 00 00 00 56 FF D3 00 2C 12 34 05 4C B4 00 00 00 DF,4967,4967,86,4660,2026-07-30 22:54:13.047,1356,-45,44,
FF FF FF FF 00 25 05 51 20 01 01 02 00 00 13 67 00 00 13 67 00 00 00 51 FF CF 00 2A 12 34 05 4D BB 00 00 00 CD,4967,4967,81,4660,2026-07-30 22:54:13.146,1357,-49,42,
FF FF FF FF 00 25 05 52 20 01 01 02 00 00 13 67 00 00 13 67 00 00 00 53 FF D0 00 29 12 34 05 4E B8 00 00 00 D0,4967,4967,83,4660,2026-07-30 22:54:13.246,1358,-48,41,
FF FF FF FF 00 25 05 53 20 01 01 02 00 00 13 67 00 00 13 67 00 00 00 51 FF D1 00 2A 12 34 05 4F B3 00 00 00 DB,4967,4967,81,4660,2026-07-30 22:54:13.345,1359,-47,42,
FF FF FF FF 00 25 05 54 20 01 01 02 00 00 13 67 00 00 13 67 00 00 00 4F FF CF 00 2A 12 34 05 50 BA 00 00 00 CA,4967,4967,79,4660,2026-07-30 22:54:13.446,1360,-49,42,
FF FF FF FF 00 25 05 55 20 01 01 02 00 00 13 67 00 00 13 67 00 00 00 50 FF CF 00 2A 12 34 05 51 B4 00 00 00 DB,4967,4967,80,4660,2026-07-30 22:54:13.544,1361,-49,42,
FF FF FF FF 00 25 05 56 20 01 01 02 00 00 13 67 00 00 13 67 00 00 00 4F FF D2 00 2D 12 34 05 52 BA 00 00 00 D0,4967,4967,79,4660,2026-07-30 22:54:13.645,1362,-46,45,
FF FF FF FF 00 25 05 57 20 01 01 02 00 00 13 67 00 00 13 67 00 00 00 4F FF D1 00 2C 12 34 05 53 B3 00 00 00 DB,4967,4967,79,4660,2026-07-30 22:54:13.745,1363,-47,44,
FF FF FF FF 00 25 05 58 20 01 01 02 00 00 13 67 00 00 13 67 00 00 00 51 FF D3 00 2C 12 34 05 54 B5 00 00 00 C9,4967,4967,81,4660,2026-07-30 22:54:13.846,1364,-45,44,
FF FF FF FF 00 25 05 59 20 01 01 02 00 00 13 67 00 00 13 67 00 00 00 53 FF D5 00 2C 12 34 05 55 B7 00 00 00 CF,4967,4967,83,4660,2026-07-30 22:54:13.945,1365,-43,44,
FF FF FF FF 00 25 05 5A 20 01 01 02 00 00 13 67 00 00 13 67 00 00 00 55 FF D8 00 2E 12 34 05 56 BC 00 00 00 CD,4967,4967,85,4660,2026-07-30 22:54:14.043,1366,-40,46,
FF FF FF FF 00 25 05 5B 20 01 01 02 00 00 13 67 00 00 13 67 00 00 00 56 FF DA 00 2F 12 34 05 57 B9 00 00 00 C8,4967,4967,86,4660,2026-07-30 22:54:14.144,1367,-38,47,
FF FF FF FF 00 25 05 5C 20 01 01 02 00 00 13 67 00 00 13 67 00 00 00 57 FF DC 00 32 12 34 05 58 B9 00 00 00 DA,4967,4967,87,4660,2026-07-30 22:54:14.250,1368,-36,50,
FF FF FF FF 00 25 05 5D 20 01 01 02 00 00 13 67 00 00 13 67 00 00 00 57 FF DC 00 33 12 34 05 59 B9 00 00 00 DB,4967,4967,87,4660,2026-07-30 22:54:14.350,1369,-36,51,
FF FF FF FF 00 25 05 5E 20 01 01 02 00 00 13 67 00 00 13 67 00 00 00 52 FF DC 00 34 12 34 05 5A BB 00 00 00 DB,4967,4967,82,4660,2026-07-30 22:54:14.449,1370,-36,52,
FF FF FF FF 00 25 05 5F 20 01 01 02 00 00 13 67 00 00 13 67 00 00 00 55 FF DC 00 34 12 34 05 5B BA 00 00 00 DD,4967,4967,85,4660,2026-07-30 22:54:14.550,1371,-36,52,
FF FF FF FF 00 25 05 60 20 01 01 02 00 00 13 67 00 00 13 67 00 00 00 58 FF DA 00 33 12 34 05 5C BF 00 00 00 EC,4967,4967,88,4660,2026-07-30 22:54:14.650,1372,-38,51,
FF FF FF FF 00 25 05 61 20 01 01 02 00 00 13 67 00 00 13 67 00 00 00 57 FF D6 00 33 12 34 05 5D B9 00 00 00 E9,4967,4967,87,4660,2026-07-30 22:54:14.749,1373,-42,51,
FF FF FF FF 00 25 05 62 20 01 01 02 00 00 13 67 00 00 13 67 00 00 00 57 FF D7 00 34 12 34 05 5E B9 00 00 00 EF,4967,4967,87,4660,2026-07-30 22:54:14.849,1374,-41,52,
FF FF FF FF 00 25 05 63 20 01 01 02 00 00 13 67 00 00 13 67 00 00 00 50 FF D1 00 30 12 34 05 5F BB 00 00 00 E8,4967,4967,80,4660,2026-07-30 22:54:14.950,1375,-47,48,
FF FF FF FF 00 25 05 64 20 01 01 02 00 00 13 67 00 00 13 67 00 00 00 5D FF D7 00 31 12 34 05 60 BD 00 00 00 DC,4967,4967,93,4660,2026-07-30 22:54:15.050,1376,-41,49,
FF FF FF FF 00 25 05 65 20 01 01 02 00 00 13 67 00 00 13 67 00 00 00 58 FF CC 00 2D 12 34 05 61 BB 00 00 00 D8,4967,4967,88,4660,2026-07-30 22:54:15.150,1377,-52,45,
FF FF FF FF 00 25 05 66 20 01 01 02 00 00 13 67 00 00 13 67 00 00 00 5D FF C2 00 2A 12 34 05 62 BB 00 00 00 D4,4967,4967,93,4660,2026-07-30 22:54:15.257,1378,-62,42,
FF FF FF FF 00 25 05 67 20 01 01 02 00 00 13 67 00 00 13 67 00 00 00 57 FF C4 00 2A 12 34 05 63 B9 00 00 00 DA,4967,4967,87,4660,2026-07-30 22:54:15.344,1379,-60,42,
FF FF FF FF 00 25 05 68 20 01 01 02 00 00 13 67 00 00 13 67 00 00 00 57 FF CB 00 31 12 34 05 64 BB 00 00 00 C4,4967,4967,87,4660,2026-07-30 22:54:15.444,1380,-53,49,
FF FF FF FF 00 25 05 69 20 01 01 02 00 00 13 67 00 00 13 67 00 00 00 56 FF C6 00 2D 12 34 05 65 BA 00 00 00 D5,4967,4967,86,4660,2026-07-30 22:54:15.544,1381,-58,45,
FF FF FF FF 00 25 05 6A 20 01 01 02 00 00 13 67 00 00 13 67 00 00 00 5B FF CD 00 31 12 34 05 66 B9 00 00 00 CC,4967,4967,91,4660,2026-07-30 22:54:15.655,1382,-51,49,
FF FF FF FF 00 25 05 6B 20 01 01 02 00 00 13 67 00 00 13 67 00 00 00 59 FF CF 00 30 12 34 05 67 B3 00 00 00 C7,4967,4967,89,4660,2026-07-30 22:54:15.747,1383,-49,48,
FF FF FF FF 00 25 05 6C 20 01 01 02 00 00 13 67 00 00 13 67 00 00 00 53 FF C6 00 2C 12 34 05 68 B3 00 00 00 D0,4967,4967,83,4660,2026-07-30 22:54:15.853,1384,-58,44,
FF FF FF FF 00 25 05 6D 20 01 01 02 00 00 13 67 00 00 13 67 00 00 00 4F FF CA 00 2E 12 34 05 69 B4 00 00 00 C5,4967,4967,79,4660,2026-07-30 22:54:15.958,1385,-54,46,
FF FF FF FF 00 25 05 6E 20 01 01 02 00 00 13 67 00 00 13 67 00 00 00 54 FF CD 00 32 12 34 05 6A B9 00 00 00 C8,4967,4967,84,4660,2026-07-30 22:54:16.050,1386,-51,50,
FF FF FF FF 00 25 05 6F 20 01 01 02 00 00 13 67 00 00 13 67 00 00 00 52 FF CA 00 35 12 34 05 6B B0 00 00 00 C7,4967,4967,82,4660,2026-07-30 22:54:16.148,1387,-54,53,
FF FF FF FF 00 25 05 70 20 01 01 02 00 00 13 67 00 00 13 67 00 00 00 5A FF C6 00 32 12 34 05 6C B9 00 00 00 D5,4967,4967,90,4660,2026-07-30 22:54:16.254,1388,-58,50,
FF FF FF FF 00 25 05 71 20 01 01 02 00 00 13 67 00 00 13 67 00 00 00 5E FF C5 00 32 12 34 05 6D BA 00 00 00 D1,4967,4967,94,4660,2026-07-30 22:54:16.358,1389,-59,50,
FF FF FF FF 00 25 05 72 20 01 01 02 00 00 13 67 00 00 13 67 00 00 00 50 FF C7 00 35 12 34 05 6E BA 00 00 00 DA,4967,4967,80,4660,2026-07-30 22:54:16.445,1390,-57,53,
FF FF FF FF 00 25 05 73 20 01 01 02 00 00 13 67 00 00 13 67 00 00 00 5C FF C6 00 31 12 34 05 6F B9 00 00 00 D0,4967,4967,92,4660,2026-07-30 22:54:16.543,1391,-58,49,
FF FF FF FF 00 25 05 74 20 01 01 02 00 00 13 67 00 00 13 67 00 00 00 5E FF C8 00 31 12 34 05 70 B9 00 00 00 C4,4967,4967,94,4660,2026-07-30 22:54:16.653,1392,-56,49,
FF FF FF FF 00 25 05 75 20 01 01 02 00 00 13 67 00 00 13 67 00 00 00 5D FF C9 00 32 12 34 05 71 BA 00 00 00 C6,4967,4967,93,4660,2026-07-30 22:54:16.759,1393,-55,50,
FF FF FF FF 00 25 05 76 20 01 01 02 00 00 13 67 00 00 13 67 00 00 00 5C FF C5 00 2F 12 34 05 72 BD 00 00 00 D1,4967,4967,92,4660,2026-07-30 22:54:16.851,1394,-59,47,
FF FF FF FF 00 25 05 77 20 01 01 02 00 00 13 67 00 00 13 67 00 00 00 5A FF C8 00 2E 12 34 05 73 BB 00 00 00 DD,4967,4967,90,4660,2026-07-30 22:54:16.950,1395,-56,46,
FF FF FF FF 00 25 05 78 20 01 01 02 00 00 13 67 00 00 13 67 00 00 00 5B FF C6 00 2D 12 34 05 74 BB 00 00 00 D9,4967,4967,91,4660,2026-07-30 22:54:17.050,1396,-58,45,
FF FF FF FF 00 25 05 79 20 01 01 02 00 00 13 67 00 00 13 67 00 00 00 5A FF CA 00 32 12 34 05 75 BB 00 00 00 CB,4967,4967,90,4660,2026-07-30 22:54:17.148,1397,-54,50,
FF FF FF FF 00 25 05 7A 20 01 01 02 00 00 13 67 00 00 13 67 00 00 00 55 FF C9 00 2F 12 34 05 76 B9 00 00 00 D8,4967,4967,85,4660,2026-07-30 22:54:17.250,1398,-55,47,
FF FF FF FF 00 25 05 7B 20 01 01 02 00 00 13 67 00 00 13 67 00 00 00 5E FF D6 00 2E 12 34 05 77 B8 00 00 00 CC,4967,4967,94,4660,2026-07-30 22:54:17.351,1399,-42,46,
FF FF FF FF 00 25 05 7C 20 01 01 02 00 00 13 67 00 00 13 67 00 00 00 53 FF D1 00 2B 12 34 05 78 B9 00 00 00 CA,4967,4967,83,4660,2026-07-30 22:54:17.449,1400,-47,43,
FF FF FF FF 00 25 05 7D 20 01 01 02 00 00 13 67 00 00 13 67 00 00 00 60 FF CE 00 29 12 34 05 79 B9 00 00 00 E4,4967,4967,96,4660,2026-07-30 22:54:17.550,1401,-50,41,
FF FF FF FF 00 25 05 7E 20 01 01 02 00 00 13 67 00 00 13 67 00 00 00 63 FF CA 00 28 12 34 05 7A BD 00 00 00 E6,4967,4967,99,4660,2026-07-30 22:54:17.648,1402,-54,40,
FF FF FF FF 00 25 05 7F 20 01 01 02 00 00 13 67 00 00 13 67 00 00 00 6B FF C8 00 27 12 34 05 7B B4 00 00 00 EA,4967,4967,107,4660,2026-07-30 22:54:17.747,1403,-56,39,
FF FF FF FF 00 25 05 80 20 01 01 02 00 00 13 67 00 00 13 67 00 00 00 64 FF CC 00 27 12 34 05 7C BC 00 00 00 11,4967,4967,100,4660,2026-07-30 22:54:17.843,1404,-52,39,
FF FF FF FF 00 25 05 81 20 01 01 02 00 00 13 67 00 00 13 67 00 00 00 65 FF C9 00 28 12 34 05 7D B8 00 00 00 1E,4967,4967,101,4660,2026-07-30 22:54:17.943,1405,-55,40,
FF FF FF FF 00 25 05 82 20 01 01 02 00 00 13 67 00 00 13 67 00 00 00 60 FF D3 00 28 12 34 05 7E B0 00 00 00 09,4967,4967,96,4660,2026-07-30 22:54:18.055,1406,-45,40,
FF FF FF FF 00 25 05 83 20 01 01 02 00 00 13 67 00 00 13 67 00 00 00 5F FF DB 00 28 12 34 05 7F B8 00 00 00 36,4967,4967,95,4660,2026-07-30 22:54:18.155,1407,-37,40,
FF FF FF FF 00 25 05 79 20 01 01 02 00 00 13 67 00 00 13 67 00 00 00 5A FF CA 00 32 12 34 05 75 BB 00 00 00 CB,4967,4967,90,4660,2026-07-30 22:54:17.148,1397,-54,50,
FF FF FF FF 00 25 05 7A 20 01 01 02 00 00 13 67 00 00 13 67 00 00 00 55 FF C9 00 2F 12 34 05 76 B9 00 00 00 D8,4967,4967,85,4660,2026-07-30 22:54:17.250,1398,-55,47,
FF FF FF FF 00 25 05 7B 20 01 01 02 00 00 13 67 00 00 13 67 00 00 00 5E FF D6 00 2E 12 34 05 77 B8 00 00 00 CC,4967,4967,94,4660,2026-07-30 22:54:17.351,1399,-42,46,
FF FF FF FF 00 25 05 7C 20 01 01 02 00 00 13 67 00 00 13 67 00 00 00 53 FF D1 00 2B 12 34 05 78 B9 00 00 00 CA,4967,4967,83,4660,2026-07-30 22:54:17.449,1400,-47,43,
FF FF FF FF 00 25 05 7D 20 01 01 02 00 00 13 67 00 00 13 67 00 00 00 60 FF CE 00 29 12 34 05 79 B9 00 00 00 E4,4967,4967,96,4660,2026-07-30 22:54:17.550,1401,-50,41,
FF FF FF FF 00 25 05 7E 20 01 01 02 00 00 13 67 00 00 13 67 00 00 00 63 FF CA 00 28 12 34 05 7A BD 00 00 00 E6,4967,4967,99,4660,2026-07-30 22:54:17.648,1402,-54,40,
FF FF FF FF 00 25 05 7F 20 01 01 02 00 00 13 67 00 00 13 67 00 00 00 6B FF C8 00 27 12 34 05 7B B4 00 00 00 EA,4967,4967,107,4660,2026-07-30 22:54:17.747,1403,-56,39,
FF FF FF FF 00 25 05 80 20 01 01 02 00 00 13 67 00 00 13 67 00 00 00 64 FF CC 00 27 12 34 05 7C BC 00 00 00 11,4967,4967,100,4660,2026-07-30 22:54:17.843,1404,-52,39,
FF FF FF FF 00 25 05 81 20 01 01 02 00 00 13 67 00 00 13 67 00 00 00 65 FF C9 00 28 12 34 05 7D B8 00 00 00 1E,4967,4967,101,4660,2026-07-30 22:54:17.943,1405,-55,40,
FF FF FF FF 00 25 05 82 20 01 01 02 00 00 13 67 00 00 13 67 00 00 00 60 FF D3 00 28 12 34 05 7E B0 00 00 00 09,4967,4967,96,4660,2026-07-30 22:54:18.055,1406,-45,40,
FF FF FF FF 00 25 05 8E 20 01 01 02 00 00 13 67 00 00 13 67 00 00 00 5A FF EB 00 2B 12 34 05 8A B8 00 00 00 F8,4967,4967,90,4660,2026-07-30 22:54:19.250,1418,-21,43,
FF FF FF FF 00 25 05 8F 20 01 01 02 00 00 13 67 00 00 13 67 00 00 00 64 FF EA 00 2A 12 34 05 8B B3 00 00 00 CD,4967,4967,100,4660,2026-07-30 22:54:19.346,1419,-22,42,
FF FF FF FF 00 25 05 90 20 01 01 02 00 00 13 67 00 00 13 67 00 00 00 5A FF E4 00 29 12 34 05 8C BB 00 00 00 EE,4967,4967,90,4660,2026-07-30 22:54:19.456,1420,-28,41,
FF FF FF FF 00 25 05 91 20 01 01 02 00 00 13 67 00 00 13 67 00 00 00 5B FF E6 00 29 12 34 05 8D B8 00 00 00 EE,4967,4967,91,4660,2026-07-30 22:54:19.555,1421,-26,41,
FF FF FF FF 00 25 05 92 20 01 01 02 00 00 13 67 00 00 13 67 00 00 00 64 FF E7 00 2A 12 34 05 8E B8 00 00 00 D3,4967,4967,100,4660,2026-07-30 22:54:19.655,1422,-25,42,
FF FF FF FF 00 25 05 93 20 01 01 02 00 00 13 67 00 00 13 67 00 00 00 61 FF EB 00 2A 12 34 05 8F B9 00 00 00 DB,4967,4967,97,4660,2026-07-30 22:54:19.754,1423,-21,42,
FF FF FF FF 00 25 05 94 20 01 01 02 00 00 13 67 00 00 13 67 00 00 00 5B FF E2 00 28 12 34 05 90 B8 00 00 00 F3,4967,4967,91,4660,2026-07-30 22:54:19.850,1424,-30,40,
FF FF FF FF 00 25 05 95 20 01 01 02 00 00 13 67 00 00 13 67 00 00 00 58 FF DC 00 27 12 34 05 91 B8 00 00 00 C1,4967,4967,88,4660,2026-07-30 22:54:19.951,1425,-36,39,
FF FF FF FF 00 25 05 96 20 01 01 02 00 00 13 67 00 00 13 67 00 00 00 56 FF E6 00 2A 12 34 05 92 BC 00 00 00 FC,4967,4967,86,4660,2026-07-30 22:54:20.050,1426,-26,42,
FF FF FF FF 00 25 05 97 20 01 01 02 00 00 13 67 00 00 13 67 00 00 00 54 FF DD 00 28 12 34 05 93 B8 00 00 00 C3,4967,4967,84,4660,2026-07-30 22:54:20.149,1427,-35,40,
FF FF FF FF 00 25 05 98 20 01 01 02 00 00 13 67 00 00 13 67 00 00 00 55 FF E1 00 29 12 34 05 94 B9 00 00 00 F6,4967,4967,85,4660,2026-07-30 22:54:20.249,1428,-31,41,
FF FF FF FF 00 25 05 99 20 01 01 02 00 00 13 67 00 00 13 67 00 00 00 54 FF E5 00 29 12 34 05 95 B8 00 00 00 F2,4967,4967,84,4660,2026-07-30 22:54:20.357,1429,-27,41,
FF FF FF FF 00 25 05 9A 20 01 01 02 00 00 13 67 00 00 13 67 00 00 00 57 FF EF 00 2A 12 34 05 96 BB 00 00 00 FB,4967,4967,87,4660,2026-07-30 22:54:20.456,1430,-17,42,
FF FF FF FF 00 25 05 9B 20 01 01 02 00 00 13 67 00 00 13 67 00 00 00 5C FF E5 00 27 12 34 05 97 B8 00 00 00 F4,4967,4967,92,4660,2026-07-30 22:54:21.424,1431,-27,39,
FF FF FF FF 00 25 05 9C 20 01 01 02 00 00 13 67 00 00 13 67 00 00 00 59 FF EA 00 29 12 34 05 98 B8 00 00 00 F8,4967,4967,89,4660,2026-07-30 22:54:22.094,1432,-22,41,
FF FF FF FF 00 25 05 9D 20 01 01 02 00 00 13 67 00 00 13 67 00 00 00 4E FF E0 00 25 12 34 05 99 B8 00 00 00 E9,4967,4967,78,4660,2026-07-30 22:54:22.143,1433,-32,37,
FF FF FF FF 00 25 05 9E 20 01 01 02 00 00 13 67 00 00 13 67 00 00 00 4B FF D7 00 23 12 34 05 9A B8 00 00 00 DD,4967,4967,75,4660,2026-07-30 22:54:22.254,1434,-41,35,
FF FF FF FF 00 25 05 9F 20 01 01 02 00 00 13 67 00 00 13 67 00 00 00 48 FF D1 00 21 12 34 05 9B B8 00 00 00 DA,4967,4967,72,4660,2026-07-30 22:54:22.360,1435,-47,33,
FF FF FF FF 00 25 05 A0 20 01 01 02 00 00 13 67 00 00 13 67 00 00 00 4A FF CB 00 20 12 34 05 9C B8 00 00 00 FB,4967,4967,74,4660,2026-07-30 22:54:22.451,1436,-53,32,
FF FF FF FF 00 25 05 A1 20 01 01 02 00 00 13 67 00 00 13 67 00 00 00 49 FF C8 00 1F 12 34 05 9D B8 00 00 00 C4,4967,4967,73,4660,2026-07-30 22:54:22.551,1437,-56,31,
FF FF FF FF 00 25 05 A2 20 01 01 02 00 00 13 67 00 00 13 67 00 00 00 44 FF C7 00 1E 12 34 05 9E B8 00 00 00 C7,4967,4967,68,4660,2026-07-30 22:54:22.653,1438,-57,30,
FF FF FF FF 00 25 05 A3 20 01 01 02 00 00 13 67 00 00 13 67 00 00 00 44 FF C4 00 1E 12 34 05 9F B9 00 00 00 C5,4967,4967,68,4660,2026-07-30 22:54:22.752,1439,-60,30,
FF FF FF FF 00 25 05 A4 20 01 01 02 00 00 13 67 00 00 13 67 00 00 00 40 FF C3 00 1C 12 34 05 A0 B7 00 00 00 F2,4967,4967,64,4660,2026-07-30 22:54:22.857,1440,-61,28,
FF FF FF FF 00 25 05 A5 20 01 01 02 00 00 13 67 00 00 13 67 00 00 00 40 FF D0 00 21 12 34 05 A1 BB 00 00 00 D0,4967,4967,64,4660,2026-07-30 22:54:22.958,1441,-48,33,
FF FF FF FF 00 25 05 A6 20 01 01 02 00 00 13 67 00 00 13 67 00 00 00 41 FF CC 00 20 12 34 05 A2 B8 00 00 00 CF,4967,4967,65,4660,2026-07-30 22:54:23.057,1442,-52,32,
FF FF FF FF 00 25 05 A7 20 01 01 02 00 00 13 67 00 00 13 67 00 00 00 3E FF CA 00 1F 12 34 05 A3 B8 00 00 00 89,4967,4967,62,4660,2026-07-30 22:54:23.143,1443,-54,31,
FF FF FF FF 00 25 05 A8 20 01 01 02 00 00 13 67 00 00 13 67 00 00 00 40 FF C8 00 1D 12 34 05 A4 B7 00 00 00 F0,4967,4967,64,4660,2026-07-30 22:54:23.254,1444,-56,29,
FF FF FF FF 00 25 05 A9 20 01 01 02 00 00 13 67 00 00 13 67 00 00 00 42 FF C9 00 1C 12 34 05 A5 BB 00 00 00 FE,4967,4967,66,4660,2026-07-30 22:54:23.359,1445,-55,28,
FF FF FF FF 00 25 05 AA 20 01 01 02 00 00 13 67 00 00 13 67 00 00 00 41 FF C8 00 1B 12 34 05 A6 B8 00 00 00 F8,4967,4967,65,4660,2026-07-30 22:54:23.450,1446,-56,27,
FF FF FF FF 00 25 05 AB 20 01 01 02 00 00 13 67 00 00 13 67 00 00 00 41 FF C5 00 1A 12 34 05 A7 B7 00 00 00 FB,4967,4967,65,4660,2026-07-30 22:54:23.549,1447,-59,26,
FF FF FF FF 00 25 05 AC 20 01 01 02 00 00 13 67 00 00 13 67 00 00 00 41 FF C6 00 1A 12 34 05 A8 B8 00 00 00 FF,4967,4967,65,4660,2026-07-30 22:54:23.649,1448,-58,26,
FF FF FF FF 00 25 05 AD 20 01 01 02 00 00 13 67 00 00 13 67 00 00 00 43 FF C6 00 19 12 34 05 A9 B7 00 00 00 F1,4967,4967,67,4660,2026-07-30 22:54:23.748,1449,-58,25,
FF FF FF FF 00 25 05 AE 20 01 01 02 00 00 13 67 00 00 13 67 00 00 00 41 FF C4 00 19 12 34 05 AA B8 00 00 00 FE,4967,4967,65,4660,2026-07-30 22:54:23.850,1450,-60,25,
FF FF FF FF 00 25 05 AF 20 01 01 02 00 00 13 67 00 00 13 67 00 00 00 41 FF C5 00 1A 12 34 05 AB B8 00 00 00 FC,4967,4967,65,4660,2026-07-30 22:54:23.956,1451,-59,26,
FF FF FF FF 00 25 05 B0 20 01 01 02 00 00 13 67 00 00 13 67 00 00 00 41 FF C5 00 1A 12 34 05 AC B8 00 00 00 E4,4967,4967,65,4660,2026-07-30 22:54:24.043,1452,-59,26,
FF FF FF FF 00 25 05 B1 20 01 01 02 00 00 13 67 00 00 13 67 00 00 00 3F FF BD 00 1A 12 34 05 AD AE 00 00 00 F4,4967,4967,63,4660,2026-07-30 22:54:24.153,1453,-67,26,
FF FF FF FF 00 25 05 B2 20 01 01 02 00 00 13 67 00 00 13 67 00 00 00 40 FF BB 00 19 12 34 05 AE B7 00 00 00 97,4967,4967,64,4660,2026-07-30 22:54:24.254,1454,-69,25,
FF FF FF FF 00 25 05 B3 20 01 01 02 00 00 13 67 00 00 13 67 00 00 00 42 FF BF 00 19 12 34 05 AF B2 00 00 00 94,4967,4967,66,4660,2026-07-30 22:54:24.355,1455,-65,25,
FF FF FF FF 00 25 05 B4 20 01 01 02 00 00 13 67 00 00 13 67 00 00 00 44 FF C1 00 19 12 34 05 B0 B8 00 00 00 FE,4967,4967,68,4660,2026-07-30 22:54:24.449,1456,-63,25,
FF FF FF FF 00 25 05 B5 20 01 01 02 00 00 13 67 00 00 13 67 00 00 00 45 FF C1 00 19 12 34 05 B1 B2 00 00 00 F5,4967,4967,69,4660,2026-07-30 22:54:24.546,1457,-63,25,
FF FF FF FF 00 25 05 B6 20 01 01 02 00 00 13 67 00 00 13 67 00 00 00 46 FF C3 00 19 12 34 05 B2 B2 00 00 00 F4,4967,4967,70,4660,2026-07-30 22:54:24.645,1458,-61,25,
FF FF FF FF 00 25 05 B7 20 01 01 02 00 00 13 67 00 00 13 67 00 00 00 47 FF C4 00 19 12 34 05 B3 B8 00 00 00 F8,4967,4967,71,4660,2026-07-30 22:54:24.755,1459,-60,25,
FF FF FF FF 00 25 05 B8 20 01 01 02 00 00 13 67 00 00 13 67 00 00 00 45 FF C5 00 18 12 34 05 B4 B2 00 00 00 F8,4967,4967,69,4660,2026-07-30 22:54:24.853,1460,-59,24,
FF FF FF FF 00 25 05 B9 20 01 01 02 00 00 13 67 00 00 13 67 00 00 00 46 FF C6 00 18 12 34 05 B5 B8 00 00 00 F2,4967,4967,70,4660,2026-07-30 22:54:24.954,1461,-58,24,
FF FF FF FF 00 25 05 BA 20 01 01 02 00 00 13 67 00 00 13 67 00 00 00 44 FF C6 00 18 12 34 05 B6 B2 00 00 00 FA,4967,4967,68,4660,2026-07-30 22:54:25.053,1462,-58,24,
FF FF FF FF 00 25 05 BB 20 01 01 02 00 00 13 67 00 00 13 67 00 00 00 46 FF C6 00 18 12 34 05 B7 B3 00 00 00 F9,4967,4967,70,4660,2026-07-30 22:54:25.153,1463,-58,24,
FF FF FF FF 00 25 05 BC 20 01 01 02 00 00 13 67 00 00 13 67 00 00 00 46 FF C6 00 18 12 34 05 B8 B2 00 00 00 F0,4967,4967,70,4660,2026-07-30 22:54:25.250,1464,-58,24,
FF FF FF FF 00 25 05 BD 20 01 01 02 00 00 13 67 00 00 13 67 00 00 00 47 FF C7 00 18 12 34 05 B9 B3 00 00 00 F1,4967,4967,71,4660,2026-07-30 22:54:25.351,1465,-57,24,
FF FF FF FF 00 25 05 BE 20 01 01 02 00 00 13 67 00 00 13 67 00 00 00 48 FF C6 00 17 12 34 05 BA B7 00 00 00 F4,4967,4967,72,4660,2026-07-30 22:54:25.446,1466,-58,23,
FF FF FF FF 00 25 05 BF 20 01 01 02 00 00 13 67 00 00 13 67 00 00 00 48 FF C7 00 17 12 34 05 BB B2 00 00 00 F0,4967,4967,72,4660,2026-07-30 22:54:25.545,1467,-57,23,
FF FF FF FF 00 25 05 C0 20 01 01 02 00 00 13 67 00 00 13 67 00 00 00 47 FF C9 00 17 12 34 05 BC B8 00 00 00 83,4967,4967,71,4660,2026-07-30 22:54:25.644,1468,-55,23,
FF FF FF FF 00 25 05 C1 20 01 01 02 00 00 13 67 00 00 13 67 00 00 00 40 FF C7 00 18 12 34 05 BD B2 00 00 00 8F,4967,4967,64,4660,2026-07-30 22:54:25.743,1469,-57,24,
FF FF FF FF 00 25 05 C2 20 01 01 02 00 00 13 67 00 00 13 67 00 00 00 41 FF C8 00 19 12 34 05 BE B3 00 00 00 81,4967,4967,65,4660,2026-07-30 22:54:25.855,1470,-56,25,
FF FF FF FF 00 25 05 C3 20 01 01 02 00 00 13 67 00 00 13 67 00 00 00 40 FF CA 00 19 12 34 05 BF B8 00 00 00 89,4967,4967,64,4660,2026-07-30 22:54:25.952,1471,-54,25,
FF FF FF FF 00 25 05 C4 20 01 01 02 00 00 13 67 00 00 13 67 00 00 00 43 FF C0 00 19 12 34 05 C0 AD 00 00 00 ED,4967,4967,67,4660,2026-07-30 22:54:26.052,1472,-64,25,
FF FF FF FF 00 25 05 C5 20 01 01 02 00 00 13 67 00 00 13 67 00 00 00 4D FF CD 00 22 12 34 05 C1 B9 00 00 00 C1,4967,4967,77,4660,2026-07-30 22:54:26.152,1473,-51,34,
FF FF FF FF 00 25 05 C6 20 01 01 02 00 00 13 67 00 00 13 67 00 00 00 57 FF CC 00 22 12 34 05 C2 B9 00 00 00 DA,4967,4967,87,4660,2026-07-30 22:54:26.252,1474,-52,34,
FF FF FF FF 00 25 05 C7 20 01 01 02 00 00 13 67 00 00 13 67 00 00 00 63 FF C2 00 1E 12 34 05 C3 B0 00 00 00 D5,4967,4967,99,4660,2026-07-30 22:54:26.351,1475,-62,30,
FF FF FF FF 00 25 05 C8 20 01 01 02 00 00 13 67 00 00 13 67 00 00 00 61 FF C1 00 1E 12 34 05 C4 B3 00 00 00 DF,4967,4967,97,4660,2026-07-30 22:54:26.451,1476,-63,30,
FF FF FF FF 00 25 05 C9 20 01 01 02 00 00 13 67 00 00 13 67 00 00 00 65 FF CA 00 23 12 34 05 C5 AF 00 00 00 F1,4967,4967,101,4660,2026-07-30 22:54:26.549,1477,-54,35,
FF FF FF FF 00 25 05 CA 20 01 01 02 00 00 13 67 00 00 13 67 00 00 00 69 FF D2 00 27 12 34 05 C6 AF 00 00 00 E1,4967,4967,105,4660,2026-07-30 22:54:26.648,1478,-46,39,
FF FF FF FF 00 25 05 CB 20 01 01 02 00 00 13 67 00 00 13 67 00 00 00 68 FF DC 00 2D 12 34 05 C7 AE 00 00 00 E5,4967,4967,104,4660,2026-07-30 22:54:26.747,1479,-36,45,
FF FF FF FF 00 25 05 CC 20 01 01 02 00 00 13 67 00 00 13 67 00 00 00 65 FF D3 00 2A 12 34 05 C8 B3 00 00 00 F5,4967,4967,101,4660,2026-07-30 22:54:26.845,1480,-45,42,
FF FF FF FF 00 25 05 CD 20 01 01 02 00 00 13 67 00 00 13 67 00 00 00 5F FF CD 00 29 12 34 05 C9 B8 00 00 00 D9,4967,4967,95,4660,2026-07-30 22:54:26.956,1481,-51,41,
FF FF FF FF 00 25 05 CE 20 01 01 02 00 00 13 67 00 00 13 67 00 00 00 59 FF CB 00 25 12 34 05 CA B8 00 00 00 D5,4967,4967,89,4660,2026-07-30 22:54:27.043,1482,-53,37,
FF FF FF FF 00 25 05 CF 20 01 01 02 00 00 13 67 00 00 13 67 00 00 00 5A FF D7 00 29 12 34 05 CB B1 00 00 00 CF,4967,4967,90,4660,2026-07-30 22:54:27.153,1483,-41,41,
FF FF FF FF 00 25 05 D0 20 01 01 02 00 00 13 67 00 00 13 67 00 00 00 56 FF D2 00 2C 12 34 05 CC B1 00 00 00 DB,4967,4967,86,4660,2026-07-30 22:54:27.242,1484,-46,44,
FF FF FF FF 00 25 05 D1 20 01 01 02 00 00 13 67 00 00 13 67 00 00 00 54 FF DC 00 33 12 34 05 CD B0 00 00 00 C9,4967,4967,84,4660,2026-07-30 22:54:27.354,1485,-36,51,
FF FF FF FF 00 25 05 D2 20 01 01 02 00 00 13 67 00 00 13 67 00 00 00 62 FF DB 00 37 12 34 05 CE B8 00 00 00 F4,4967,4967,98,4660,2026-07-30 22:54:27.450,1486,-37,55,
FF FF FF FF 00 25 05 D3 20 01 01 02 00 00 13 67 00 00 13 67 00 00 00 6C FF DB 00 3C 12 34 05 CF BA 00 00 00 F3,4967,4967,108,4660,2026-07-30 22:54:27.548,1487,-37,60,
FF FF FF FF 00 25 05 D4 20 01 01 02 00 00 13 67 00 00 13 67 00 00 00 65 FF E1 00 3B 12 34 05 D0 BA 00 00 00 DF,4967,4967,101,4660,2026-07-30 22:54:27.647,1488,-31,59,
FF FF FF FF 00 25 05 D5 20 01 01 02 00 00 13 67 00 00 13 67 00 00 00 67 FF DE 00 43 12 34 05 D1 B9 00 00 00 99,4967,4967,103,4660,2026-07-30 22:54:27.758,1489,-34,67,
FF FF FF FF 00 25 05 D6 20 01 01 02 00 00 13 67 00 00 13 67 00 00 00 69 FF E1 00 42 12 34 05 D2 BC 00 00 00 AC,4967,4967,105,4660,2026-07-30 22:54:27.845,1490,-31,66,
FF FF FF FF 00 25 05 D7 20 01 01 02 00 00 13 67 00 00 13 67 00 00 00 66 FF E1 00 40 12 34 05 D3 B9 00 00 00 A4,4967,4967,102,4660,2026-07-30 22:54:27.954,1491,-31,64,
FF FF FF FF 00 25 05 D8 20 01 01 02 00 00 13 67 00 00 13 67 00 00 00 65 FF E6 00 3C 12 34 05 D4 B3 00 00 00 DE,4967,4967,101,4660,2026-07-30 22:54:28.053,1492,-26,60,
FF FF FF FF 00 25 05 D9 20 01 01 02 00 00 13 67 00 00 13 67 00 00 00 5F FF D6 00 34 12 34 05 D5 B8 00 00 00 D7,4967,4967,95,4660,2026-07-30 22:54:28.153,1493,-42,52,
FF FF FF FF 00 25 05 DA 20 01 01 02 00 00 13 67 00 00 13 67 00 00 00 56 FF D2 00 30 12 34 05 D6 B9 00 00 00 DF,4967,4967,86,4660,2026-07-30 22:54:28.251,1494,-46,48,
FF FF FF FF 00 25 05 DB 20 01 01 02 00 00 13 67 00 00 13 67 00 00 00 52 FF CD 00 2E 12 34 05 D7 BC 00 00 00 DF,4967,4967,82,4660,2026-07-30 22:54:28.348,1495,-51,46,
FF FF FF FF 00 25 05 DC 20 01 01 02 00 00 13 67 00 00 13 67 00 00 00 4F FF D7 00 2E 12 34 05 D8 B8 00 00 00 D4,4967,4967,79,4660,2026-07-30 22:54:28.454,1496,-41,46,
FF FF FF FF 00 25 05 DD 20 01 01 02 00 00 13 67 00 00 13 67 00 00 00 4F FF D1 00 2B 12 34 05 D9 B8 00 00 00 D7,4967,4967,79,4660,2026-07-30 22:54:28.552,1497,-47,43,
FF FF FF FF 00 25 05 DE 20 01 01 02 00 00 13 67 00 00 13 67 00 00 00 4E FF CB 00 28 12 34 05 DA BA 00 00 00 CD,4967,4967,78,4660,2026-07-30 22:54:28.651,1498,-53,40,
FF FF FF FF 00 25 05 DF 20 01 01 02 00 00 13 67 00 00 13 67 00 00 00 4B FF C8 00 27 12 34 05 DB B9 00 00 00 C7,4967,4967,75,4660,2026-07-30 22:54:28.750,1499,-56,39,
FF FF FF FF 00 25 05 E0 20 01 01 02 00 00 13 67 00 00 13 67 00 00 00 45 FF C8 00 26 12 34 05 DC B9 00 00 00 F0,4967,4967,69,4660,2026-07-30 22:54:28.849,1500,-56,38,
FF FF FF FF 00 25 05 E1 20 01 01 02 00 00 13 67 00 00 13 67 00 00 00 47 FF D4 00 2C 12 34 05 DD B9 00 00 00 E4,4967,4967,71,4660,2026-07-30 22:54:28.952,1501,-44,44,
FF FF FF FF 00 25 05 E2 20 01 01 02 00 00 13 67 00 00 13 67 00 00 00 48 FF CE 00 29 12 34 05 DE B9 00 00 00 F4,4967,4967,72,4660,2026-07-30 22:54:29.045,1502,-50,41,
FF FF FF FF 00 25 05 E3 20 01 01 02 00 00 13 67 00 00 13 67 00 00 00 4C FF D4 00 2D 12 34 05 DF B9 00 00 00 EE,4967,4967,76,4660,2026-07-30 22:54:29.143,1503,-44,45,
FF FF FF FF 00 25 05 E4 20 01 01 02 00 00 13 67 00 00 13 67 00 00 00 4F FF D4 00 2D 12 34 05 E0 BE 00 00 00 D2,4967,4967,79,4660,2026-07-30 22:54:29.256,1504,-44,45,
FF FF FF FF 00 25 05 E5 20 01 01 02 00 00 13 67 00 00 13 67 00 00 00 4D FF D3 00 2E 12 34 05 E1 B9 00 00 00 D3,4967,4967,77,4660,2026-07-30 22:54:29.343,1505,-45,46,
FF FF FF FF 00 25 05 E6 20 01 01 02 00 00 13 67 00 00 13 67 00 00 00 4A FF D9 00 30 12 34 05 E2 BC 00 00 00 C5,4967,4967,74,4660,2026-07-30 22:54:29.449,1506,-39,48,
FF FF FF FF 00 25 05 E7 20 01 01 02 00 00 13 67 00 00 13 67 00 00 00 4F FF DA 00 31 12 34 05 E3 BA 00 00 00 C4,4967,4967,79,4660,2026-07-30 22:54:29.552,1507,-38,49,
FF FF FF FF 00 25 05 E8 20 01 01 02 00 00 13 67 00 00 13 67 00 00 00 56 FF D9 00 30 12 34 05 E4 BE 00 00 00 D3,4967,4967,86,4660,2026-07-30 22:54:29.652,1508,-39,48,
FF FF FF FF 00 25 05 E9 20 01 01 02 00 00 13 67 00 00 13 67 00 00 00 62 FF E0 00 32 12 34 05 E5 BC 00 00 00 DE,4967,4967,98,4660,2026-07-30 22:54:29.752,1509,-32,50,
FF FF FF FF 00 25 05 EA 20 01 01 02 00 00 13 67 00 00 13 67 00 00 00 5F FF E1 00 33 12 34 05 E6 BB 00 00 00 E4,4967,4967,95,4660,2026-07-30 22:54:29.850,1510,-31,51,
FF FF FF FF 00 25 05 EB 20 01 01 02 00 00 13 67 00 00 13 67 00 00 00 5E FF DA 00 31 12 34 05 E7 B4 00 00 00 D3,4967,4967,94,4660,2026-07-30 22:54:29.955,1511,-38,49,
FF FF FF FF 00 25 05 EC 20 01 01 02 00 00 13 67 00 00 13 67 00 00 00 5F FF D3 00 2D 12 34 05 E8 B9 00 00 00 C2,4967,4967,95,4660,2026-07-30 22:54:30.046,1512,-45,45,
FF FF FF FF 00 25 05 ED 20 01 01 02 00 00 13 67 00 00 13 67 00 00 00 5E FF D2 00 2A 12 34 05 E9 BA 00 00 00 C6,4967,4967,94,4660,2026-07-30 22:54:30.145,1513,-46,42,
FF FF FF FF 00 25 05 EE 20 01 01 02 00 00 13 67 00 00 13 67 00 00 00 5D FF CD 00 26 12 34 05 EA B8 00 00 00 D4,4967,4967,93,4660,2026-07-30 22:54:30.244,1514,-51,38,
FF FF FF FF 00 25 05 EF 20 01 01 02 00 00 13 67 00 00 13 67 00 00 00 54 FF C9 00 24 12 34 05 EB AD 00 00 00 CE,4967,4967,84,4660,2026-07-30 22:54:30.354,1515,-55,36,
FF FF FF FF 00 25 05 F0 20 01 01 02 00 00 13 67 00 00 13 67 00 00 00 52 FF C9 00 23 12 34 05 EC B8 00 00 00 C2,4967,4967,82,4660,2026-07-30 22:54:30.459,1516,-55,35,
FF FF FF FF 00 25 05 F1 20 01 01 02 00 00 13 67 00 00 13 67 00 00 00 48 FF C6 00 22 12 34 05 ED B9 00 00 00 D7,4967,4967,72,4660,2026-07-30 22:54:30.550,1517,-58,34,
FF FF FF FF 00 25 05 F2 20 01 01 02 00 00 13 67 00 00 13 67 00 00 00 4D FF D1 00 25 12 34 05 EE BA 00 00 00 C1,4967,4967,77,4660,2026-07-30 22:54:30.650,1518,-47,37,
FF FF FF FF 00 25 05 F3 20 01 01 02 00 00 13 67 00 00 13 67 00 00 00 4B FF CF 00 25 12 34 05 EF BA 00 00 00 D9,4967,4967,75,4660,2026-07-30 22:54:30.749,1519,-49,37,
FF FF FF FF 00 25 05 F4 20 01 01 02 00 00 13 67 00 00 13 67 00 00 00 53 FF E6 00 21 12 34 05 F0 BC 00 00 00 F2,4967,4967,83,4660,2026-07-30 22:54:30.848,1520,-26,33,
FF FF FF FF 00 25 05 F5 20 01 01 02 00 00 13 67 00 00 13 67 00 00 00 58 FF E0 00 23 12 34 05 F1 B8 00 00 00 F9,4967,4967,88,4660,2026-07-30 22:54:30.950,1521,-32,35,
FF FF FF FF 00 25 05 F6 20 01 01 02 00 00 13 67 00 00 13 67 00 00 00 5B FF E6 00 26 12 34 05 F2 BA 00 00 00 FB,4967,4967,91,4660,2026-07-30 22:54:31.055,1522,-26,38,
FF FF FF FF 00 25 05 F7 20 01 01 02 00 00 13 67 00 00 13 67 00 00 00 57 FF E0 00 26 12 34 05 F3 BA 00 00 00 F1,4967,4967,87,4660,2026-07-30 22:54:31.154,1523,-32,38,
FF FF FF FF 00 25 05 F8 20 01 01 02 00 00 13 67 00 00 13 67 00 00 00 5D FF E7 00 29 12 34 05 F4 BB 00 00 00 FA,4967,4967,93,4660,2026-07-30 22:54:31.253,1524,-25,41,
FF FF FF FF 00 25 05 F9 20 01 01 02 00 00 13 67 00 00 13 67 00 00 00 5F FF EB 00 2C 12 34 05 F5 BB 00 00 00 F1,4967,4967,95,4660,2026-07-30 22:54:31.351,1525,-21,44,
FF FF FF FF 00 25 05 FA 20 01 01 02 00 00 13 67 00 00 13 67 00 00 00 5F FF E0 00 29 12 34 05 F6 BA 00 00 00 FE,4967,4967,95,4660,2026-07-30 22:54:31.453,1526,-32,41,
FF FF FF FF 00 25 05 FB 20 01 01 02 00 00 13 67 00 00 13 67 00 00 00 5B FF E5 00 2C 12 34 05 F7 BA 00 00 00 FA,4967,4967,91,4660,2026-07-30 22:54:31.549,1527,-27,44,
FF FF FF FF 00 25 05 FC 20 01 01 02 00 00 13 67 00 00 13 67 00 00 00 51 FF EA 00 2E 12 34 05 F8 BA 00 00 00 F5,4967,4967,81,4660,2026-07-30 22:54:31.649,1528,-22,46,
FF FF FF FF 00 25 05 FD 20 01 01 02 00 00 13 67 00 00 13 67 00 00 00 4E FF E2 00 2B 12 34 05 F9 BB 00 00 00 E6,4967,4967,78,4660,2026-07-30 22:54:31.749,1529,-30,43,
FF FF FF FF 00 25 05 FE 20 01 01 02 00 00 13 67 00 00 13 67 00 00 00 49 FF DD 00 29 12 34 05 FA BE 00 00 00 D9,4967,4967,73,4660,2026-07-30 22:54:31.849,1530,-35,41,
FF FF FF FF 00 25 05 FF 20 01 01 02 00 00 13 67 00 00 13 67 00 00 00 4C FF DC 00 28 12 34 05 FB BA 00 00 00 D8,4967,4967,76,4660,2026-07-30 22:54:31.948,1531,-36,40,
FF FF FF FF 00 25 06 00 20 01 01 02 00 00 13 67 00 00 13 67 00 00 00 4A FF D8 00 26 12 34 05 FC BA 00 00 00 2F,4967,4967,74,4660,2026-07-30 22:54:32.046,1532,-40,38,
FF FF FF FF 00 25 06 01 20 01 01 02 00 00 13 67 00 00 13 67 00 00 00 47 FF D7 00 26 12 34 05 FD BA 00 00 00 2D,4967,4967,71,4660,2026-07-30 22:54:32.157,1533,-41,38,
FF FF FF FF 00 25 06 02 20 01 01 02 00 00 13 67 00 00 13 67 00 00 00 46 FF D5 00 25 12 34 05 FE BA 00 00 00 2D,4967,4967,70,4660,2026-07-30 22:54:32.246,1534,-43,37,
FF FF FF FF 00 25 06 03 20 01 01 02 00 00 13 67 00 00 13 67 00 00 00 44 FF D3 00 24 12 34 05 FF B9 00 00 00 2B,4967,4967,68,4660,2026-07-30 22:54:32.345,1535,-45,36,
FF FF FF FF 00 25 06 04 20 01 01 02 00 00 13 67 00 00 13 67 00 00 00 46 FF D0 00 24 12 34 06 00 B9 00 00 00 D1,4967,4967,70,4660,2026-07-30 22:54:32.456,1536,-48,36,
FF FF FF FF 00 25 06 05 20 01 01 02 00 00 13 67 00 00 13 67 00 00 00 4A FF D0 00 23 12 34 06 01 B8 00 00 00 DB,4967,4967,74,4660,2026-07-30 22:54:32.553,1537,-48,35,
FF FF FF FF 00 25 06 06 20 01 01 02 00 00 13 67 00 00 13 67 00 00 00 48 FF CE 00 23 12 34 06 02 BA 00 00 00 C5,4967,4967,72,4660,2026-07-30 22:54:32.650,1538,-50,35,
FF FF FF FF 00 25 06 07 20 01 01 02 00 00 13 67 00 00 13 67 00 00 00 45 FF CC 00 23 12 34 06 03 B9 00 00 00 C9,4967,4967,69,4660,2026-07-30 22:54:32.751,1539,-52,35,
FF FF FF FF 00 25 06 08 20 01 01 02 00 00 13 67 00 00 13 67 00 00 00 48 FF CB 00 23 12 34 06 04 BA 00 00 00 C8,4967,4967,72,4660,2026-07-30 22:54:32.850,1540,-53,35,
FF FF FF FF 00 25 06 09 20 01 01 02 00 00 13 67 00 00 13 67 00 00 00 48 FF CA 00 22 12 34 06 05 BA 00 00 00 C8,4967,4967,72,4660,2026-07-30 22:54:32.949,1541,-54,34,
FF FF FF FF 00 25 06 0A 20 01 01 02 00 00 13 67 00 00 13 67 00 00 00 48 FF D5 00 27 12 34 06 06 BA 00 00 00 D2,4967,4967,72,4660,2026-07-30 22:54:33.058,1542,-43,39,
FF FF FF FF 00 25 06 0B 20 01 01 02 00 00 13 67 00 00 13 67 00 00 00 49 FF D2 00 27 12 34 06 07 B9 00 00 00 D7,4967,4967,73,4660,2026-07-30 22:54:33.156,1543,-46,39,
FF FF FF FF 00 25 06 0C 20 01 01 02 00 00 13 67 00 00 13 67 00 00 00 4B FF CF 00 27 12 34 06 08 B9 00 00 00 C0,4967,4967,75,4660,2026-07-30 22:54:33.255,1544,-49,39,
FF FF FF FF 00 25 06 0D 20 01 01 02 00 00 13 67 00 00 13 67 00 00 00 46 FF D9 00 2A 12 34 06 09 BA 00 00 00 D5,4967,4967,70,4660,2026-07-30 22:54:33.355,1545,-39,42,
FF FF FF FF 00 25 06 0E 20 01 01 02 00 00 13 67 00 00 13 67 00 00 00 3E FF D4 00 27 12 34 06 0A B9 00 00 00 AE,4967,4967,62,4660,2026-07-30 22:54:33.454,1546,-44,39,
FF FF FF FF 00 25 06 0F 20 01 01 02 00 00 13 67 00 00 13 67 00 00 00 3F FF DC 00 2A 12 34 06 0B BA 00 00 00 A9,4967,4967,63,4660,2026-07-30 22:54:33.552,1547,-36,42,
FF FF FF FF 00 25 06 10 20 01 01 02 00 00 13 67 00 00 13 67 00 00 00 43 FF D8 00 28 12 34 06 0C B9 00 00 00 C8,4967,4967,67,4660,2026-07-30 22:54:33.651,1548,-40,40,
FF FF FF FF 00 25 06 11 20 01 01 02 00 00 13 67 00 00 13 67 00 00 00 41 FF D4 00 28 12 34 06 0D B9 00 00 00 C6,4967,4967,65,4660,2026-07-30 22:54:33.750,1549,-44,40,
FF FF FF FF 00 25 06 12 20 01 01 02 00 00 13 67 00 00 13 67 00 00 00 45 FF CE 00 26 12 34 06 0E BA 00 00 00 D5,4967,4967,69,4660,2026-07-30 22:54:33.850,1550,-50,38,
FF FF FF FF 00 25 06 13 20 01 01 02 00 00 13 67 00 00 13 67 00 00 00 48 FF CA 00 25 12 34 06 0F BA 00 00 00 DF,4967,4967,72,4660,2026-07-30 22:54:33.949,1551,-54,37,
FF FF FF FF 00 25 06 14 20 01 01 02 00 00 13 67 00 00 13 67 00 00 00 4D FF D8 00 26 12 34 06 10 BA 00 00 00 D3,4967,4967,77,4660,2026-07-30 22:54:34.045,1552,-40,38,
FF FF FF FF 00 25 06 15 20 01 01 02 00 00 13 67 00 00 13 67 00 00 00 51 FF DC 00 28 12 34 06 11 BA 00 00 00 C5,4967,4967,81,4660,2026-07-30 22:54:34.143,1553,-36,40,
FF FF FF FF 00 25 06 16 20 01 01 02 00 00 13 67 00 00 13 67 00 00 00 53 FF DE 00 2C 12 34 06 12 BA 00 00 00 C1,4967,4967,83,4660,2026-07-30 22:54:34.243,1554,-34,44,
FF FF FF FF 00 25 06 17 20 01 01 02 00 00 13 67 00 00 13 67 00 00 00 58 FF E0 00 2C 12 34 06 13 BA 00 00 00 F4,4967,4967,88,4660,2026-07-30 22:54:34.355,1555,-32,44,
FF FF FF FF 00 25 06 18 20 01 01 02 00 00 13 67 00 00 13 67 00 00 00 5B FF E3 00 2D 12 34 06 14 BA 00 00 00 FD,4967,4967,91,4660,2026-07-30 22:54:34.454,1556,-29,45,
FF FF FF FF 00 25 06 19 20 01 01 02 00 00 13 67 00 00 13 67 00 00 00 57 FF D8 00 2A 12 34 06 15 BA 00 00 00 CD,4967,4967,87,4660,2026-07-30 22:54:34.550,1557,-40,42,
FF FF FF FF 00 25 06 1A 20 01 01 02 00 00 13 67 00 00 13 67 00 00 00 57 FF DF 00 2C 12 34 06 16 BB 00 00 00 CD,4967,4967,87,4660,2026-07-30 22:54:34.650,1558,-33,44,
FF FF FF FF 00 25 06 1B 20 01 01 02 00 00 13 67 00 00 13 67 00 00 00 58 FF E4 00 2F 12 34 06 17 BB 00 00 00 FA,4967,4967,88,4660,2026-07-30 22:54:34.749,1559,-28,47,
FF FF FF FF 00 25 06 1C 20 01 01 02 00 00 13 67 00 00 13 67 00 00 00 57 FF DD 00 2D 12 34 06 18 BB 00 00 00 C6,4967,4967,87,4660,2026-07-30 22:54:34.847,1560,-35,45,
FF FF FF FF 00 25 06 1D 20 01 01 02 00 00 13 67 00 00 13 67 00 00 00 5A FF E4 00 2E 12 34 06 19 BA 00 00 00 F0,4967,4967,90,4660,2026-07-30 22:54:34.947,1561,-28,46,
FF FF FF FF 00 25 06 1E 20 01 01 02 00 00 13 67 00 00 13 67 00 00 00 61 FF E6 00 30 12 34 06 1A BE 00 00 00 D3,4967,4967,97,4660,2026-07-30 22:54:35.043,1562,-26,48,
FF FF FF FF 00 25 06 1F 20 01 01 02 00 00 13 67 00 00 13 67 00 00 00 5A FF EC 00 30 12 34 06 1B BC 00 00 00 E0,4967,4967,90,4660,2026-07-30 22:54:35.155,1563,-20,48,
FF FF FF FF 00 25 06 20 20 01 01 02 00 00 13 67 00 00 13 67 00 00 00 54 FF D9 00 1E 12 34 06 1C B9 00 00 00 C8,4967,4967,84,4660,2026-07-30 22:54:35.242,1564,-39,30,
FF FF FF FF 00 25 06 21 20 01 01 02 00 00 13 67 00 00 13 67 00 00 00 53 FF CE 00 20 12 34 06 1D B9 00 00 00 E6,4967,4967,83,4660,2026-07-30 22:54:35.353,1565,-50,32,
FF FF FF FF 00 25 06 22 20 01 01 02 00 00 13 67 00 00 13 67 00 00 00 56 FF C6 00 21 12 34 06 1E BB 00 00 00 E8,4967,4967,86,4660,2026-07-30 22:54:35.453,1566,-58,33,
FF FF FF FF 00 25 06 23 20 01 01 02 00 00 13 67 00 00 13 67 00 00 00 52 FF D2 00 24 12 34 06 1F B9 00 00 00 FF,4967,4967,82,4660,2026-07-30 22:54:35.551,1567,-46,36,
FF FF FF FF 00 25 06 24 20 01 01 02 00 00 13 67 00 00 13 67 00 00 00 5E FF CD 00 25 12 34 06 20 BA 00 00 00 D6,4967,4967,94,4660,2026-07-30 22:54:35.652,1568,-51,37,
FF FF FF FF 00 25 06 25 20 01 01 02 00 00 13 67 00 00 13 67 00 00 00 59 FF D9 00 26 12 34 06 21 BD 00 00 00 C1,4967,4967,89,4660,2026-07-30 22:54:35.751,1569,-39,38,
FF FF FF FF 00 25 06 26 20 01 01 02 00 00 13 67 00 00 13 67 00 00 00 56 FF E3 00 28 12 34 06 22 BA 00 00 00 FD,4967,4967,86,4660,2026-07-30 22:54:35.850,1570,-29,40,
FF FF FF FF 00 25 06 27 20 01 01 02 00 00 13 67 00 00 13 67 00 00 00 61 FF E8 00 29 12 34 06 23 BA 00 00 00 C0,4967,4967,97,4660,2026-07-30 22:54:35.949,1571,-24,41,
FF FF FF FF 00 25 06 28 20 01 01 02 00 00 13 67 00 00 13 67 00 00 00 69 FF EB 00 2B 12 34 06 24 BA 00 00 00 C1,4967,4967,105,4660,2026-07-30 22:54:36.060,1572,-21,43,
FF FF FF FF 00 25 06 29 20 01 01 02 00 00 13 67 00 00 13 67 00 00 00 64 FF EC 00 2C 12 34 06 25 B9 00 00 00 CF,4967,4967,100,4660,2026-07-30 22:54:36.145,1573,-20,44,
FF FF FF FF 00 25 06 2A 20 01 01 02 00 00 13 67 00 00 13 67 00 00 00 63 FF F0 00 2D 12 34 06 26 B9 00 00 00 D5,4967,4967,99,4660,2026-07-30 22:54:36.243,1574,-16,45,
FF FF FF FF 00 25 06 2B 20 01 01 02 00 00 13 67 00 00 13 67 00 00 00 5A FF E3 00 2B 12 34 06 27 BA 00 00 00 FA,4967,4967,90,4660,2026-07-30 22:54:36.354,1575,-29,43,
FF FF FF FF 00 25 06 2C 20 01 01 02 00 00 13 67 00 00 13 67 00 00 00 5A FF D9 00 29 12 34 06 28 BB 00 00 00 CB,4967,4967,90,4660,2026-07-30 22:54:36.453,1576,-39,41,
FF FF FF FF 00 25 06 2D 20 01 01 02 00 00 13 67 00 00 13 67 00 00 00 5A FF DF 00 2B 12 34 06 29 BA 00 00 00 CE,4967,4967,90,4660,2026-07-30 22:54:36.553,1577,-33,43,
FF FF FF FF 00 25 06 2E 20 01 01 02 00 00 13 67 00 00 13 67 00 00 00 57 FF D7 00 2A 12 34 06 2A BA 00 00 00 CA,4967,4967,87,4660,2026-07-30 22:54:36.653,1578,-41,42,
FF FF FF FF 00 25 06 2F 20 01 01 02 00 00 13 67 00 00 13 67 00 00 00 52 FF D2 00 29 12 34 06 2B BE 00 00 00 CD,4967,4967,82,4660,2026-07-30 22:54:36.753,1579,-46,41,
FF FF FF FF 00 25 06 30 20 01 01 02 00 00 13 67 00 00 13 67 00 00 00 55 FF D9 00 2C 12 34 06 2C B9 00 00 00 DB,4967,4967,85,4660,2026-07-30 22:54:36.852,1580,-39,44,
FF FF FF FF 00 25 06 31 20 01 01 02 00 00 13 67 00 00 13 67 00 00 00 58 FF DF 00 2D 12 34 06 2D B9 00 00 00 D1,4967,4967,88,4660,2026-07-30 22:54:36.950,1581,-33,45,
FF FF FF FF 00 25 06 32 20 01 01 02 00 00 13 67 00 00 13 67 00 00 00 52 FF E3 00 2F 12 34 06 2E B9 00 00 00 E5,4967,4967,82,4660,2026-07-30 22:54:37.058,1582,-29,47,
FF FF FF FF 00 25 06 33 20 01 01 02 00 00 13 67 00 00 13 67 00 00 00 55 FF DE 00 2D 12 34 06 2F B8 00 00 00 DC,4967,4967,85,4660,2026-07-30 22:54:37.156,1583,-34,45,
FF FF FF FF 00 25 06 34 20 01 01 02 00 00 13 67 00 00 13 67 00 00 00 53 FF D8 00 2B 12 34 06 30 B9 00 00 00 C3,4967,4967,83,4660,2026-07-30 22:54:37.255,1584,-40,43,
FF FF FF FF 00 25 06 35 20 01 01 02 00 00 13 67 00 00 13 67 00 00 00 4B FF D6 00 2A 12 34 06 31 B1 00 00 00 DC,4967,4967,75,4660,2026-07-30 22:54:37.353,1585,-42,42,
FF FF FF FF 00 25 06 36 20 01 01 02 00 00 13 67 00 00 13 67 00 00 00 4A FF D4 00 29 12 34 06 32 B9 00 00 00 D4,4967,4967,74,4660,2026-07-30 22:54:37.454,1586,-44,41,
FF FF FF FF 00 25 06 37 20 01 01 02 00 00 13 67 00 00 13 67 00 00 00 49 FF D0 00 28 12 34 06 33 B9 00 00 00 D2,4967,4967,73,4660,2026-07-30 22:54:38.418,1587,-48,40,
FF FF FF FF 00 25 06 38 20 01 01 02 00 00 13 67 00 00 13 67 00 00 00 45 FF CC 00 26 12 34 06 34 B9 00 00 00 C4,4967,4967,69,4660,2026-07-30 22:54:39.132,1588,-52,38,
FF FF FF FF 00 25 06 39 20 01 01 02 00 00 13 67 00 00 13 67 00 00 00 48 FF D8 00 2A 12 34 06 35 B9 00 00 00 D1,4967,4967,72,4660,2026-07-30 22:54:39.143,1589,-40,42,
FF FF FF FF 00 25 06 3A 20 01 01 02 00 00 13 67 00 00 13 67 00 00 00 48 FF D6 00 29 12 34 06 36 B9 00 00 00 DC,4967,4967,72,4660,2026-07-30 22:54:39.254,1590,-42,41,
FF FF FF FF 00 25 06 3B 20 01 01 02 00 00 13 67 00 00 13 67 00 00 00 49 FF D4 00 28 12 34 06 37 B9 00 00 00 DE,4967,4967,73,4660,2026-07-30 22:54:39.353,1591,-44,40,
FF FF FF FF 00 25 06 3C 20 01 01 02 00 00 13 67 00 00 13 67 00 00 00 44 FF DE 00 2B 12 34 06 38 B9 00 00 00 D2,4967,4967,68,4660,2026-07-30 22:54:39.451,1592,-34,43,
FF FF FF FF 00 25 06 3D 20 01 01 02 00 00 13 67 00 00 13 67 00 00 00 44 FF D7 00 2A 12 34 06 39 B9 00 00 00 DA,4967,4967,68,4660,2026-07-30 22:54:39.554,1593,-41,42,
FF FF FF FF 00 25 06 3E 20 01 01 02 00 00 13 67 00 00 13 67 00 00 00 43 FF D0 00 28 12 34 06 3A BE 00 00 00 DF,4967,4967,67,4660,2026-07-30 22:54:39.649,1594,-48,40,
FF FF FF FF 00 25 06 3F 20 01 01 02 00 00 13 67 00 00 13 67 00 00 00 42 FF CE 00 27 12 34 06 3B B9 00 00 00 C8,4967,4967,66,4660,2026-07-30 22:54:39.748,1595,-50,39,
FF FF FF FF 00 25 06 40 20 01 01 02 00 00 13 67 00 00 13 67 00 00 00 43 FF CC 00 26 12 34 06 3C B9 00 00 00 B2,4967,4967,67,4660,2026-07-30 22:54:39.846,1596,-52,38,
FF FF FF FF 00 25 06 41 20 01 01 02 00 00 13 67 00 00 13 67 00 00 00 45 FF CA 00 24 12 34 06 3D B9 00 00 00 B0,4967,4967,69,4660,2026-07-30 22:54:39.957,1597,-54,36,
FF FF FF FF 00 25 06 42 20 01 01 02 00 00 13 67 00 00 13 67 00 00 00 46 FF CA 00 23 12 34 06 3E B9 00 00 00 B4,4967,4967,70,4660,2026-07-30 22:54:40.060,1598,-54,35,
FF FF FF FF 00 25 06 43 20 01 01 02 00 00 13 67 00 00 13 67 00 00 00 4A FF CA 00 22 12 34 06 3F B8 00 00 00 B8,4967,4967,74,4660,2026-07-30 22:54:40.153,1599,-54,34,
FF FF FF FF 00 25 06 44 20 01 01 02 00 00 13 67 00 00 13 67 00 00 00 4B FF CA 00 21 12 34 06 40 B4 00 00 00 CE,4967,4967,75,4660,2026-07-30 22:54:40.253,1600,-54,33,
FF FF FF FF 00 25 06 45 20 01 01 02 00 00 13 67 00 00 13 67 00 00 00 4D FF C8 00 21 12 34 06 41 B4 00 00 00 CA,4967,4967,77,4660,2026-07-30 22:54:40.352,1601,-56,33,
FF FF FF FF 00 25 06 46 20 01 01 02 00 00 13 67 00 00 13 67 00 00 00 4D FF C6 00 20 12 34 06 42 B8 00 00 00 C9,4967,4967,77,4660,2026-07-30 22:54:40.451,1602,-58,32,
FF FF FF FF 00 25 06 47 20 01 01 02 00 00 13 67 00 00 13 67 00 00 00 4F FF C5 00 1E 12 34 06 43 BD 00 00 00 F3,4967,4967,79,4660,2026-07-30 22:54:40.550,1603,-59,30,
FF FF FF FF 00 25 06 48 20 01 01 02 00 00 13 67 00 00 13 67 00 00 00 51 FF C6 00 1F 12 34 06 44 B9 00 00 00 E3,4967,4967,81,4660,2026-07-30 22:54:40.647,1604,-58,31,
FF FF FF FF 00 25 06 49 20 01 01 02 00 00 13 67 00 00 13 67 00 00 00 4E FF D3 00 26 12 34 06 45 BC 00 00 00 D5,4967,4967,78,4660,2026-07-30 22:54:40.748,1605,-45,38,
FF FF FF FF 00 25 06 4A 20 01 01 02 00 00 13 67 00 00 13 67 00 00 00 4E FF D0 00 25 12 34 06 46 B4 00 00 00 DD,4967,4967,78,4660,2026-07-30 22:54:40.984,1606,-48,37,
FF FF FF FF 00 25 06 4B 20 01 01 02 00 00 13 67 00 00 13 67 00 00 00 50 FF CC 00 22 12 34 06 47 BD 00 00 00 D1,4967,4967,80,4660,2026-07-30 22:54:41.047,1607,-52,34,
FF FF FF FF 00 25 06 4C 20 01 01 02 00 00 13 67 00 00 13 67 00 00 00 50 FF CC 00 22 12 34 06 48 B9 00 00 00 DD,4967,4967,80,4660,2026-07-30 22:54:41.153,1608,-52,34,
FF FF FF FF 00 25 06 4D 20 01 01 02 00 00 13 67 00 00 13 67 00 00 00 50 FF CA 00 21 12 34 06 49 B9 00 00 00 D8,4967,4967,80,4660,2026-07-30 22:54:41.251,1609,-54,33,
FF FF FF FF 00 25 06 4E 20 01 01 02 00 00 13 67 00 00 13 67 00 00 00 4F FF C8 00 21 12 34 06 4A B9 00 00 00 C5,4967,4967,79,4660,2026-07-30 22:54:41.476,1610,-56,33,
FF FF FF FF 00 25 06 4F 20 01 01 02 00 00 13 67 00 00 13 67 00 00 00 51 FF C8 00 20 12 34 06 4B B8 00 00 00 DB,4967,4967,81,4660,2026-07-30 22:54:41.550,1611,-56,32,
FF FF FF FF 00 25 06 50 20 01 01 02 00 00 13 67 00 00 13 67 00 00 00 4E FF C8 00 20 12 34 06 4C B9 00 00 00 DD,4967,4967,78,4660,2026-07-30 22:54:41.646,1612,-56,32,
FF FF FF FF 00 25 06 51 20 01 01 02 00 00 13 67 00 00 13 67 00 00 00 50 FF C6 00 20 12 34 06 4D B9 00 00 00 CD,4967,4967,80,4660,2026-07-30 22:54:41.755,1613,-58,32,
FF FF FF FF 00 25 06 52 20 01 01 02 00 00 13 67 00 00 13 67 00 00 00 4C FF C5 00 20 12 34 06 4E BA 00 00 00 D1,4967,4967,76,4660,2026-07-30 22:54:41.854,1614,-59,32,
FF FF FF FF 00 25 06 53 20 01 01 02 00 00 13 67 00 00 13 67 00 00 00 4F FF C5 00 1F 12 34 06 4F B9 00 00 00 EE,4967,4967,79,4660,2026-07-30 22:54:41.953,1615,-59,31,
FF FF FF FF 00 25 06 54 20 01 01 02 00 00 13 67 00 00 13 67 00 00 00 4E FF C4 00 1E 12 34 06 50 BA 00 00 00 F4,4967,4967,78,4660,2026-07-30 22:54:42.054,1616,-60,30,
FF FF FF FF 00 25 06 55 20 01 01 02 00 00 13 67 00 00 13 67 00 00 00 4D FF C4 00 1D 12 34 06 51 B8 00 00 00 F6,4967,4967,77,4660,2026-07-30 22:54:42.151,1617,-60,29,
FF FF FF FF 00 25 06 57 20 01 01 02 00 00 13 67 00 00 13 67 00 00 00 50 FF C5 00 20 12 34 06 53 B9 00 00 00 D6,4967,4967,80,4660,2026-07-30 22:54:42.459,1619,-59,32,
FF FF FF FF 00 25 06 58 20 01 01 02 00 00 13 67 00 00 13 67 00 00 00 4F FF D2 00 26 12 34 06 54 BC 00 00 00 D5,4967,4967,79,4660,2026-07-30 22:54:42.545,1620,-46,38,
FF FF FF FF 00 25 06 59 20 01 01 02 00 00 13 67 00 00 13 67 00 00 00 51 FF CF 00 24 12 34 06 55 BD 00 00 00 D5,4967,4967,81,4660,2026-07-30 22:54:42.651,1621,-49,36,
FF FF FF FF 00 25 06 5A 20 01 01 02 00 00 13 67 00 00 13 67 00 00 00 56 FF CD 00 24 12 34 06 56 B9 00 00 00 D4,4967,4967,86,4660,2026-07-30 22:54:42.750,1622,-51,36,
FF FF FF FF 00 25 06 5B 20 01 01 02 00 00 13 67 00 00 13 67 00 00 00 53 FF CB 00 23 12 34 06 57 B9 00 00 00 D0,4967,4967,83,4660,2026-07-30 22:54:42.850,1623,-53,35,
FF FF FF FF 00 25 06 5C 20 01 01 02 00 00 13 67 00 00 13 67 00 00 00 51 FF C9 00 22 12 34 06 58 B8 00 00 00 D8,4967,4967,81,4660,2026-07-30 22:54:42.949,1624,-55,34,
FF FF FF FF 00 25 06 5D 20 01 01 02 00 00 13 67 00 00 13 67 00 00 00 4D FF C9 00 21 12 34 06 59 B9 00 00 00 C6,4967,4967,77,4660,2026-07-30 22:54:43.048,1625,-55,33,
FF FF FF FF 00 25 06 5E 20 01 01 02 00 00 13 67 00 00 13 67 00 00 00 49 FF CC 00 22 12 34 06 5A B9 00 00 00 C4,4967,4967,73,4660,2026-07-30 22:54:43.146,1626,-52,34,
FF FF FF FF 00 25 06 5F 20 01 01 02 00 00 13 67 00 00 13 67 00 00 00 47 FF CC 00 21 12 34 06 5B BD 00 00 00 CD,4967,4967,71,4660,2026-07-30 22:54:43.257,1627,-52,33,
FF FF FF FF 00 25 06 60 20 01 01 02 00 00 13 67 00 00 13 67 00 00 00 4B FF CB 00 22 12 34 06 5C BA 00 00 00 FA,4967,4967,75,4660,2026-07-30 22:54:43.345,1628,-53,34,
FF FF FF FF 00 25 06 61 20 01 01 02 00 00 13 67 00 00 13 67 00 00 00 4C FF CA 00 21 12 34 06 5D BC 00 00 00 F9,4967,4967,76,4660,2026-07-30 22:54:43.457,1629,-54,33,
FF FF FF FF 00 25 06 62 20 01 01 02 00 00 13 67 00 00 13 67 00 00 00 4C FF C8 00 21 12 34 06 5E BA 00 00 00 FD,4967,4967,76,4660,2026-07-30 22:54:43.544,1630,-56,33,
FF FF FF FF 00 25 06 63 20 01 01 02 00 00 13 67 00 00 13 67 00 00 00 4E FF C7 00 21 12 34 06 5F B8 00 00 00 F2,4967,4967,78,4660,2026-07-30 22:54:43.649,1631,-57,33,
FF FF FF FF 00 25 06 64 20 01 01 02 00 00 13 67 00 00 13 67 00 00 00 4F FF C8 00 23 12 34 06 60 BE 00 00 00 C0,4967,4967,79,4660,2026-07-30 22:54:43.749,1632,-56,35,
FF FF FF FF 00 25 06 65 20 01 01 02 00 00 13 67 00 00 13 67 00 00 00 55 FF C6 00 23 12 34 06 61 B9 00 00 00 D3,4967,4967,85,4660,2026-07-30 22:54:43.850,1633,-58,35,
FF FF FF FF 00 25 06 66 20 01 01 02 00 00 13 67 00 00 13 67 00 00 00 52 FF C5 00 22 12 34 06 62 B9 00 00 00 D6,4967,4967,82,4660,2026-07-30 22:54:43.948,1634,-59,34,
FF FF FF FF 00 25 06 67 20 01 01 02 00 00 13 67 00 00 13 67 00 00 00 58 FF C4 00 22 12 34 06 63 B9 00 00 00 DD,4967,4967,88,4660,2026-07-30 22:54:44.047,1635,-60,34,
FF FF FF FF 00 25 06 68 20 01 01 02 00 00 13 67 00 00 13 67 00 00 00 56 FF C2 00 22 12 34 06 64 B9 00 00 00 DD,4967,4967,86,4660,2026-07-30 22:54:44.928,1636,-62,34,
FF FF FF FF 00 25 06 69 20 01 01 02 00 00 13 67 00 00 13 67 00 00 00 56 FF C0 00 22 12 34 06 65 B9 00 00 00 DF,4967,4967,86,4660,2026-07-30 22:54:45.917,1637,-64,34,
FF FF FF FF 00 25 06 6A 20 01 01 02 00 00 13 67 00 00 13 67 00 00 00 54 FF C0 00 22 12 34 06 66 BC 00 00 00 D8,4967,4967,84,4660,2026-07-30 22:54:46.928,1638,-64,34,
FF FF FF FF 00 25 06 6B 20 01 01 02 00 00 13 67 00 00 13 67 00 00 00 51 FF C3 00 23 12 34 06 67 BD 00 00 00 DE,4967,4967,81,4660,2026-07-30 22:54:47.048,1639,-61,35,
FF FF FF FF 00 25 06 6C 20 01 01 02 00 00 13 67 00 00 13 67 00 00 00 53 FF C3 00 24 12 34 06 68 AF 00 00 00 C1,4967,4967,83,4660,2026-07-30 22:54:47.053,1640,-61,36,
FF FF FF FF 00 25 06 6D 20 01 01 02 00 00 13 67 00 00 13 67 00 00 00 54 FF C6 00 24 12 34 06 69 B9 00 00 00 D5,4967,4967,84,4660,2026-07-30 22:54:47.153,1641,-58,36,
FF FF FF FF 00 25 06 6E 20 01 01 02 00 00 13 67 00 00 13 67 00 00 00 57 FF C5 00 24 12 34 06 6A B4 00 00 00 D8,4967,4967,87,4660,2026-07-30 22:54:47.249,1642,-59,36,
FF FF FF FF 00 25 06 6F 20 01 01 02 00 00 13 67 00 00 13 67 00 00 00 52 FF C5 00 23 12 34 06 6B B8 00 00 00 D6,4967,4967,82,4660,2026-07-30 22:54:47.350,1643,-59,35,
FF FF FF FF 00 25 06 70 20 01 01 02 00 00 13 67 00 00 13 67 00 00 00 55 FF C4 00 23 12 34 06 6C B4 00 00 00 C4,4967,4967,85,4660,2026-07-30 22:54:47.449,1644,-60,35,
FF FF FF FF 00 25 06 71 20 01 01 02 00 00 13 67 00 00 13 67 00 00 00 53 FF C5 00 24 12 34 06 6D B9 00 00 00 C9,4967,4967,83,4660,2026-07-30 22:54:47.548,1645,-59,36,
FF FF FF FF 00 25 06 72 20 01 01 02 00 00 13 67 00 00 13 67 00 00 00 55 FF C6 00 24 12 34 06 6E B4 00 00 00 C1,4967,4967,85,4660,2026-07-30 22:54:47.647,1646,-58,36,
FF FF FF FF 00 25 06 73 20 01 01 02 00 00 13 67 00 00 13 67 00 00 00 53 FF C5 00 24 12 34 06 6F B9 00 00 00 C9,4967,4967,83,4660,2026-07-30 22:54:47.752,1647,-59,36,
FF FF FF FF 00 25 06 74 20 01 01 02 00 00 13 67 00 00 13 67 00 00 00 57 FF C7 00 25 12 34 06 70 AF 00 00 00 C0,4967,4967,87,4660,2026-07-30 22:54:47.851,1648,-57,37,
FF FF FF FF 00 25 06 75 20 01 01 02 00 00 13 67 00 00 13 67 00 00 00 52 FF CA 00 26 12 34 06 71 BC 00 00 00 D8,4967,4967,82,4660,2026-07-30 22:54:47.950,1649,-54,38,
FF FF FF FF 00 25 06 76 20 01 01 02 00 00 13 67 00 00 13 67 00 00 00 55 FF CB 00 25 12 34 06 72 B9 00 00 00 D8,4967,4967,85,4660,2026-07-30 22:54:48.050,1650,-53,37,
FF FF FF FF 00 25 06 77 20 01 01 02 00 00 13 67 00 00 13 67 00 00 00 4F FF C9 00 24 12 34 06 73 B9 00 00 00 C1,4967,4967,79,4660,2026-07-30 22:54:48.150,1651,-55,36,
FF FF FF FF 00 25 06 78 20 01 01 02 00 00 13 67 00 00 13 67 00 00 00 4E FF C7 00 24 12 34 06 74 AE 00 00 00 D1,4967,4967,78,4660,2026-07-30 22:54:48.248,1652,-57,36,
FF FF FF FF 00 25 06 79 20 01 01 02 00 00 13 67 00 00 13 67 00 00 00 4D FF C6 00 23 12 34 06 75 B9 00 00 00 C3,4967,4967,77,4660,2026-07-30 22:54:48.349,1653,-58,35,
FF FF FF FF 00 25 06 7A 20 01 01 02 00 00 13 67 00 00 13 67 00 00 00 4B FF C9 00 23 12 34 06 76 B9 00 00 00 CA,4967,4967,75,4660,2026-07-30 22:54:48.448,1654,-55,35,
FF FF FF FF 00 25 06 7B 20 01 01 02 00 00 13 67 00 00 13 67 00 00 00 4A FF CB 00 23 12 34 06 77 B3 00 00 00 C3,4967,4967,74,4660,2026-07-30 22:54:48.547,1655,-53,35,
FF FF FF FF 00 25 06 7C 20 01 01 02 00 00 13 67 00 00 13 67 00 00 00 49 FF CC 00 23 12 34 06 78 B8 00 00 00 C4,4967,4967,73,4660,2026-07-30 22:54:48.646,1656,-52,35,
FF FF FF FF 00 25 06 7D 20 01 01 02 00 00 13 67 00 00 13 67 00 00 00 49 FF CD 00 24 12 34 06 79 AF 00 00 00 D5,4967,4967,73,4660,2026-07-30 22:54:48.745,1657,-51,36,
FF FF FF FF 00 25 06 7E 20 01 01 02 00 00 13 67 00 00 13 67 00 00 00 49 FF CD 00 24 12 34 06 7A B8 00 00 00 C2,4967,4967,73,4660,2026-07-30 22:54:48.857,1658,-51,36,
FF FF FF FF 00 25 06 7F 20 01 01 02 00 00 13 67 00 00 13 67 00 00 00 4A FF CE 00 24 12 34 06 7B B8 00 00 00 C2,4967,4967,74,4660,2026-07-30 22:54:48.946,1659,-50,36,
FF FF FF FF 00 25 06 80 20 01 01 02 00 00 13 67 00 00 13 67 00 00 00 4C FF D0 00 24 12 34 06 7C B8 00 00 00 22,4967,4967,76,4660,2026-07-30 22:54:49.046,1660,-48,36,
FF FF FF FF 00 25 06 81 20 01 01 02 00 00 13 67 00 00 13 67 00 00 00 4F FF D2 00 23 12 34 06 7D B8 00 00 00 24,4967,4967,79,4660,2026-07-30 22:54:49.145,1661,-46,35,
FF FF FF FF 00 25 06 82 20 01 01 02 00 00 13 67 00 00 13 67 00 00 00 51 FF D2 00 23 12 34 06 7E B8 00 00 00 3A,4967,4967,81,4660,2026-07-30 22:54:49.245,1662,-46,35,
FF FF FF FF 00 25 06 83 20 01 01 02 00 00 13 67 00 00 13 67 00 00 00 52 FF D2 00 23 12 34 06 7F B9 00 00 00 38,4967,4967,82,4660,2026-07-30 22:54:49.358,1663,-46,35,
FF FF FF FF 00 25 06 84 20 01 01 02 00 00 13 67 00 00 13 67 00 00 00 52 FF D1 00 23 12 34 06 80 B3 00 00 00 C9,4967,4967,82,4660,2026-07-30 22:54:49.446,1664,-47,35,
FF FF FF FF 00 25 06 85 20 01 01 02 00 00 13 67 00 00 13 67 00 00 00 53 FF D1 00 23 12 34 06 81 B8 00 00 00 C3,4967,4967,83,4660,2026-07-30 22:54:49.546,1665,-47,35,
FF FF FF FF 00 25 06 86 20 01 01 02 00 00 13 67 00 00 13 67 00 00 00 54 FF D3 00 23 12 34 06 82 B9 00 00 00 C7,4967,4967,84,4660,2026-07-30 22:54:49.657,1666,-45,35,
FF FF FF FF 00 25 06 87 20 01 01 02 00 00 13 67 00 00 13 67 00 00 00 55 FF D2 00 24 12 34 06 83 B9 00 00 00 C0,4967,4967,85,4660,2026-07-30 22:54:49.756,1667,-46,36,
FF FF FF FF 00 25 06 88 20 01 01 02 00 00 13 67 00 00 13 67 00 00 00 55 FF D3 00 24 12 34 06 84 B9 00 00 00 C9,4967,4967,85,4660,2026-07-30 22:54:49.855,1668,-45,36,
FF FF FF FF 00 25 06 89 20 01 01 02 00 00 13 67 00 00 13 67 00 00 00 52 FF D2 00 23 12 34 06 85 B8 00 00 00 C9,4967,4967,82,4660,2026-07-30 22:54:49.957,1669,-46,35,
FF FF FF FF 00 25 06 8A 20 01 01 02 00 00 13 67 00 00 13 67 00 00 00 54 FF D2 00 27 12 34 06 86 B4 00 00 00 C7,4967,4967,84,4660,2026-07-30 22:54:50.044,1670,-46,39,
FF FF FF FF 00 25 06 8B 20 01 01 02 00 00 13 67 00 00 13 67 00 00 00 52 FF D3 00 28 12 34 06 87 BB 00 00 00 C0,4967,4967,82,4660,2026-07-30 22:54:50.157,1671,-45,40,
FF FF FF FF 00 25 06 8C 20 01 01 02 00 00 13 67 00 00 13 67 00 00 00 55 FF D0 00 2A 12 34 06 88 AE 00 00 00 DB,4967,4967,85,4660,2026-07-30 22:54:50.253,1672,-48,42,
FF FF FF FF 00 25 06 8D 20 01 01 02 00 00 13 67 00 00 13 67 00 00 00 54 FF D0 00 2C 12 34 06 89 B9 00 00 00 CB,4967,4967,84,4660,2026-07-30 22:54:50.353,1673,-48,44,
FF FF FF FF 00 25 06 8E 20 01 01 02 00 00 13 67 00 00 13 67 00 00 00 57 FF D2 00 2F 12 34 06 8A BA 00 00 00 CA,4967,4967,87,4660,2026-07-30 22:54:50.452,1674,-46,47,
FF FF FF FF 00 25 06 8F 20 01 01 02 00 00 13 67 00 00 13 67 00 00 00 57 FF D2 00 35 12 34 06 8B BA 00 00 00 D0,4967,4967,87,4660,2026-07-30 22:54:50.551,1675,-46,53,
FF FF FF FF 00 25 06 90 20 01 01 02 00 00 13 67 00 00 13 67 00 00 00 5E FF D4 00 3F 12 34 06 8C BA 00 00 00 CD,4967,4967,94,4660,2026-07-30 22:54:50.649,1676,-44,63,
FF FF FF FF 00 25 06 91 20 01 01 02 00 00 13 67 00 00 13 67 00 00 00 61 FF D7 00 42 12 34 06 8D BA 00 00 00 8C,4967,4967,97,4660,2026-07-30 22:54:50.760,1677,-41,66,
FF FF FF FF 00 25 06 92 20 01 01 02 00 00 13 67 00 00 13 67 00 00 00 61 FF D7 00 40 12 34 06 8E BE 00 00 00 8A,4967,4967,97,4660,2026-07-30 22:54:50.848,1678,-41,64,
FF FF FF FF 00 25 06 93 20 01 01 02 00 00 13 67 00 00 13 67 00 00 00 61 FF D7 00 3D 12 34 06 8F BA 00 00 00 F3,4967,4967,97,4660,2026-07-30 22:54:50.946,1679,-41,61,
FF FF FF FF 00 25 06 94 20 01 01 02 00 00 13 67 00 00 13 67 00 00 00 62 FF D8 00 3C 12 34 06 90 BA 00 00 00 E6,4967,4967,98,4660,2026-07-30 22:54:51.058,1680,-40,60,
FF FF FF FF 00 25 06 95 20 01 01 02 00 00 13 67 00 00 13 67 00 00 00 60 FF DB 00 3A 12 34 06 91 BA 00 00 00 E1,4967,4967,96,4660,2026-07-30 22:54:51.144,1681,-37,58,
FF FF FF FF 00 25 06 96 20 01 01 02 00 00 13 67 00 00 13 67 00 00 00 5F FF DB 00 3A 12 34 06 92 BA 00 00 00 DE,4967,4967,95,4660,2026-07-30 22:54:51.254,1682,-37,58,
FF FF FF FF 00 25 06 97 20 01 01 02 00 00 13 67 00 00 13 67 00 00 00 62 FF DB 00 3B 12 34 06 93 BA 00 00 00 E2,4967,4967,98,4660,2026-07-30 22:54:51.353,1683,-37,59,
FF FF FF FF 00 25 06 98 20 01 01 02 00 00 13 67 00 00 13 67 00 00 00 5D FF DA 00 3A 12 34 06 94 BB 00 00 00 D4,4967,4967,93,4660,2026-07-30 22:54:51.453,1684,-38,58,
FF FF FF FF 00 25 06 99 20 01 01 02 00 00 13 67 00 00 13 67 00 00 00 5D FF D9 00 38 12 34 06 95 BA 00 00 00 D4,4967,4967,93,4660,2026-07-30 22:54:51.552,1685,-39,56,
FF FF FF FF 00 25 06 9A 20 01 01 02 00 00 13 67 00 00 13 67 00 00 00 60 FF DB 00 39 12 34 06 96 BA 00 00 00 EA,4967,4967,96,4660,2026-07-30 22:54:51.651,1686,-37,57,
FF FF FF FF 00 25 06 9B 20 01 01 02 00 00 13 67 00 00 13 67 00 00 00 61 FF DC 00 3A 12 34 06 97 BA 00 00 00 EF,4967,4967,97,4660,2026-07-30 22:54:51.759,1687,-36,58,
FF FF FF FF 00 25 06 9C 20 01 01 02 00 00 13 67 00 00 13 67 00 00 00 5E FF DF 00 3B 12 34 06 98 BA 00 00 00 DA,4967,4967,94,4660,2026-07-30 22:54:51.845,1688,-33,59,
FF FF FF FF 00 25 06 9D 20 01 01 02 00 00 13 67 00 00 13 67 00 00 00 5E FF DD 00 3C 12 34 06 99 BA 00 00 00 DF,4967,4967,94,4660,2026-07-30 22:54:52.070,1689,-35,60,
FF FF FF FF 00 25 06 9E 20 01 01 02 00 00 13 67 00 00 13 67 00 00 00 62 FF DA 00 3D 12 34 06 9A BA 00 00 00 E5,4967,4967,98,4660,2026-07-30 22:54:52.144,1690,-38,61,
FF FF FF FF 00 25 06 9F 20 01 01 02 00 00 13 67 00 00 13 67 00 00 00 63 FF DB 00 3E 12 34 06 9B BC 00 00 00 E0,4967,4967,99,4660,2026-07-30 22:54:52.249,1691,-37,62,
FF FF FF FF 00 25 06 A0 20 01 01 02 00 00 13 67 00 00 13 67 00 00 00 64 FF DB 00 41 12 34 06 9C BB 00 00 00 A7,4967,4967,100,4660,2026-07-30 22:54:52.349,1692,-37,65,
FF FF FF FF 00 25 06 A1 20 01 01 02 00 00 13 67 00 00 13 67 00 00 00 65 FF DB 00 45 12 34 06 9D BA 00 00 00 A3,4967,4967,101,4660,2026-07-30 22:54:52.448,1693,-37,69,
FF FF FF FF 00 25 06 A2 20 01 01 02 00 00 13 67 00 00 13 67 00 00 00 65 FF DB 00 49 12 34 06 9E BB 00 00 00 AE,4967,4967,101,4660,2026-07-30 22:54:52.548,1694,-37,73,
FF FF FF FF 00 25 06 A3 20 01 01 02 00 00 13 67 00 00 13 67 00 00 00 67 FF DA 00 4D 12 34 06 9F BC 00 00 00 AE,4967,4967,103,4660,2026-07-30 22:54:52.647,1695,-38,77,
FF FF FF FF 00 25 06 A4 20 01 01 02 00 00 13 67 00 00 13 67 00 00 00 65 FF E4 00 46 12 34 06 A0 BB 00 00 00 A6,4967,4967,101,4660,2026-07-30 22:54:52.753,1696,-28,70,
FF FF FF FF 00 25 06 A5 20 01 01 02 00 00 13 67 00 00 13 67 00 00 00 63 FF E1 00 48 12 34 06 A1 BE 00 00 00 AE,4967,4967,99,4660,2026-07-30 22:54:52.845,1697,-31,72,
FF FF FF FF 00 25 06 A6 20 01 01 02 00 00 13 67 00 00 13 67 00 00 00 5F FF DC 00 42 12 34 06 A2 BE 00 00 00 A5,4967,4967,95,4660,2026-07-30 22:54:52.945,1698,-36,66,
FF FF FF FF 00 25 06 A7 20 01 01 02 00 00 13 67 00 00 13 67 00 00 00 5A FF DB 00 45 12 34 06 A3 B9 00 00 00 A7,4967,4967,90,4660,2026-07-30 22:54:53.055,1699,-37,69,
FF FF FF FF 00 25 06 A8 20 01 01 02 00 00 13 67 00 00 13 67 00 00 00 55 FF D6 00 41 12 34 06 A4 BA 00 00 00 AA,4967,4967,85,4660,2026-07-30 22:54:53.143,1700,-42,65,
FF FF FF FF 00 25 06 A9 20 01 01 02 00 00 13 67 00 00 13 67 00 00 00 57 FF D7 00 40 12 34 06 A5 BE 00 00 00 AC,4967,4967,87,4660,2026-07-30 22:54:53.360,1701,-41,64,
FF FF FF FF 00 25 06 AA 20 01 01 02 00 00 13 67 00 00 13 67 00 00 00 56 FF E0 00 3A 12 34 06 A7 BE 00 00 00 E1,4967,4967,86,4660,2026-07-30 22:54:53.447,1703,-32,58,
FF FF FF FF 00 25 06 AB 20 01 01 02 00 00 13 67 00 00 13 67 00 00 00 58 FF DB 00 39 12 34 06 A8 BA 00 00 00 DD,4967,4967,88,4660,2026-07-30 22:54:53.547,1704,-37,57,
FF FF FF FF 00 25 06 AC 20 01 01 02 00 00 13 67 00 00 13 67 00 00 00 5B FF DF 00 37 12 34 06 A9 BC 00 00 00 D4,4967,4967,91,4660,2026-07-30 22:54:53.647,1705,-33,55,
FF FF FF FF 00 25 06 AD 20 01 01 02 00 00 13 67 00 00 13 67 00 00 00 57 FF DD 00 37 12 34 06 AA AF 00 00 00 CB,4967,4967,87,4660,2026-07-30 22:54:53.747,1706,-35,55,
FF FF FF FF 00 25 06 AE 20 01 01 02 00 00 13 67 00 00 13 67 00 00 00 57 FF DD 00 36 12 34 06 AC AF 00 00 00 CF,4967,4967,87,4660,2026-07-30 22:54:53.847,1708,-35,54,
FF FF FF FF 00 25 06 AF 20 01 01 02 00 00 13 67 00 00 13 67 00 00 00 54 FF DC 00 35 12 34 06 AD B1 00 00 00 D0,4967,4967,84,4660,2026-07-30 22:54:54.084,1709,-36,53,
FF FF FF FF 00 25 06 B0 20 01 01 02 00 00 13 67 00 00 13 67 00 00 00 55 FF DB 00 34 12 34 06 AE B0 00 00 00 CA,4967,4967,85,4660,2026-07-30 22:54:54.147,1710,-37,52,
FF FF FF FF 00 25 06 B1 20 01 01 02 00 00 13 67 00 00 13 67 00 00 00 54 FF DA 00 34 12 34 06 AF B9 00 00 00 C3,4967,4967,84,4660,2026-07-30 22:54:54.246,1711,-38,52,
FF FF FF FF 00 25 06 B2 20 01 01 02 00 00 13 67 00 00 13 67 00 00 00 53 FF DB 00 33 12 34 06 B0 B9 00 00 00 DE,4967,4967,83,4660,2026-07-30 22:54:54.344,1712,-37,51,
FF FF FF FF 00 25 06 B3 20 01 01 02 00 00 13 67 00 00 13 67 00 00 00 54 FF DD 00 32 12 34 06 B1 B4 00 00 00 D3,4967,4967,84,4660,2026-07-30 22:54:54.456,1713,-35,50,
FF FF FF FF 00 25 06 B4 20 01 01 02 00 00 13 67 00 00 13 67 00 00 00 56 FF DD 00 33 12 34 06 B2 B4 00 00 00 D4,4967,4967,86,4660,2026-07-30 22:54:54.557,1714,-35,51,
FF FF FF FF 00 25 06 B5 20 01 01 02 00 00 13 67 00 00 13 67 00 00 00 57 FF DE 00 33 12 34 06 B3 BA 00 00 00 D8,4967,4967,87,4660,2026-07-30 22:54:54.641,1715,-34,51,
FF FF FF FF 00 25 06 B6 20 01 01 02 00 00 13 67 00 00 13 67 00 00 00 5C FF D5 00 2D 12 34 06 B5 BC 00 00 00 C5,4967,4967,92,4660,2026-07-30 22:54:54.753,1717,-43,45,
FF FF FF FF 00 25 06 B7 20 01 01 02 00 00 13 67 00 00 13 67 00 00 00 56 FF D5 00 2D 12 34 06 B6 BB 00 00 00 CA,4967,4967,86,4660,2026-07-30 22:54:54.853,1718,-43,45,
FF FF FF FF 00 25 06 B8 20 01 01 02 00 00 13 67 00 00 13 67 00 00 00 5A FF D9 00 2F 12 34 06 B7 BE 00 00 00 C3,4967,4967,90,4660,2026-07-30 22:54:54.953,1719,-39,47,
FF FF FF FF 00 25 06 B9 20 01 01 02 00 00 13 67 00 00 13 67 00 00 00 57 FF CF 00 2C 12 34 06 B8 BC 00 00 00 D7,4967,4967,87,4660,2026-07-30 22:54:55.053,1720,-49,44,
FF FF FF FF 00 25 06 BA 20 01 01 02 00 00 13 67 00 00 13 67 00 00 00 57 FF D3 00 2F 12 34 06 B9 BA 00 00 00 CC,4967,4967,87,4660,2026-07-30 22:54:55.152,1721,-45,47,
FF FF FF FF 00 25 06 BB 20 01 01 02 00 00 13 67 00 00 13 67 00 00 00 5B FF D9 00 2D 12 34 06 BA BB 00 00 00 CB,4967,4967,91,4660,2026-07-30 22:54:55.251,1722,-39,45,
FF FF FF FF 00 25 06 BC 20 01 01 02 00 00 13 67 00 00 13 67 00 00 00 5A FF D2 00 2A 12 34 06 BB BA 00 00 00 C1,4967,4967,90,4660,2026-07-30 22:54:55.344,1723,-46,42,
FF FF FF FF 00 25 06 BD 20 01 01 02 00 00 13 67 00 00 13 67 00 00 00 67 FF DF 00 2E 12 34 06 BC C0 00 00 00 89,4967,4967,103,4660,2026-07-30 22:54:55.443,1724,-33,46,
FF FF FF FF 00 25 06 BE 20 01 01 02 00 00 13 67 00 00 13 67 00 00 00 6B FF D0 00 27 12 34 06 BD BD 00 00 00 FC,4967,4967,107,4660,2026-07-30 22:54:55.555,1725,-48,39,
FF FF FF FF 00 25 06 BF 20 01 01 02 00 00 13 67 00 00 13 67 00 00 00 70 FF CF 00 25 12 34 06 BE BE 00 00 00 FB,4967,4967,112,4660,2026-07-30 22:54:55.654,1726,-49,37,
FF FF FF FF 00 25 06 C0 20 01 01 02 00 00 13 67 00 00 13 67 00 00 00 66 FF DB 00 28 12 34 06 BF BE 00 00 00 8A,4967,4967,102,4660,2026-07-30 22:54:55.754,1727,-37,40,
FF FF FF FF 00 25 06 C1 20 01 01 02 00 00 13 67 00 00 13 67 00 00 00 65 FF D5 00 25 12 34 06 C0 B0 00 00 00 FA,4967,4967,101,4660,2026-07-30 22:54:55.842,1728,-43,37,
FF FF FF FF 00 25 06 C2 20 01 01 02 00 00 13 67 00 00 13 67 00 00 00 5D FF D9 00 24 12 34 06 C1 B4 00 00 00 C9,4967,4967,93,4660,2026-07-30 22:54:55.954,1729,-39,36,
FF FF FF FF 00 25 06 C3 20 01 01 02 00 00 13 67 00 00 13 67 00 00 00 5F FF DB 00 25 12 34 06 C2 BC 00 00 00 C2,4967,4967,95,4660,2026-07-30 22:54:56.053,1730,-37,37,
FF FF FF FF 00 25 06 C4 20 01 01 02 00 00 13 67 00 00 13 67 00 00 00 5B FF DA 00 24 12 34 06 C3 BE 00 00 00 C2,4967,4967,91,4660,2026-07-30 22:54:56.152,1731,-38,36,
FF FF FF FF 00 25 06 C5 20 01 01 02 00 00 13 67 00 00 13 67 00 00 00 62 FF D9 00 22 12 34 06 C4 BF 00 00 00 F9,4967,4967,98,4660,2026-07-30 22:54:56.252,1732,-39,34,
FF FF FF FF 00 25 06 C6 20 01 01 02 00 00 13 67 00 00 13 67 00 00 00 63 FF D7 00 22 12 34 06 C5 BD 00 00 00 F6,4967,4967,99,4660,2026-07-30 22:54:56.345,1733,-41,34,
FF FF FF FF 00 25 06 C7 20 01 01 02 00 00 13 67 00 00 13 67 00 00 00 67 FF CA 00 1A 12 34 06 C6 BA 00 00 00 D2,4967,4967,103,4660,2026-07-30 22:54:56.443,1734,-54,26,
FF FF FF FF 00 25 06 C8 20 01 01 02 00 00 13 67 00 00 13 67 00 00 00 69 FF BE 00 17 12 34 06 C8 BD 00 00 00 A3,4967,4967,105,4660,2026-07-30 22:54:56.553,1736,-66,23,
FF FF FF FF 00 25 06 C9 20 01 01 02 00 00 13 67 00 00 13 67 00 00 00 6A FF D2 00 1D 12 34 06 C9 BC 00 00 00 C7,4967,4967,106,4660,2026-07-30 22:54:56.651,1737,-46,29,
FF FF FF FF 00 25 06 CA 20 01 01 02 00 00 13 67 00 00 13 67 00 00 00 68 FF DF 00 21 12 34 06 CA BA 00 00 00 F2,4967,4967,104,4660,2026-07-30 22:54:56.751,1738,-33,33,
FF FF FF FF 00 25 06 CB 20 01 01 02 00 00 13 67 00 00 13 67 00 00 00 5F FF CF 00 17 12 34 06 CB BD 00 00 00 E4,4967,4967,95,4660,2026-07-30 22:54:56.849,1739,-49,23,
FF FF FF FF 00 25 06 CC 20 01 01 02 00 00 13 67 00 00 13 67 00 00 00 5E FF CC 00 13 12 34 06 CC BD 00 00 00 E2,4967,4967,94,4660,2026-07-30 22:54:56.949,1740,-52,19,
FF FF FF FF 00 25 06 CD 20 01 01 02 00 00 13 67 00 00 13 67 00 00 00 5C FF D2 00 18 12 34 06 CD BD 00 00 00 F5,4967,4967,92,4660,2026-07-30 22:54:57.047,1741,-46,24,
FF FF FF FF 00 25 06 CE 20 01 01 02 00 00 13 67 00 00 13 67 00 00 00 61 FF DD 00 21 12 34 06 CE BC 00 00 00 FF,4967,4967,97,4660,2026-07-30 22:54:57.148,1742,-35,33,
FF FF FF FF 00 25 06 CF 20 01 01 02 00 00 13 67 00 00 13 67 00 00 00 63 FF E4 00 23 12 34 06 CF BD 00 00 00 C7,4967,4967,99,4660,2026-07-30 22:54:57.379,1743,-28,35,
FF FF FF FF 00 25 06 D0 20 01 01 02 00 00 13 67 00 00 13 67 00 00 00 6A FF EB 00 24 12 34 06 D0 BE 00 00 00 C5,4967,4967,106,4660,2026-07-30 22:54:57.455,1744,-21,36,
FF FF FF FF 00 25 06 D1 20 01 01 02 00 00 13 67 00 00 13 67 00 00 00 6A FF E4 00 23 12 34 06 D1 BE 00 00 00 CD,4967,4967,106,4660,2026-07-30 22:54:57.554,1745,-28,35,
FF FF FF FF 00 25 06 D2 20 01 01 02 00 00 13 67 00 00 13 67 00 00 00 6E FF E4 00 25 12 34 06 D2 C0 00 00 00 B1,4967,4967,110,4660,2026-07-30 22:54:57.652,1746,-28,37,
FF FF FF FF 00 25 06 D3 20 01 01 02 00 00 13 67 00 00 13 67 00 00 00 6A FF E3 00 24 12 34 06 D3 BE 00 00 00 CD,4967,4967,106,4660,2026-07-30 22:54:57.749,1747,-29,36,
FF FF FF FF 00 25 06 D4 20 01 01 02 00 00 13 67 00 00 13 67 00 00 00 6C FF EA 00 25 12 34 06 D4 BC 00 00 00 C1,4967,4967,108,4660,2026-07-30 22:54:57.861,1748,-22,37,
FF FF FF FF 00 25 06 D5 20 01 01 02 00 00 13 67 00 00 13 67 00 00 00 66 FF ED 00 27 12 34 06 D5 BB 00 00 00 C9,4967,4967,102,4660,2026-07-30 22:54:58.520,1749,-19,39,
FF FF FF FF 00 25 06 D6 20 01 01 02 00 00 13 67 00 00 13 67 00 00 00 65 FF EB 00 25 12 34 06 D6 BE 00 00 00 CB,4967,4967,101,4660,2026-07-30 22:54:58.619,1750,-21,37,
FF FF FF FF 00 25 06 D7 20 01 01 02 00 00 13 67 00 00 13 67 00 00 00 63 FF E5 00 28 12 34 06 D7 BE 00 00 00 CE,4967,4967,99,4660,2026-07-30 22:54:59.286,1751,-27,40,
FF FF FF FF 00 25 06 D8 20 01 01 02 00 00 13 67 00 00 13 67 00 00 00 62 FF EC 00 29 12 34 06 D8 BF 00 00 00 C6,4967,4967,98,4660,2026-07-30 22:54:59.382,1752,-20,41,
FF FF FF FF 00 25 06 D9 20 01 01 02 00 00 13 67 00 00 13 67 00 00 00 65 FF E7 00 28 12 34 06 D9 BE 00 00 00 CA,4967,4967,101,4660,2026-07-30 22:55:00.056,1753,-25,40,
FF FF FF FF 00 25 06 DA 20 01 01 02 00 00 13 67 00 00 13 67 00 00 00 66 FF EA 00 29 12 34 06 DA BA 00 00 00 C1,4967,4967,102,4660,2026-07-30 22:55:00.155,1754,-22,41,
FF FF FF FF 00 25 06 DB 20 01 01 02 00 00 13 67 00 00 13 67 00 00 00 66 FF F0 00 2B 12 34 06 DB BD 00 00 00 DE,4967,4967,102,4660,2026-07-30 22:55:00.256,1755,-16,43,
FF FF FF FF 00 25 06 DC 20 01 01 02 00 00 13 67 00 00 13 67 00 00 00 68 FF E7 00 17 12 34 06 DC BA 00 00 00 FC,4967,4967,104,4660,2026-07-30 22:55:00.359,1756,-25,23,
FF FF FF FF 00 25 06 DD 20 01 01 02 00 00 13 67 00 00 13 67 00 00 00 64 FF E5 00 1D 12 34 06 DD BA 00 00 00 F8,4967,4967,100,4660,2026-07-30 22:55:00.453,1757,-27,29,
FF FF FF FF 00 25 06 DE 20 01 01 02 00 00 13 67 00 00 13 67 00 00 00 62 FF E4 00 21 12 34 06 DE BC 00 00 00 C5,4967,4967,98,4660,2026-07-30 22:55:00.552,1758,-28,33,
FF FF FF FF 00 25 06 DF 20 01 01 02 00 00 13 67 00 00 13 67 00 00 00 6C FF EC 00 26 12 34 06 DF BC 00 00 00 C4,4967,4967,108,4660,2026-07-30 22:55:00.652,1759,-20,38,
FF FF FF FF 00 25 06 E0 20 01 01 02 00 00 13 67 00 00 13 67 00 00 00 6C FF E2 00 2E 12 34 06 E0 B9 00 00 00 C7,4967,4967,108,4660,2026-07-30 22:55:00.750,1760,-30,46,
FF FF FF FF 00 25 06 E1 20 01 01 02 00 00 13 67 00 00 13 67 00 00 00 73 FF EC 00 2E 12 34 06 E1 BE 00 00 00 D1,4967,4967,115,4660,2026-07-30 22:55:00.850,1761,-20,46,
FF FF FF FF 00 25 06 E2 20 01 01 02 00 00 13 67 00 00 13 67 00 00 00 71 FF D9 00 22 12 34 06 E2 BC 00 00 00 E8,4967,4967,113,4660,2026-07-30 22:55:00.947,1762,-39,34,
FF FF FF FF 00 25 06 E3 20 01 01 02 00 00 13 67 00 00 13 67 00 00 00 65 FF D8 00 27 12 34 06 E3 B8 00 00 00 FC,4967,4967,101,4660,2026-07-30 22:55:01.058,1763,-40,39,
FF FF FF FF 00 25 06 E4 20 01 01 02 00 00 13 67 00 00 13 67 00 00 00 62 FF DB 00 29 12 34 06 E4 B4 00 00 00 FA,4967,4967,98,4660,2026-07-30 22:55:01.157,1764,-37,41,
FF FF FF FF 00 25 06 E5 20 01 01 02 00 00 13 67 00 00 13 67 00 00 00 61 FF DB 00 2B 12 34 06 E5 BB 00 00 00 F4,4967,4967,97,4660,2026-07-30 22:55:01.254,1765,-37,43,
FF FF FF FF 00 25 06 E6 20 01 01 02 00 00 13 67 00 00 13 67 00 00 00 60 FF DC 00 2D 12 34 06 E6 BA 00 00 00 F5,4967,4967,96,4660,2026-07-30 22:55:01.353,1766,-36,45,
FF FF FF FF 00 25 06 E7 20 01 01 02 00 00 13 67 00 00 13 67 00 00 00 5E FF DC 00 2F 12 34 06 E7 B8 00 00 00 CB,4967,4967,94,4660,2026-07-30 22:55:01.452,1767,-36,47,
FF FF FF FF 00 25 06 E8 20 01 01 02 00 00 13 67 00 00 13 67 00 00 00 5C FF DC 00 2F 12 34 06 E8 B9 00 00 00 C8,4967,4967,92,4660,2026-07-30 22:55:01.551,1768,-36,47,
FF FF FF FF 00 25 06 E9 20 01 01 02 00 00 13 67 00 00 13 67 00 00 00 5A FF DB 00 32 12 34 06 E9 B4 00 00 00 D9,4967,4967,90,4660,2026-07-30 22:55:01.663,1769,-37,50,
FF FF FF FF 00 25 06 EA 20 01 01 02 00 00 13 67 00 00 13 67 00 00 00 57 FF DB 00 35 12 34 06 EA BB 00 00 00 DC,4967,4967,87,4660,2026-07-30 22:55:01.750,1770,-37,53,
FF FF FF FF 00 25 06 EB 20 01 01 02 00 00 13 67 00 00 13 67 00 00 00 50 FF D9 00 37 12 34 06 EB BB 00 00 00 DB,4967,4967,80,4660,2026-07-30 22:55:01.849,1771,-39,55,
FF FF FF FF 00 25 06 EC 20 01 01 02 00 00 13 67 00 00 13 67 00 00 00 56 FF D8 00 37 12 34 06 EC BB 00 00 00 DC,4967,4967,86,4660,2026-07-30 22:55:01.957,1772,-40,55,
FF FF FF FF 00 25 06 ED 20 01 01 02 00 00 13 67 00 00 13 67 00 00 00 54 FF D7 00 38 12 34 06 ED AE 00 00 00 CB,4967,4967,84,4660,2026-07-30 22:55:02.057,1773,-41,56,
FF FF FF FF 00 25 06 EE 20 01 01 02 00 00 13 67 00 00 13 67 00 00 00 57 FF E1 00 37 12 34 06 EE BB 00 00 00 E4,4967,4967,87,4660,2026-07-30 22:55:02.154,1774,-31,55,
FF FF FF FF 00 25 06 EF 20 01 01 02 00 00 13 67 00 00 13 67 00 00 00 5D FF E6 00 37 12 34 06 EF B1 00 00 00 E3,4967,4967,93,4660,2026-07-30 22:55:02.253,1775,-26,55,
FF FF FF FF 00 25 06 F0 20 01 01 02 00 00 13 67 00 00 13 67 00 00 00 5B FF E8 00 36 12 34 06 F0 BC 00 00 00 E7,4967,4967,91,4660,2026-07-30 22:55:02.353,1776,-24,54,
FF FF FF FF 00 25 06 F1 20 01 01 02 00 00 13 67 00 00 13 67 00 00 00 5D FF E8 00 3A 12 34 06 F1 BE 00 00 00 EF,4967,4967,93,4660,2026-07-30 22:55:02.451,1777,-24,58,
FF FF FF FF 00 25 06 F2 20 01 01 02 00 00 13 67 00 00 13 67 00 00 00 63 FF ED 00 3A 12 34 06 F2 B9 00 00 00 D3,4967,4967,99,4660,2026-07-30 22:55:02.562,1778,-19,58,
FF FF FF FF 00 25 06 F3 20 01 01 02 00 00 13 67 00 00 13 67 00 00 00 68 FF F0 00 3B 12 34 06 F3 BA 00 00 00 C7,4967,4967,104,4660,2026-07-30 22:55:02.661,1779,-16,59,
FF FF FF FF 00 25 06 F4 20 01 01 02 00 00 13 67 00 00 13 67 00 00 00 70 FF F2 00 3B 12 34 06 F4 BA 00 00 00 DD,4967,4967,112,4660,2026-07-30 22:55:02.747,1780,-14,59,
FF FF FF FF 00 25 06 F5 20 01 01 02 00 00 13 67 00 00 13 67 00 00 00 75 FF F1 00 3C 12 34 06 F5 BC 00 00 00 DA,4967,4967,117,4660,2026-07-30 22:55:02.857,1781,-15,60,
FF FF FF FF 00 25 06 F6 20 01 01 02 00 00 13 67 00 00 13 67 00 00 00 7D FF DD 00 2D 12 34 06 F6 BA 00 00 00 E9,4967,4967,125,4660,2026-07-30 22:55:02.956,1782,-35,45,
FF FF FF FF 00 25 06 F7 20 01 01 02 00 00 13 67 00 00 13 67 00 00 00 7F FF E3 00 31 12 34 06 F7 BE 00 00 00 CD,4967,4967,127,4660,2026-07-30 22:55:03.057,1783,-29,49,
FF FF FF FF 00 25 06 F8 20 01 01 02 00 00 13 67 00 00 13 67 00 00 00 7B FF E9 00 33 12 34 06 F8 BA 00 00 00 C5,4967,4967,123,4660,2026-07-30 22:55:03.156,1784,-23,51,
FF FF FF FF 00 25 06 F9 20 01 01 02 00 00 13 67 00 00 13 67 00 00 00 6D FF E2 00 3A 12 34 06 F9 BE 00 00 00 D5,4967,4967,109,4660,2026-07-30 22:55:03.255,1785,-30,58,
FF FF FF FF 00 25 06 FA 20 01 01 02 00 00 13 67 00 00 13 67 00 00 00 67 FF DE 00 40 12 34 06 FA BB 00 00 00 9C,4967,4967,103,4660,2026-07-30 22:55:03.354,1786,-34,64,
FF FF FF FF 00 25 06 FB 20 01 01 02 00 00 13 67 00 00 13 67 00 00 00 70 FF CF 00 2F 12 34 06 FB BA 00 00 00 F4,4967,4967,112,4660,2026-07-30 22:55:03.462,1787,-49,47,
FF FF FF FF 00 25 06 FC 20 01 01 02 00 00 13 67 00 00 13 67 00 00 00 7A FF C4 00 22 12 34 06 FC BA 00 00 00 F8,4967,4967,122,4660,2026-07-30 22:55:03.563,1788,-60,34,
FF FF FF FF 00 25 06 FD 20 01 01 02 00 00 13 67 00 00 13 67 00 00 00 6B FF C5 00 2D 12 34 06 FD B9 00 00 00 E4,4967,4967,107,4660,2026-07-30 22:55:03.661,1789,-59,45,
FF FF FF FF 00 25 06 FE 20 01 01 02 00 00 13 67 00 00 13 67 00 00 00 6A FF C7 00 32 12 34 06 FE B9 00 00 00 F8,4967,4967,106,4660,2026-07-30 22:55:03.759,1790,-57,50,
FF FF FF FF 00 25 06 FF 20 01 01 02 00 00 13 67 00 00 13 67 00 00 00 6C FF D6 00 35 12 34 06 FF BA 00 00 00 EB,4967,4967,108,4660,2026-07-30 22:55:03.859,1791,-42,53,
FF FF FF FF 00 25 07 00 20 01 01 02 00 00 13 67 00 00 13 67 00 00 00 6C FF C9 00 27 12 34 07 00 BA 00 00 00 E6,4967,4967,108,4660,2026-07-30 22:55:03.958,1792,-55,39,
FF FF FF FF 00 25 07 01 20 01 01 02 00 00 13 67 00 00 13 67 00 00 00 73 FF D8 00 2C 12 34 07 01 BA 00 00 00 E3,4967,4967,115,4660,2026-07-30 22:55:04.058,1793,-40,44,
FF FF FF FF 00 25 07 02 20 01 01 02 00 00 13 67 00 00 13 67 00 00 00 63 FF D8 00 35 12 34 07 02 B9 00 00 00 E9,4967,4967,99,4660,2026-07-30 22:55:04.157,1794,-40,53,
FF FF FF FF 00 25 07 03 20 01 01 02 00 00 13 67 00 00 13 67 00 00 00 57 FF CA 00 30 12 34 07 03 BA 00 00 00 C9,4967,4967,87,4660,2026-07-30 22:55:04.259,1795,-54,48,
FF FF FF FF 00 25 07 04 20 01 01 02 00 00 13 67 00 00 13 67 00 00 00 50 FF C1 00 2C 12 34 07 04 BA 00 00 00 D9,4967,4967,80,4660,2026-07-30 22:55:04.359,1796,-63,44,
FF FF FF FF 00 25 07 05 20 01 01 02 00 00 13 67 00 00 13 67 00 00 00 49 FF BA 00 2A 12 34 07 05 BC 00 00 00 BB,4967,4967,73,4660,2026-07-30 22:55:04.452,1797,-70,42,
FF FF FF FF 00 25 07 06 20 01 01 02 00 00 13 67 00 00 13 67 00 00 00 46 FF BD 00 1D 12 34 07 06 B9 00 00 00 81,4967,4967,70,4660,2026-07-30 22:55:04.552,1798,-67,29,
FF FF FF FF 00 25 07 07 20 01 01 02 00 00 13 67 00 00 13 67 00 00 00 4B FF BF 00 14 12 34 07 07 BC 00 00 00 82,4967,4967,75,4660,2026-07-30 22:55:04.650,1799,-65,20,
FF FF FF FF 00 25 07 08 20 01 01 02 00 00 13 67 00 00 13 67 00 00 00 47 FF B8 00 19 12 34 07 08 B4 00 00 00 8C,4967,4967,71,4660,2026-07-30 22:55:04.749,1800,-72,25,
FF FF FF FF 00 25 07 09 20 01 01 02 00 00 13 67 00 00 13 67 00 00 00 41 FF B7 00 1F 12 34 07 09 BA 00 00 00 8D,4967,4967,65,4660,2026-07-30 22:55:04.860,1801,-73,31,
FF FF FF FF 00 25 07 0A 20 01 01 02 00 00 13 67 00 00 13 67 00 00 00 47 FF B6 00 24 12 34 07 0A B1 00 00 00 BA,4967,4967,71,4660,2026-07-30 22:55:04.959,1802,-74,36,
FF FF FF FF 00 25 07 0B 20 01 01 02 00 00 13 67 00 00 13 67 00 00 00 4A FF B5 00 27 12 34 07 0B B4 00 00 00 B2,4967,4967,74,4660,2026-07-30 22:55:05.058,1803,-75,39,
FF FF FF FF 00 25 07 0C 20 01 01 02 00 00 13 67 00 00 13 67 00 00 00 51 FF C5 00 26 12 34 07 0C B1 00 00 00 DD,4967,4967,81,4660,2026-07-30 22:55:05.159,1804,-59,38,
FF FF FF FF 00 25 07 0D 20 01 01 02 00 00 13 67 00 00 13 67 00 00 00 4C FF BD 00 23 12 34 07 0D B9 00 00 00 B5,4967,4967,76,4660,2026-07-30 22:55:05.258,1805,-67,35,
FF FF FF FF 00 25 07 0E 20 01 01 02 00 00 13 67 00 00 13 67 00 00 00 51 FF B7 00 24 12 34 07 0E BD 00 00 00 A1,4967,4967,81,4660,2026-07-30 22:55:05.358,1806,-73,36,
FF FF FF FF 00 25 07 0F 20 01 01 02 00 00 13 67 00 00 13 67 00 00 00 4D FF BE 00 2A 12 34 07 0F BA 00 00 00 BD,4967,4967,77,4660,2026-07-30 22:55:05.469,1807,-66,42,
FF FF FF FF 00 25 07 10 20 01 01 02 00 00 13 67 00 00 13 67 00 00 00 50 FF BE 00 28 12 34 07 10 BA 00 00 00 A2,4967,4967,80,4660,2026-07-30 22:55:05.556,1808,-66,40,
FF FF FF FF 00 25 07 11 20 01 01 02 00 00 13 67 00 00 13 67 00 00 00 4F FF C2 00 2E 12 34 07 11 BE 00 00 00 C3,4967,4967,79,4660,2026-07-30 22:55:05.655,1809,-62,46,
FF FF FF FF 00 25 07 12 20 01 01 02 00 00 13 67 00 00 13 67 00 00 00 4F FF C5 00 32 12 34 07 12 AF 00 00 00 C9,4967,4967,79,4660,2026-07-30 22:55:05.755,1810,-59,50,
FF FF FF FF 00 25 07 13 20 01 01 02 00 00 13 67 00 00 13 67 00 00 00 4D FF C4 00 34 12 34 07 13 B1 00 00 00 D2,4967,4967,77,4660,2026-07-30 22:55:05.855,1811,-60,52,
FF FF FF FF 00 25 07 14 20 01 01 02 00 00 13 67 00 00 13 67 00 00 00 4D FF C6 00 3A 12 34 07 14 B9 00 00 00 D6,4967,4967,77,4660,2026-07-30 22:55:05.960,1812,-58,58,
FF FF FF FF 00 25 07 15 20 01 01 02 00 00 13 67 00 00 13 67 00 00 00 50 FF C9 00 3D 12 34 07 16 B6 00 00 00 CF,4967,4967,80,4660,2026-07-30 22:55:06.048,1814,-55,61,
FF FF FF FF 00 25 07 16 20 01 01 02 00 00 13 67 00 00 13 67 00 00 00 52 FF C8 00 3B 12 34 07 17 BA 00 00 00 C4,4967,4967,82,4660,2026-07-30 22:55:06.161,1815,-56,59,
FF FF FF FF 00 25 07 17 20 01 01 02 00 00 13 67 00 00 13 67 00 00 00 53 FF C7 00 3D 12 34 07 18 B9 00 00 00 C1,4967,4967,83,4660,2026-07-30 22:55:06.260,1816,-57,61,
FF FF FF FF 00 25 07 18 20 01 01 02 00 00 13 67 00 00 13 67 00 00 00 52 FF C9 00 42 12 34 07 19 BA 00 00 00 BC,4967,4967,82,4660,2026-07-30 22:55:06.348,1817,-55,66,
FF FF FF FF 00 25 07 19 20 01 01 02 00 00 13 67 00 00 13 67 00 00 00 54 FF CA 00 48 12 34 07 1A B9 00 00 00 B2,4967,4967,84,4660,2026-07-30 22:55:06.464,1818,-54,72,
FF FF FF FF 00 25 07 1A 20 01 01 02 00 00 13 67 00 00 13 67 00 00 00 4F FF CB 00 4D 12 34 07 1B BE 00 00 00 A8,4967,4967,79,4660,2026-07-30 22:55:06.556,1819,-53,77,
FF FF FF FF 00 25 07 1B 20 01 01 02 00 00 13 67 00 00 13 67 00 00 00 4F FF C9 00 46 12 34 07 1C BE 00 00 00 A7,4967,4967,79,4660,2026-07-30 22:55:06.656,1820,-55,70,
FF FF FF FF 00 25 07 1C 20 01 01 02 00 00 13 67 00 00 13 67 00 00 00 57 FF C8 00 44 12 34 07 1D BB 00 00 00 BF,4967,4967,87,4660,2026-07-30 22:55:06.755,1821,-56,68,
FF FF FF FF 00 25 07 1D 20 01 01 02 00 00 13 67 00 00 13 67 00 00 00 59 FF C9 00 40 12 34 07 1E BA 00 00 00 B7,4967,4967,89,4660,2026-07-30 22:55:06.852,1822,-55,64,
FF FF FF FF 00 25 07 1E 20 01 01 02 00 00 13 67 00 00 13 67 00 00 00 57 FF C9 00 3E 12 34 07 1F BE 00 00 00 C1,4967,4967,87,4660,2026-07-30 22:55:06.954,1823,-55,62,
FF FF FF FF 00 25 07 1F 20 01 01 02 00 00 13 67 00 00 13 67 00 00 00 58 FF C5 00 3C 12 34 07 20 BA 00 00 00 FA,4967,4967,88,4660,2026-07-30 22:55:07.061,1824,-59,60,
FF FF FF FF 00 25 07 20 20 01 01 02 00 00 13 67 00 00 13 67 00 00 00 59 FF C6 00 44 12 34 07 21 BA 00 00 00 BE,4967,4967,89,4660,2026-07-30 22:55:07.147,1825,-58,68,
FF FF FF FF 00 25 07 21 20 01 01 02 00 00 13 67 00 00 13 67 00 00 00 56 FF C9 00 42 12 34 07 23 BB 00 00 00 BA,4967,4967,86,4660,2026-07-30 22:55:07.259,1827,-55,66,
FF FF FF FF 00 25 07 22 20 01 01 02 00 00 13 67 00 00 13 67 00 00 00 56 FF CD 00 49 12 34 07 24 BB 00 00 00 B1,4967,4967,86,4660,2026-07-30 22:55:07.358,1828,-51,73,
FF FF FF FF 00 25 07 23 20 01 01 02 00 00 13 67 00 00 13 67 00 00 00 59 FF CF 00 4E 12 34 07 25 BC 00 00 00 BC,4967,4967,89,4660,2026-07-30 22:55:07.459,1829,-49,78,
FF FF FF FF 00 25 07 24 20 01 01 02 00 00 13 67 00 00 13 67 00 00 00 5D FF D2 00 51 12 34 07 26 BC 00 00 00 BE,4967,4967,93,4660,2026-07-30 22:55:07.553,1830,-46,81,
FF FF FF FF 00 25 07 25 20 01 01 02 00 00 13 67 00 00 13 67 00 00 00 65 FF D4 00 53 12 34 07 27 BE 00 00 00 80,4967,4967,101,4660,2026-07-30 22:55:07.652,1831,-44,83,
FF FF FF FF 00 25 07 26 20 01 01 02 00 00 13 67 00 00 13 67 00 00 00 6F FF D4 00 55 12 34 07 28 BD 00 00 00 83,4967,4967,111,4660,2026-07-30 22:55:07.751,1832,-44,85,
FF FF FF FF 00 25 07 27 20 01 01 02 00 00 13 67 00 00 13 67 00 00 00 6C FF D3 00 4F 12 34 07 2A BC 00 00 00 9F,4967,4967,108,4660,2026-07-30 22:55:07.849,1834,-45,79,
FF FF FF FF 00 25 07 28 20 01 01 02 00 00 13 67 00 00 13 67 00 00 00 68 FF D1 00 4D 12 34 07 2B BB 00 00 00 92,4967,4967,104,4660,2026-07-30 22:55:07.949,1835,-47,77,
FF FF FF FF 00 25 07 29 20 01 01 02 00 00 13 67 00 00 13 67 00 00 00 6E FF D0 00 4C 12 34 07 2C BE 00 00 00 97,4967,4967,110,4660,2026-07-30 22:55:08.059,1836,-48,76,
FF FF FF FF 00 25 07 2A 20 01 01 02 00 00 13 67 00 00 13 67 00 00 00 64 FF D1 00 4C 12 34 07 2D BB 00 00 00 9B,4967,4967,100,4660,2026-07-30 22:55:08.159,1837,-47,76,
FF FF FF FF 00 25 07 2B 20 01 01 02 00 00 13 67 00 00 13 67 00 00 00 66 FF D2 00 4C 12 34 07 2E BB 00 00 00 98,4967,4967,102,4660,2026-07-30 22:55:08.259,1838,-46,76,
FF FF FF FF 00 25 07 2C 20 01 01 02 00 00 13 67 00 00 13 67 00 00 00 67 FF D5 00 50 12 34 07 2F BC 00 00 00 83,4967,4967,103,4660,2026-07-30 22:55:08.358,1839,-43,80,
FF FF FF FF 00 25 07 2D 20 01 01 02 00 00 13 67 00 00 13 67 00 00 00 65 FF D4 00 4E 12 34 07 30 BC 00 00 00 80,4967,4967,101,4660,2026-07-30 22:55:08.456,1840,-44,78,
FF FF FF FF 00 25 07 2E 20 01 01 02 00 00 13 67 00 00 13 67 00 00 00 6B FF D4 00 51 12 34 07 31 BD 00 00 00 92,4967,4967,107,4660,2026-07-30 22:55:08.552,1841,-44,81,
FF FF FF FF 00 25 07 2F 20 01 01 02 00 00 13 67 00 00 13 67 00 00 00 71 FF DF 00 48 12 34 07 32 BC 00 00 00 99,4967,4967,113,4660,2026-07-30 22:55:08.651,1842,-33,72,
FF FF FF FF 00 25 07 30 20 01 01 02 00 00 13 67 00 00 13 67 00 00 00 72 FF D8 00 2C 12 34 07 33 BC 00 00 00 E7,4967,4967,114,4660,2026-07-30 22:55:08.750,1843,-40,44,
FF FF FF FF 00 25 07 31 20 01 01 02 00 00 13 67 00 00 13 67 00 00 00 6F FF DA 00 39 12 34 07 34 BC 00 00 00 EB,4967,4967,111,4660,2026-07-30 22:55:08.862,1844,-38,57,
FF FF FF FF 00 25 07 32 20 01 01 02 00 00 13 67 00 00 13 67 00 00 00 71 FF DB 00 41 12 34 07 35 BC 00 00 00 8E,4967,4967,113,4660,2026-07-30 22:55:08.948,1845,-37,65,
FF FF FF FF 00 25 07 33 20 01 01 02 00 00 13 67 00 00 13 67 00 00 00 6F FF D9 00 48 12 34 07 36 BB 00 00 00 9E,4967,4967,111,4660,2026-07-30 22:55:09.057,1846,-39,72,
FF FF FF FF 00 25 07 34 20 01 01 02 00 00 13 67 00 00 13 67 00 00 00 6D FF D7 00 4D 12 34 07 37 BC 00 00 00 96,4967,4967,109,4660,2026-07-30 22:55:09.156,1847,-41,77,
FF FF FF FF 00 25 07 35 20 01 01 02 00 00 13 67 00 00 13 67 00 00 00 6D FF D6 00 50 12 34 07 38 BC 00 00 00 84,4967,4967,109,4660,2026-07-30 22:55:09.256,1848,-42,80,
FF FF FF FF 00 25 07 36 20 01 01 02 00 00 13 67 00 00 13 67 00 00 00 6A FF D5 00 53 12 34 07 39 BB 00 00 00 86,4967,4967,106,4660,2026-07-30 22:55:09.356,1849,-43,83,
FF FF FF FF 00 25 07 37 20 01 01 02 00 00 13 67 00 00 13 67 00 00 00 65 FF D2 00 49 12 34 07 3A BD 00 00 00 90,4967,4967,101,4660,2026-07-30 22:55:09.455,1850,-46,73,
FF FF FF FF 00 25 07 38 20 01 01 02 00 00 13 67 00 00 13 67 00 00 00 65 FF D1 00 44 12 34 07 3B BB 00 00 00 96,4967,4967,101,4660,2026-07-30 22:55:09.562,1851,-47,68,
FF FF FF FF 00 25 07 39 20 01 01 02 00 00 13 67 00 00 13 67 00 00 00 65 FF D1 00 41 12 34 07 3C BE 00 00 00 90,4967,4967,101,4660,2026-07-30 22:55:09.651,1852,-47,65,
FF FF FF FF 00 25 07 3A 20 01 01 02 00 00 13 67 00 00 13 67 00 00 00 66 FF CE 00 3C 12 34 07 3D C0 00 00 00 8D,4967,4967,102,4660,2026-07-30 22:55:09.762,1853,-50,60,
FF FF FF FF 00 25 07 3B 20 01 01 02 00 00 13 67 00 00 13 67 00 00 00 61 FF CC 00 38 12 34 07 3E BC 00 00 00 F2,4967,4967,97,4660,2026-07-30 22:55:09.861,1854,-52,56,
FF FF FF FF 00 25 07 3C 20 01 01 02 00 00 13 67 00 00 13 67 00 00 00 5F FF C6 00 33 12 34 07 3F BB 00 00 00 CC,4967,4967,95,4660,2026-07-30 22:55:09.959,1855,-58,51,
FF FF FF FF 00 25 07 3D 20 01 01 02 00 00 13 67 00 00 13 67 00 00 00 61 FF C2 00 2F 12 34 07 40 B9 00 00 00 96,4967,4967,97,4660,2026-07-30 22:55:10.056,1856,-62,47,
FF FF FF FF 00 25 07 3E 20 01 01 02 00 00 13 67 00 00 13 67 00 00 00 62 FF BF 00 2D 12 34 07 41 BA 00 00 00 EB,4967,4967,98,4660,2026-07-30 22:55:10.156,1857,-65,45,
FF FF FF FF 00 25 07 3F 20 01 01 02 00 00 13 67 00 00 13 67 00 00 00 60 FF BD 00 2B 12 34 07 42 BA 00 00 00 EF,4967,4967,96,4660,2026-07-30 22:55:10.257,1858,-67,43,
FF FF FF FF 00 25 07 40 20 01 01 02 00 00 13 67 00 00 13 67 00 00 00 60 FF BC 00 29 12 34 07 43 BA 00 00 00 92,4967,4967,96,4660,2026-07-30 22:55:10.356,1859,-68,41,
FF FF FF FF 00 25 07 41 20 01 01 02 00 00 13 67 00 00 13 67 00 00 00 61 FF BB 00 28 12 34 07 44 BA 00 00 00 93,4967,4967,97,4660,2026-07-30 22:55:10.591,1860,-69,40,
FF FF FF FF 00 25 07 42 20 01 01 02 00 00 13 67 00 00 13 67 00 00 00 60 FF C2 00 36 12 34 07 45 C0 00 00 00 8D,4967,4967,96,4660,2026-07-30 22:55:10.653,1861,-62,54,
FF FF FF FF 00 25 07 43 20 01 01 02 00 00 13 67 00 00 13 67 00 00 00 5F FF C9 00 38 12 34 07 46 BB 00 00 00 CE,4967,4967,95,4660,2026-07-30 22:55:10.753,1862,-55,56,
FF FF FF FF 00 25 07 44 20 01 01 02 00 00 13 67 00 00 13 67 00 00 00 5D FF D0 00 36 12 34 07 47 BB 00 00 00 DD,4967,4967,93,4660,2026-07-30 22:55:10.853,1863,-48,54,
FF FF FF FF 00 25 07 45 20 01 01 02 00 00 13 67 00 00 13 67 00 00 00 5B FF D0 00 38 12 34 07 48 BA 00 00 00 DA,4967,4967,91,4660,2026-07-30 22:55:10.952,1864,-48,56,
FF FF FF FF 00 25 07 46 20 01 01 02 00 00 13 67 00 00 13 67 00 00 00 5D FF D2 00 39 12 34 07 49 BA 00 00 00 DD,4967,4967,93,4660,2026-07-30 22:55:11.062,1865,-46,57,
FF FF FF FF 00 25 07 47 20 01 01 02 00 00 13 67 00 00 13 67 00 00 00 5B FF D3 00 3B 12 34 07 4B BB 00 00 00 DA,4967,4967,91,4660,2026-07-30 22:55:11.148,1867,-45,59,
FF FF FF FF 00 25 07 48 20 01 01 02 00 00 13 67 00 00 13 67 00 00 00 58 FF D4 00 3B 12 34 07 4C BE 00 00 00 D3,4967,4967,88,4660,2026-07-30 22:55:11.258,1868,-44,59,
FF FF FF FF 00 25 07 49 20 01 01 02 00 00 13 67 00 00 13 67 00 00 00 58 FF D5 00 3C 12 34 07 4D BB 00 00 00 D0,4967,4967,88,4660,2026-07-30 22:55:11.358,1869,-43,60,
FF FF FF FF 00 25 07 4A 20 01 01 02 00 00 13 67 00 00 13 67 00 00 00 55 FF D2 00 38 12 34 07 4E BE 00 00 00 DB,4967,4967,85,4660,2026-07-30 22:55:11.458,1870,-46,56,
FF FF FF FF 00 25 07 4B 20 01 01 02 00 00 13 67 00 00 13 67 00 00 00 54 FF D0 00 35 12 34 07 4F BF 00 00 00 D4,4967,4967,84,4660,2026-07-30 22:55:11.552,1871,-48,53,
FF FF FF FF 00 25 07 4C 20 01 01 02 00 00 13 67 00 00 13 67 00 00 00 55 FF CF 00 33 12 34 07 50 BB 00 00 00 D0,4967,4967,85,4660,2026-07-30 22:55:11.652,1872,-49,51,
FF FF FF FF 00 25 07 4D 20 01 01 02 00 00 13 67 00 00 13 67 00 00 00 55 FF CD 00 31 12 34 00 01 B9 00 00 00 85,4967,4967,85,4660,2026-07-30 22:55:11.751,1,-51,49,
FF FF FF FF 00 25 07 4E 20 01 01 02 00 00 13 67 00 00 13 67 00 00 00 55 FF D0 00 2D 12 34 00 02 BA 00 00 00 87,4967,4967,85,4660,2026-07-30 22:55:11.849,2,-48,45,
FF FF FF FF 00 25 07 4F 20 01 01 02 00 00 13 67 00 00 13 67 00 00 00 55 FF D2 00 2B 12 34 00 03 BA 00 00 00 83,4967,4967,85,4660,2026-07-30 22:55:11.948,3,-46,43,
FF FF FF FF 00 25 07 50 20 01 01 02 00 00 13 67 00 00 13 67 00 00 00 57 FF D5 00 41 12 34 00 01 BB 00 00 00 F0,4967,4967,87,4660,2026-07-30 22:55:12.059,1,-43,65,
FF FF FF FF 00 25 07 51 20 01 01 02 00 00 13 67 00 00 13 67 00 00 00 56 FF D6 00 41 12 34 00 02 BA 00 00 00 F1,4967,4967,86,4660,2026-07-30 22:55:12.157,2,-42,65,
FF FF FF FF 00 25 07 52 20 01 01 02 00 00 13 67 00 00 13 67 00 00 00 59 FF D6 00 41 12 34 00 03 BD 00 00 00 FB,4967,4967,89,4660,2026-07-30 22:55:12.256,3,-42,65,
FF FF FF FF 00 25 07 53 20 01 01 02 00 00 13 67 00 00 13 67 00 00 00 5E FF D8 00 42 12 34 00 01 BB 00 00 00 F4,4967,4967,94,4660,2026-07-30 22:55:12.357,1,-40,66,
FF FF FF FF 00 25 07 54 20 01 01 02 00 00 13 67 00 00 13 67 00 00 00 61 FF DA 00 4A 12 34 00 02 BB 00 00 00 C5,4967,4967,97,4660,2026-07-30 22:55:12.457,2,-38,74,
FF FF FF FF 00 25 07 55 20 01 01 02 00 00 13 67 00 00 13 67 00 00 00 5C FF D8 00 49 12 34 00 03 BA 00 00 00 F8,4967,4967,92,4660,2026-07-30 22:55:12.553,3,-40,73,
FF FF FF FF 00 25 07 56 20 01 01 02 00 00 13 67 00 00 13 67 00 00 00 62 FF DB 00 4E 12 34 00 04 BE 00 00 00 C2,4967,4967,98,4660,2026-07-30 22:55:12.652,4,-37,78,
FF FF FF FF 00 25 07 57 20 01 01 02 00 00 13 67 00 00 13 67 00 00 00 6C FF E5 00 48 12 34 00 05 BB 00 00 00 F1,4967,4967,108,4660,2026-07-30 22:55:12.753,5,-27,72,
FF FF FF FF 00 25 07 58 20 01 01 02 00 00 13 67 00 00 13 67 00 00 00 68 FF E4 00 49 12 34 00 06 BB 00 00 00 F9,4967,4967,104,4660,2026-07-30 22:55:12.852,6,-28,73,
FF FF FF FF 00 25 07 59 20 01 01 02 00 00 13 67 00 00 13 67 00 00 00 66 FF DF 00 40 12 34 00 07 C0 00 00 00 BE,4967,4967,102,4660,2026-07-30 22:55:12.951,7,-33,64,
FF FF FF FF 00 25 07 5A 20 01 01 02 00 00 13 67 00 00 13 67 00 00 00 6B FF D0 00 39 12 34 00 08 BC 00 00 00 B5,4967,4967,107,4660,2026-07-30 22:55:13.059,8,-48,57,
FF FF FF FF 00 25 07 5B 20 01 01 02 00 00 13 67 00 00 13 67 00 00 00 5B FF C4 00 34 12 34 00 09 BB 00 00 00 9B,4967,4967,91,4660,2026-07-30 22:55:13.162,9,-60,52,
FF FF FF FF 00 25 07 5C 20 01 01 02 00 00 13 67 00 00 13 67 00 00 00 64 FF D5 00 35 12 34 00 0A BE 00 00 00 B5,4967,4967,100,4660,2026-07-30 22:55:13.261,10,-43,53,
FF FF FF FF 00 25 07 5D 20 01 01 02 00 00 13 67 00 00 13 67 00 00 00 66 FF C9 00 30 12 34 00 0B BF 00 00 00 AF,4967,4967,102,4660,2026-07-30 22:55:13.359,11,-55,48,
FF FF FF FF 00 25 07 5E 20 01 01 02 00 00 13 67 00 00 13 67 00 00 00 68 FF C5 00 2C 12 34 00 0C C1 00 00 00 CB,4967,4967,104,4660,2026-07-30 22:55:13.447,12,-59,44,
FF FF FF FF 00 25 07 5F 20 01 01 02 00 00 13 67 00 00 13 67 00 00 00 6B FF C2 00 2A 12 34 00 0D C1 00 00 00 C9,4967,4967,107,4660,2026-07-30 22:55:13.547,13,-62,42,
FF FF FF FF 00 25 07 60 20 01 01 02 00 00 13 67 00 00 13 67 00 00 00 6F FF DA 00 27 12 34 00 0E BE 00 00 00 9B,4967,4967,111,4660,2026-07-30 22:55:13.646,14,-38,39,
FF FF FF FF 00 25 07 61 20 01 01 02 00 00 13 67 00 00 13 67 00 00 00 78 FF EA 00 27 12 34 00 0F C0 00 00 00 C2,4967,4967,120,4660,2026-07-30 22:55:13.758,15,-22,39,
FF FF FF FF 00 25 07 62 20 01 01 02 00 00 13 67 00 00 13 67 00 00 00 70 FF D8 00 26 12 34 00 10 BF 00 00 00 9A,4967,4967,112,4660,2026-07-30 22:55:13.857,16,-40,38,
FF FF FF FF 00 25 07 63 20 01 01 02 00 00 13 67 00 00 13 67 00 00 00 79 FF CA 00 26 12 34 00 11 BF 00 00 00 81,4967,4967,121,4660,2026-07-30 22:55:13.954,17,-54,38,
FF FF FF FF 00 25 07 64 20 01 01 02 00 00 13 67 00 00 13 67 00 00 00 7C FF C1 00 23 12 34 00 12 C0 00 00 00 F1,4967,4967,124,4660,2026-07-30 22:55:14.060,18,-63,35,
FF FF FF FF 00 25 07 65 20 01 01 02 00 00 13 67 00 00 13 67 00 00 00 77 FF BA 00 24 12 34 00 13 BC 00 00 00 FA,4967,4967,119,4660,2026-07-30 22:55:14.159,19,-70,36,
FF FF FF FF 00 25 07 66 20 01 01 02 00 00 13 67 00 00 13 67 00 00 00 69 FF B4 00 1F 12 34 00 14 BD 00 00 00 D4,4967,4967,105,4660,2026-07-30 22:55:14.257,20,-76,31,
FF FF FF FF 00 25 07 67 20 01 01 02 00 00 13 67 00 00 13 67 00 00 00 70 FF CD 00 1E 12 34 00 15 BD 00 00 00 B5,4967,4967,112,4660,2026-07-30 22:55:14.356,21,-51,30,
FF FF FF FF 00 25 07 68 20 01 01 02 00 00 13 67 00 00 13 67 00 00 00 6C FF CB 00 20 12 34 00 16 BD 00 00 00 9D,4967,4967,108,4660,2026-07-30 22:55:14.454,22,-53,32,
FF FF FF FF 00 25 07 69 20 01 01 02 00 00 13 67 00 00 13 67 00 00 00 6C FF C1 00 27 12 34 00 17 BC 00 00 00 91,4967,4967,108,4660,2026-07-30 22:55:14.557,23,-63,39,
FF FF FF FF 00 25 07 6A 20 01 01 02 00 00 13 67 00 00 13 67 00 00 00 68 FF BA 00 27 12 34 00 18 BA 00 00 00 E4,4967,4967,104,4660,2026-07-30 22:55:14.649,24,-70,39,
FF FF FF FF 00 25 07 6B 20 01 01 02 00 00 13 67 00 00 13 67 00 00 00 67 FF B5 00 25 12 34 00 19 BB 00 00 00 E7,4967,4967,103,4660,2026-07-30 22:55:14.760,25,-75,37,
FF FF FF FF 00 25 07 6C 20 01 01 02 00 00 13 67 00 00 13 67 00 00 00 63 FF CF 00 20 12 34 00 1A BB 00 00 00 98,4967,4967,99,4660,2026-07-30 22:55:14.859,26,-49,32,
FF FF FF FF 00 25 07 6D 20 01 01 02 00 00 13 67 00 00 13 67 00 00 00 54 FF CD 00 20 12 34 00 1B BA 00 00 00 AC,4967,4967,84,4660,2026-07-30 22:55:14.958,27,-51,32,
FF FF FF FF 00 25 07 6E 20 01 01 02 00 00 13 67 00 00 13 67 00 00 00 56 FF C9 00 1E 12 34 00 1C BB 00 00 00 91,4967,4967,86,4660,2026-07-30 22:55:15.062,28,-55,30,
FF FF FF FF 00 25 07 6F 20 01 01 02 00 00 13 67 00 00 13 67 00 00 00 63 FF C0 00 1E 12 34 00 1D BA 00 00 00 AC,4967,4967,99,4660,2026-07-30 22:55:15.157,29,-64,30,
FF FF FF FF 00 25 07 70 20 01 01 02 00 00 13 67 00 00 13 67 00 00 00 52 FF B9 00 1F 12 34 00 1E BA 00 00 00 F9,4967,4967,82,4660,2026-07-30 22:55:15.257,30,-71,31,
FF FF FF FF 00 25 07 71 20 01 01 02 00 00 13 67 00 00 13 67 00 00 00 5C FF BC 00 24 12 34 00 1F BB 00 00 00 C8,4967,4967,92,4660,2026-07-30 22:55:15.356,31,-68,36,
FF FF FF FF 00 25 07 72 20 01 01 02 00 00 13 67 00 00 13 67 00 00 00 60 FF C1 00 25 12 34 00 20 BC 00 00 00 B3,4967,4967,96,4660,2026-07-30 22:55:15.454,32,-63,37,
FF FF FF FF 00 25 07 73 20 01 01 02 00 00 13 67 00 00 13 67 00 00 00 6C FF BA 00 24 12 34 00 21 BB 00 00 00 C2,4967,4967,108,4660,2026-07-30 22:55:15.554,33,-70,36,
FF FF FF FF 00 25 07 74 20 01 01 02 00 00 13 67 00 00 13 67 00 00 00 6E FF B4 00 23 12 34 00 22 BE 00 00 00 C8,4967,4967,110,4660,2026-07-30 22:55:15.651,34,-76,35,
FF FF FF FF 00 25 07 75 20 01 01 02 00 00 13 67 00 00 13 67 00 00 00 6F FF B1 00 25 12 34 00 23 BE 00 00 00 CA,4967,4967,111,4660,2026-07-30 22:55:15.750,35,-79,37,
FF FF FF FF 00 25 07 76 20 01 01 02 00 00 13 67 00 00 13 67 00 00 00 74 FF D1 00 27 12 34 00 24 BC 00 00 00 B5,4967,4967,116,4660,2026-07-30 22:55:15.850,36,-47,39,
FF FF FF FF 00 25 07 77 20 01 01 02 00 00 13 67 00 00 13 67 00 00 00 7B FF C6 00 28 12 34 00 25 BD 00 00 00 A3,4967,4967,123,4660,2026-07-30 22:55:15.948,37,-58,40,
FF FF FF FF 00 25 07 78 20 01 01 02 00 00 13 67 00 00 13 67 00 00 00 7E FF BD 00 29 12 34 00 26 BB 00 00 00 D6,4967,4967,126,4660,2026-07-30 22:55:16.046,38,-67,41,
FF FF FF FF 00 25 07 79 20 01 01 02 00 00 13 67 00 00 13 67 00 00 00 82 FF B7 00 2B 12 34 00 27 BC 00 00 00 25,4967,4967,130,4660,2026-07-30 22:55:16.151,39,-73,43,
FF FF FF FF 00 25 07 7A 20 01 01 02 00 00 13 67 00 00 13 67 00 00 00 84 FF D5 00 2C 12 34 00 28 BD 00 00 00 4B,4967,4967,132,4660,2026-07-30 22:55:16.262,40,-43,44,
FF FF FF FF 00 25 07 7B 20 01 01 02 00 00 13 67 00 00 13 67 00 00 00 80 FF C9 00 2D 12 34 00 29 BB 00 00 00 54,4967,4967,128,4660,2026-07-30 22:55:16.349,41,-55,45,
FF FF FF FF 00 25 07 7C 20 01 01 02 00 00 13 67 00 00 13 67 00 00 00 63 FF C7 00 28 12 34 00 2A BB 00 00 00 B8,4967,4967,99,4660,2026-07-30 22:55:16.447,42,-57,40,
FF FF FF FF 00 25 07 7E 20 01 01 02 00 00 13 67 00 00 13 67 00 00 00 75 FF B8 00 25 12 34 00 2C BD 00 00 00 DE,4967,4967,117,4660,2026-07-30 22:55:16.657,44,-72,37,
FF FF FF FF 00 25 07 7F 20 01 01 02 00 00 13 67 00 00 13 67 00 00 00 6D FF CF 00 2A 12 34 00 2D BB 00 00 00 B8,4967,4967,109,4660,2026-07-30 22:55:16.757,45,-49,42,
FF FF FF FF 00 25 07 80 20 01 01 02 00 00 13 67 00 00 13 67 00 00 00 74 FF E5 00 2A 12 34 00 2E BC 00 00 00 70,4967,4967,116,4660,2026-07-30 22:55:16.848,46,-27,42,
FF FF FF FF 00 25 07 81 20 01 01 02 00 00 13 67 00 00 13 67 00 00 00 7E FF F7 00 2A 12 34 00 2F BC 00 00 00 68,4967,4967,126,4660,2026-07-30 22:55:16.949,47,-9,42,
FF FF FF FF 00 25 07 82 20 01 01 02 00 00 13 67 00 00 13 67 00 00 00 70 FF FF 00 2A 12 34 00 30 BB 00 00 00 75,4967,4967,112,4660,2026-07-30 22:55:17.061,48,-1,42,
FF FF FF FF 00 25 07 83 20 01 01 02 00 00 13 67 00 00 13 67 00 00 00 7A 00 06 00 2B 12 34 00 31 BB 00 00 00 78,4967,4967,122,4660,2026-07-30 22:55:17.161,49,6,43,
FF FF FF FF 00 25 07 84 20 01 01 02 00 00 13 67 00 00 13 67 00 00 00 76 00 05 00 2C 12 34 00 32 BB 00 00 00 74,4967,4967,118,4660,2026-07-30 22:55:17.259,50,5,44,
FF FF FF FF 00 25 07 85 20 01 01 02 00 00 13 67 00 00 13 67 00 00 00 7A 00 08 00 2C 12 34 00 33 B9 00 00 00 77,4967,4967,122,4660,2026-07-30 22:55:17.357,51,8,44,
FF FF FF FF 00 25 07 86 20 01 01 02 00 00 13 67 00 00 13 67 00 00 00 76 00 1E 00 29 12 34 00 34 BA 00 00 00 6F,4967,4967,118,4660,2026-07-30 22:55:17.455,52,30,41,
FF FF FF FF 00 25 07 87 20 01 01 02 00 00 13 67 00 00 13 67 00 00 00 79 00 1A 00 2B 12 34 00 35 BB 00 00 00 67,4967,4967,121,4660,2026-07-30 22:55:17.554,53,26,43,
FF FF FF FF 00 25 07 88 20 01 01 02 00 00 13 67 00 00 13 67 00 00 00 6F 00 0F 00 2C 12 34 00 36 BA 00 00 00 6E,4967,4967,111,4660,2026-07-30 22:55:17.661,54,15,44,
FF FF FF FF 00 25 07 89 20 01 01 02 00 00 13 67 00 00 13 67 00 00 00 72 00 0A 00 2C 12 34 00 37 BB 00 00 00 77,4967,4967,114,4660,2026-07-30 22:55:17.759,55,10,44,
FF FF FF FF 00 25 07 8A 20 01 01 02 00 00 13 67 00 00 13 67 00 00 00 74 00 0C 00 2D 12 34 00 38 BC 00 00 00 7D,4967,4967,116,4660,2026-07-30 22:55:17.858,56,12,45,
FF FF FF FF 00 25 07 8B 20 01 01 02 00 00 13 67 00 00 13 67 00 00 00 6B 00 0C 00 2B 12 34 00 39 AF 00 00 00 77,4967,4967,107,4660,2026-07-30 22:55:17.957,57,12,43,
FF FF FF FF 00 25 07 8C 20 01 01 02 00 00 13 67 00 00 13 67 00 00 00 6D 00 02 00 2E 12 34 00 3A B9 00 00 00 68,4967,4967,109,4660,2026-07-30 22:55:18.189,58,2,46,
FF FF FF FF 00 25 07 8D 20 01 01 02 00 00 13 67 00 00 13 67 00 00 00 66 FF FC 00 30 12 34 00 3B B2 00 00 00 77,4967,4967,102,4660,2026-07-30 22:55:18.262,59,-4,48,
FF FF FF FF 00 25 07 8E 20 01 01 02 00 00 13 67 00 00 13 67 00 00 00 70 FF F2 00 2F 12 34 00 3C BA 00 00 00 7C,4967,4967,112,4660,2026-07-30 22:55:18.349,60,-14,47,
FF FF FF FF 00 25 07 8F 20 01 01 02 00 00 13 67 00 00 13 67 00 00 00 72 FF F5 00 30 12 34 00 3D BA 00 00 00 66,4967,4967,114,4660,2026-07-30 22:55:18.450,61,-11,48,
FF FF FF FF 00 25 07 90 20 01 01 02 00 00 13 67 00 00 13 67 00 00 00 70 FF F8 00 32 12 34 00 3E B9 00 00 00 74,4967,4967,112,4660,2026-07-30 22:55:18.557,62,-8,50,
FF FF FF FF 00 25 07 91 20 01 01 02 00 00 13 67 00 00 13 67 00 00 00 6C FF FA 00 33 12 34 00 3F B9 00 00 00 6B,4967,4967,108,4660,2026-07-30 22:55:18.652,63,-6,51,
FF FF FF FF 00 25 07 92 20 01 01 02 00 00 13 67 00 00 13 67 00 00 00 68 FF F8 00 3E 12 34 00 40 BA 00 00 00 1F,4967,4967,104,4660,2026-07-30 22:55:18.751,64,-8,62,
FF FF FF FF 00 25 07 93 20 01 01 02 00 00 13 67 00 00 13 67 00 00 00 63 FF F7 00 45 12 34 00 41 B9 00 00 00 63,4967,4967,99,4660,2026-07-30 22:55:18.848,65,-9,69,
FF FF FF FF 00 25 07 94 20 01 01 02 00 00 13 67 00 00 13 67 00 00 00 63 FF F5 00 4B 12 34 00 42 B9 00 00 00 6B,4967,4967,99,4660,2026-07-30 22:55:18.946,66,-11,75,
FF FF FF FF 00 25 07 95 20 01 01 02 00 00 13 67 00 00 13 67 00 00 00 5E FF F5 00 4F 12 34 00 43 B4 00 00 00 5F,4967,4967,94,4660,2026-07-30 22:55:19.055,67,-11,79,
FF FF FF FF 00 25 07 96 20 01 01 02 00 00 13 67 00 00 13 67 00 00 00 5B FF F4 00 52 12 34 00 44 BA 00 00 00 4C,4967,4967,91,4660,2026-07-30 22:55:19.152,68,-12,82,
FF FF FF FF 00 25 07 97 20 01 01 02 00 00 13 67 00 00 13 67 00 00 00 59 FF FD 00 54 12 34 00 45 BB 00 00 00 40,4967,4967,89,4660,2026-07-30 22:55:19.251,69,-3,84,
FF FF FF FF 00 25 07 98 20 01 01 02 00 00 13 67 00 00 13 67 00 00 00 58 00 00 00 55 12 34 00 46 B9 00 00 00 4C,4967,4967,88,4660,2026-07-30 22:55:19.350,70,0,85,
FF FF FF FF 00 25 07 99 20 01 01 02 00 00 13 67 00 00 13 67 00 00 00 54 00 01 00 4F 12 34 00 47 BA 00 00 00 58,4967,4967,84,4660,2026-07-30 22:55:19.449,71,1,79,
FF FF FF FF 00 25 07 9A 20 01 01 02 00 00 13 67 00 00 13 67 00 00 00 56 FF FA 00 43 12 34 00 48 BA 00 00 00 5E,4967,4967,86,4660,2026-07-30 22:55:19.548,72,-6,67,
FF FF FF FF 00 25 07 9B 20 01 01 02 00 00 13 67 00 00 13 67 00 00 00 5B 00 03 00 3C 12 34 00 49 BA 00 00 00 2A,4967,4967,91,4660,2026-07-30 22:55:19.655,73,3,60,
FF FF FF FF 00 25 07 9C 20 01 01 02 00 00 13 67 00 00 13 67 00 00 00 5E 00 0A 00 36 12 34 00 4A BC 00 00 00 2E,4967,4967,94,4660,2026-07-30 22:55:19.756,74,10,54,
FF FF FF FF 00 25 07 9D 20 01 01 02 00 00 13 67 00 00 13 67 00 00 00 64 00 10 00 36 12 34 00 4B BD 00 00 00 0F,4967,4967,100,4660,2026-07-30 22:55:19.857,75,16,54,
FF FF FF FF 00 25 07 9E 20 01 01 02 00 00 13 67 00 00 13 67 00 00 00 63 00 18 00 2F 12 34 00 4C BF 00 00 00 1F,4967,4967,99,4660,2026-07-30 22:55:19.955,76,24,47,
FF FF FF FF 00 25 07 9F 20 01 01 02 00 00 13 67 00 00 13 67 00 00 00 5C 00 07 00 2A 12 34 00 4D BE 00 00 00 3B,4967,4967,92,4660,2026-07-30 22:55:20.054,77,7,42,
FF FF FF FF 00 25 07 A0 20 01 01 02 00 00 13 67 00 00 13 67 00 00 00 52 FF FF 00 28 12 34 00 4E BC 00 00 00 0E,4967,4967,82,4660,2026-07-30 22:55:20.170,78,-1,40,
FF FF FF FF 00 25 07 A1 20 01 01 02 00 00 13 67 00 00 13 67 00 00 00 58 FF FE 00 27 12 34 00 4F BC 00 00 00 0A,4967,4967,88,4660,2026-07-30 22:55:20.256,79,-2,39,
FF FF FF FF 00 25 07 A2 20 01 01 02 00 00 13 67 00 00 13 67 00 00 00 52 FF FC 00 27 12 34 00 50 BC 00 00 00 1E,4967,4967,82,4660,2026-07-30 22:55:20.356,80,-4,39,
FF FF FF FF 00 25 07 A3 20 01 01 02 00 00 13 67 00 00 13 67 00 00 00 59 FF F7 00 24 12 34 00 51 BE 00 00 00 1F,4967,4967,89,4660,2026-07-30 22:55:20.455,81,-9,36,
FF FF FF FF 00 25 07 A4 20 01 01 02 00 00 13 67 00 00 13 67 00 00 00 55 FF F3 00 22 12 34 00 52 BE 00 00 00 15,4967,4967,85,4660,2026-07-30 22:55:20.554,82,-13,34,
FF FF FF FF 00 25 07 A5 20 01 01 02 00 00 13 67 00 00 13 67 00 00 00 54 FF F6 00 22 12 34 00 53 BD 00 00 00 12,4967,4967,84,4660,2026-07-30 22:55:20.657,83,-10,34,
FF FF FF FF 00 25 07 A6 20 01 01 02 00 00 13 67 00 00 13 67 00 00 00 59 FF F2 00 22 12 34 00 54 BC 00 00 00 1E,4967,4967,89,4660,2026-07-30 22:55:20.746,84,-14,34,
FF FF FF FF 00 25 07 A7 20 01 01 02 00 00 13 67 00 00 13 67 00 00 00 5A FF EE 00 23 12 34 00 55 BB 00 00 00 07,4967,4967,90,4660,2026-07-30 22:55:20.857,85,-18,35,
FF FF FF FF 00 25 07 A8 20 01 01 02 00 00 13 67 00 00 13 67 00 00 00 5A FF E9 00 21 12 34 00 56 BC 00 00 00 09,4967,4967,90,4660,2026-07-30 22:55:20.957,86,-23,33,
FF FF FF FF 00 25 07 A9 20 01 01 02 00 00 13 67 00 00 13 67 00 00 00 6E FF F4 00 25 12 34 00 57 BC 00 00 00 24,4967,4967,110,4660,2026-07-30 22:55:21.056,87,-12,37,
FF FF FF FF 00 25 07 AA 20 01 01 02 00 00 13 67 00 00 13 67 00 00 00 71 00 00 00 29 12 34 00 58 BF 00 00 00 33,4967,4967,113,4660,2026-07-30 22:55:21.161,88,0,41,
FF FF FF FF 00 25 07 AB 20 01 01 02 00 00 13 67 00 00 13 67 00 00 00 66 00 00 00 2F 12 34 00 59 BB 00 00 00 26,4967,4967,102,4660,2026-07-30 22:55:21.254,89,0,47,
FF FF FF FF 00 25 07 AC 20 01 01 02 00 00 13 67 00 00 13 67 00 00 00 73 FF FA 00 2D 12 34 00 5A BD 00 00 00 36,4967,4967,115,4660,2026-07-30 22:55:21.352,90,-6,45,
FF FF FF FF 00 25 07 AD 20 01 01 02 00 00 13 67 00 00 13 67 00 00 00 6C FF FD 00 2F 12 34 00 5B C0 00 00 00 51,4967,4967,108,4660,2026-07-30 22:55:21.450,91,-3,47,
FF FF FF FF 00 25 07 AE 20 01 01 02 00 00 13 67 00 00 13 67 00 00 00 73 FF FF 00 32 12 34 00 5C BC 00 00 00 29,4967,4967,115,4660,2026-07-30 22:55:21.560,92,-1,50,
FF FF FF FF 00 25 07 AF 20 01 01 02 00 00 13 67 00 00 13 67 00 00 00 76 00 00 00 32 12 34 00 5D BF 00 00 00 2F,4967,4967,118,4660,2026-07-30 22:55:21.665,93,0,50,
FF FF FF FF 00 25 07 B0 20 01 01 02 00 00 13 67 00 00 13 67 00 00 00 7C FF FE 00 31 12 34 00 5E C0 00 00 00 44,4967,4967,124,4660,2026-07-30 22:55:21.758,94,-2,49,
FF FF FF FF 00 25 07 B1 20 01 01 02 00 00 13 67 00 00 13 67 00 00 00 7E FF FE 00 33 12 34 00 5F BD 00 00 00 39,4967,4967,126,4660,2026-07-30 22:55:21.857,95,-2,51,
FF FF FF FF 00 25 07 A6 20 01 01 02 00 00 13 67 00 00 13 67 00 00 00 59 FF F2 00 22 12 34 00 54 BC 00 00 00 1E,4967,4967,89,4660,2026-07-30 22:55:20.746,84,-14,34,
FF FF FF FF 00 25 07 A7 20 01 01 02 00 00 13 67 00 00 13 67 00 00 00 5A FF EE 00 23 12 34 00 55 BB 00 00 00 07,4967,4967,90,4660,2026-07-30 22:55:20.857,85,-18,35,
FF FF FF FF 00 25 07 A8 20 01 01 02 00 00 13 67 00 00 13 67 00 00 00 5A FF E9 00 21 12 34 00 56 BC 00 00 00 09,4967,4967,90,4660,2026-07-30 22:55:20.957,86,-23,33,
FF FF FF FF 00 25 07 A9 20 01 01 02 00 00 13 67 00 00 13 67 00 00 00 6E FF F4 00 25 12 34 00 57 BC 00 00 00 24,4967,4967,110,4660,2026-07-30 22:55:21.056,87,-12,37,
FF FF FF FF 00 25 07 AA 20 01 01 02 00 00 13 67 00 00 13 67 00 00 00 71 00 00 00 29 12 34 00 58 BF 00 00 00 33,4967,4967,113,4660,2026-07-30 22:55:21.161,88,0,41,
FF FF FF FF 00 25 07 AB 20 01 01 02 00 00 13 67 00 00 13 67 00 00 00 66 00 00 00 2F 12 34 00 59 BB 00 00 00 26,4967,4967,102,4660,2026-07-30 22:55:21.254,89,0,47,
FF FF FF FF 00 25 07 AC 20 01 01 02 00 00 13 67 00 00 13 67 00 00 00 73 FF FA 00 2D 12 34 00 5A BD 00 00 00 36,4967,4967,115,4660,2026-07-30 22:55:21.352,90,-6,45,
FF FF FF FF 00 25 07 AD 20 01 01 02 00 00 13 67 00 00 13 67 00 00 00 6C FF FD 00 2F 12 34 00 5B C0 00 00 00 51,4967,4967,108,4660,2026-07-30 22:55:21.450,91,-3,47,
FF FF FF FF 00 25 07 AE 20 01 01 02 00 00 13 67 00 00 13 67 00 00 00 73 FF FF 00 32 12 34 00 5C BC 00 00 00 29,4967,4967,115,4660,2026-07-30 22:55:21.560,92,-1,50,
FF FF FF FF 00 25 07 AF 20 01 01 02 00 00 13 67 00 00 13 67 00 00 00 76 00 00 00 32 12 34 00 5D BF 00 00 00 2F,4967,4967,118,4660,2026-07-30 22:55:21.665,93,0,50,
FF FF FF FF 00 25 07 B0 20 01 01 02 00 00 13 67 00 00 13 67 00 00 00 7C FF FE 00 31 12 34 00 5E C0 00 00 00 44,4967,4967,124,4660,2026-07-30 22:55:21.758,94,-2,49,
FF FF FF FF 00 25 07 A6 20 01 01 02 00 00 13 67 00 00 13 67 00 00 00 59 FF F2 00 22 12 34 00 54 BC 00 00 00 1E,4967,4967,89,4660,2026-07-30 22:55:20.746,84,-14,34,
FF FF FF FF 00 25 07 A7 20 01 01 02 00 00 13 67 00 00 13 67 00 00 00 5A FF EE 00 23 12 34 00 55 BB 00 00 00 07,4967,4967,90,4660,2026-07-30 22:55:20.857,85,-18,35,
FF FF FF FF 00 25 07 A8 20 01 01 02 00 00 13 67 00 00 13 67 00 00 00 5A FF E9 00 21 12 34 00 56 BC 00 00 00 09,4967,4967,90,4660,2026-07-30 22:55:20.957,86,-23,33,
FF FF FF FF 00 25 07 A9 20 01 01 02 00 00 13 67 00 00 13 67 00 00 00 6E FF F4 00 25 12 34 00 57 BC 00 00 00 24,4967,4967,110,4660,2026-07-30 22:55:21.056,87,-12,37,
FF FF FF FF 00 25 07 AA 20 01 01 02 00 00 13 67 00 00 13 67 00 00 00 71 00 00 00 29 12 34 00 58 BF 00 00 00 33,4967,4967,113,4660,2026-07-30 22:55:21.161,88,0,41,
FF FF FF FF 00 25 07 AB 20 01 01 02 00 00 13 67 00 00 13 67 00 00 00 66 00 00 00 2F 12 34 00 59 BB 00 00 00 26,4967,4967,102,4660,2026-07-30 22:55:21.254,89,0,47,
FF FF FF FF 00 25 07 AC 20 01 01 02 00 00 13 67 00 00 13 67 00 00 00 73 FF FA 00 2D 12 34 00 5A BD 00 00 00 36,4967,4967,115,4660,2026-07-30 22:55:21.352,90,-6,45,
FF FF FF FF 00 25 07 AD 20 01 01 02 00 00 13 67 00 00 13 67 00 00 00 6C FF FD 00 2F 12 34 00 5B C0 00 00 00 51,4967,4967,108,4660,2026-07-30 22:55:21.450,91,-3,47,
FF FF FF FF 00 25 07 AE 20 01 01 02 00 00 13 67 00 00 13 67 00 00 00 73 FF FF 00 32 12 34 00 5C BC 00 00 00 29,4967,4967,115,4660,2026-07-30 22:55:21.560,92,-1,50,
FF FF FF FF 00 25 07 AF 20 01 01 02 00 00 13 67 00 00 13 67 00 00 00 76 00 00 00 32 12 34 00 5D BF 00 00 00 2F,4967,4967,118,4660,2026-07-30 22:55:21.665,93,0,50,
FF FF FF FF 00 25 07 B0 20 01 01 02 00 00 13 67 00 00 13 67 00 00 00 7C FF FE 00 31 12 34 00 5E C0 00 00 00 44,4967,4967,124,4660,2026-07-30 22:55:21.758,94,-2,49,
FF FF FF FF 00 25 07 BD 20 01 01 02 00 00 13 67 00 00 13 67 00 00 00 79 FF F3 00 42 12 34 00 6C BC 00 00 00 7C,4967,4967,121,4660,2026-07-30 22:55:23.055,108,-13,66,
FF FF FF FF 00 25 07 BE 20 01 01 02 00 00 13 67 00 00 13 67 00 00 00 82 FF E5 00 2D 12 34 00 6D BE 00 00 00 FE,4967,4967,130,4660,2026-07-30 22:55:23.157,109,-27,45,
FF FF FF FF 00 25 07 BF 20 01 01 02 00 00 13 67 00 00 13 67 00 00 00 82 FF ED 00 33 12 34 00 6E BB 00 00 00 EF,4967,4967,130,4660,2026-07-30 22:55:23.257,110,-19,51,
FF FF FF FF 00 25 07 C0 20 01 01 02 00 00 13 67 00 00 13 67 00 00 00 87 FF FA 00 30 12 34 00 6F BD 00 00 00 86,4967,4967,135,4660,2026-07-30 22:55:23.357,111,-6,48,
FF FF FF FF 00 25 07 C1 20 01 01 02 00 00 13 67 00 00 13 67 00 00 00 7B FF FA 00 2C 12 34 00 70 B9 00 00 00 7C,4967,4967,123,4660,2026-07-30 22:55:23.456,112,-6,44,
FF FF FF FF 00 25 07 C2 20 01 01 02 00 00 13 67 00 00 13 67 00 00 00 7A FF ED 00 20 12 34 00 71 BD 00 00 00 60,4967,4967,122,4660,2026-07-30 22:55:23.556,113,-19,32,
FF FF FF FF 00 25 07 C3 20 01 01 02 00 00 13 67 00 00 13 67 00 00 00 74 FF E4 00 17 12 34 00 72 B8 00 00 00 57,4967,4967,116,4660,2026-07-30 22:55:23.652,114,-28,23,
FF FF FF FF 00 25 07 C4 20 01 01 02 00 00 13 67 00 00 13 67 00 00 00 79 FF EC 00 1C 12 34 00 73 BF 00 00 00 58,4967,4967,121,4660,2026-07-30 22:55:23.750,115,-20,28,
FF FF FF FF 00 25 07 C5 20 01 01 02 00 00 13 67 00 00 13 67 00 00 00 7A FF F6 00 1F 12 34 00 74 BD 00 00 00 46,4967,4967,122,4660,2026-07-30 22:55:24.429,116,-10,31,
FF FF FF FF 00 25 07 C6 20 01 01 02 00 00 13 67 00 00 13 67 00 00 00 84 FF FD 00 22 12 34 00 75 BD 00 00 00 8C,4967,4967,132,4660,2026-07-30 22:55:25.429,117,-3,34,
FF FF FF FF 00 25 07 C8 20 01 01 02 00 00 13 67 00 00 13 67 00 00 00 68 00 0A 00 3C 12 34 00 77 BA 00 00 00 7D,4967,4967,104,4660,2026-07-30 22:55:26.679,119,10,60,
FF FF FF FF 00 25 07 B2 20 01 01 02 00 00 13 67 00 00 13 67 00 00 00 7E FF FC 00 37 12 34 00 60 BD 00 00 00 03,4967,4967,126,4660,2026-07-30 22:55:21.955,96,-4,55,
FF FF FF FF 00 25 07 B3 20 01 01 02 00 00 13 67 00 00 13 67 00 00 00 7C FF F8 00 39 12 34 00 61 BD 00 00 00 0B,4967,4967,124,4660,2026-07-30 22:55:22.054,97,-8,57,
FF FF FF FF 00 25 07 B4 20 01 01 02 00 00 13 67 00 00 13 67 00 00 00 7B FF F6 00 42 12 34 00 62 BC 00 00 00 7C,4967,4967,123,4660,2026-07-30 22:55:22.156,98,-10,66,
FF FF FF FF 00 25 07 B5 20 01 01 02 00 00 13 67 00 00 13 67 00 00 00 79 FF F6 00 40 12 34 00 63 BC 00 00 00 7C,4967,4967,121,4660,2026-07-30 22:55:22.248,99,-10,64,
FF FF FF FF 00 25 07 B6 20 01 01 02 00 00 13 67 00 00 13 67 00 00 00 77 FF F5 00 41 12 34 00 64 BC 00 00 00 74,4967,4967,119,4660,2026-07-30 22:55:22.359,100,-11,65,
FF FF FF FF 00 25 07 B7 20 01 01 02 00 00 13 67 00 00 13 67 00 00 00 73 FF F2 00 44 12 34 00 65 BB 00 00 00 75,4967,4967,115,4660,2026-07-30 22:55:22.458,101,-14,68,
FF FF FF FF 00 25 07 B9 20 01 01 02 00 00 13 67 00 00 13 67 00 00 00 78 FF EB 00 4E 12 34 00 67 BD 00 00 00 67,4967,4967,120,4660,2026-07-30 22:55:22.657,103,-21,78,
FF FF FF FF 00 25 07 BA 20 01 01 02 00 00 13 67 00 00 13 67 00 00 00 70 FF E9 00 51 12 34 00 68 BC 00 00 00 7F,4967,4967,112,4660,2026-07-30 22:55:22.746,104,-23,81,
FF FF FF FF 00 25 07 BB 20 01 01 02 00 00 13 67 00 00 13 67 00 00 00 68 FF E7 00 53 12 34 00 69 B9 00 00 00 6E,4967,4967,104,4660,2026-07-30 22:55:22.857,105,-25,83,
FF FF FF FF 00 25 07 BC 20 01 01 02 00 00 13 67 00 00 13 67 00 00 00 6E FF EE 00 47 12 34 00 6B BD 00 00 00 74,4967,4967,110,4660,2026-07-30 22:55:22.957,107,-18,71,
FF FF FF FF 00 25 07 C7 20 01 01 02 00 00 13 67 00 00 13 67 00 00 00 74 00 05 00 31 12 34 00 76 BC 00 00 00 6B,4967,4967,116,4660,2026-07-30 22:55:26.420,118,5,49,
FF FF FF FF 00 25 07 C9 20 01 01 02 00 00 13 67 00 00 13 67 00 00 00 66 00 0F 00 44 12 34 00 78 BB 00 00 00 01,4967,4967,102,4660,2026-07-30 22:55:26.751,120,15,68,
FF FF FF FF 00 25 07 CA 20 01 01 02 00 00 13 67 00 00 13 67 00 00 00 62 FF FF 00 35 12 34 00 79 BB 00 00 00 79,4967,4967,98,4660,2026-07-30 22:55:26.849,121,-1,53,
FF FF FF FF 00 25 07 CB 20 01 01 02 00 00 13 67 00 00 13 67 00 00 00 67 FF F0 00 30 12 34 00 7A BF 00 00 00 70,4967,4967,103,4660,2026-07-30 22:55:26.948,122,-16,48,
FF FF FF FF 00 25 07 CC 20 01 01 02 00 00 13 67 00 00 13 67 00 00 00 59 FF EC 00 2A 12 34 00 7B BC 00 00 00 4D,4967,4967,89,4660,2026-07-30 22:55:27.058,123,-20,42,
FF FF FF FF 00 25 07 CD 20 01 01 02 00 00 13 67 00 00 13 67 00 00 00 5B FF E9 00 27 12 34 00 7C BC 00 00 00 41,4967,4967,91,4660,2026-07-30 22:55:27.157,124,-23,39,
FF FF FF FF 00 25 07 CE 20 01 01 02 00 00 13 67 00 00 13 67 00 00 00 5C FF E7 00 25 12 34 00 7D BA 00 00 00 4E,4967,4967,92,4660,2026-07-30 22:55:27.252,125,-25,37,
FF FF FF FF 00 25 07 CF 20 01 01 02 00 00 13 67 00 00 13 67 00 00 00 62 FF E6 00 29 12 34 00 7E BA 00 00 00 7F,4967,4967,98,4660,2026-07-30 22:55:27.350,126,-26,41,
FF FF FF FF 00 25 07 D0 20 01 01 02 00 00 13 67 00 00 13 67 00 00 00 5E FF DF 00 26 12 34 00 7F BB 00 00 00 6A,4967,4967,94,4660,2026-07-30 22:55:27.461,127,-33,38,
FF FF FF FF 00 25 07 D1 20 01 01 02 00 00 13 67 00 00 13 67 00 00 00 5D FF E8 00 28 12 34 00 80 BD 00 00 00 A8,4967,4967,93,4660,2026-07-30 22:55:27.559,128,-24,40,
FF FF FF FF 00 25 07 D2 20 01 01 02 00 00 13 67 00 00 13 67 00 00 00 68 FF F4 00 28 12 34 00 81 BD 00 00 00 83,4967,4967,104,4660,2026-07-30 22:55:27.657,129,-12,40,
FF FF FF FF 00 25 07 D3 20 01 01 02 00 00 13 67 00 00 13 67 00 00 00 79 FF F7 00 25 12 34 00 82 BF 00 00 00 9C,4967,4967,121,4660,2026-07-30 22:55:27.769,130,-9,37,
FF FF FF FF 00 25 07 D4 20 01 01 02 00 00 13 67 00 00 13 67 00 00 00 65 FF F0 00 22 12 34 00 83 C3 00 00 00 FA,4967,4967,101,4660,2026-07-30 22:55:27.856,131,-16,34,
FF FF FF FF 00 25 07 D5 20 01 01 02 00 00 13 67 00 00 13 67 00 00 00 5C FF EE 00 26 12 34 00 84 BE 00 00 00 A2,4967,4967,92,4660,2026-07-30 22:55:27.955,132,-18,38,
FF FF FF FF 00 25 07 D6 20 01 01 02 00 00 13 67 00 00 13 67 00 00 00 5B FF ED 00 28 12 34 00 85 BC 00 00 00 A8,4967,4967,91,4660,2026-07-30 22:55:28.054,133,-19,40,
FF FF FF FF 00 25 07 D7 20 01 01 02 00 00 13 67 00 00 13 67 00 00 00 5B FF EC 00 2A 12 34 00 86 BE 00 00 00 AB,4967,4967,91,4660,2026-07-30 22:55:28.152,134,-20,42,
FF FF FF FF 00 25 07 D8 20 01 01 02 00 00 13 67 00 00 13 67 00 00 00 5E FF E9 00 37 12 34 00 87 BC 00 00 00 BA,4967,4967,94,4660,2026-07-30 22:55:28.256,135,-23,55,
FF FF FF FF 00 25 07 D9 20 01 01 02 00 00 13 67 00 00 13 67 00 00 00 5E FF EB 00 35 12 34 00 88 BD 00 00 00 B5,4967,4967,94,4660,2026-07-30 22:55:28.346,136,-21,53,
FF FF FF FF 00 25 07 DA 20 01 01 02 00 00 13 67 00 00 13 67 00 00 00 5D FF EC 00 33 12 34 00 89 BD 00 00 00 B5,4967,4967,93,4660,2026-07-30 22:55:28.458,137,-20,51,
FF FF FF FF 00 25 07 DB 20 01 01 02 00 00 13 67 00 00 13 67 00 00 00 5D FF ED 00 31 12 34 00 8A BB 00 00 00 B2,4967,4967,93,4660,2026-07-30 22:55:28.558,138,-19,49,
FF FF FF FF 00 25 07 DC 20 01 01 02 00 00 13 67 00 00 13 67 00 00 00 5A FF EE 00 30 12 34 00 8B BB 00 00 00 B1,4967,4967,90,4660,2026-07-30 22:55:28.658,139,-18,48,
FF FF FF FF 00 25 07 DD 20 01 01 02 00 00 13 67 00 00 13 67 00 00 00 5E FF EE 00 30 12 34 00 8C BB 00 00 00 B3,4967,4967,94,4660,2026-07-30 22:55:28.763,140,-18,48,
FF FF FF FF 00 25 07 DE 20 01 01 02 00 00 13 67 00 00 13 67 00 00 00 5F FF EE 00 2F 12 34 00 8D BE 00 00 00 AA,4967,4967,95,4660,2026-07-30 22:55:28.853,141,-18,47,
FF FF FF FF 00 25 07 DF 20 01 01 02 00 00 13 67 00 00 13 67 00 00 00 61 FF EF 00 2F 12 34 00 8E BA 00 00 00 93,4967,4967,97,4660,2026-07-30 22:55:28.953,142,-17,47,
FF FF FF FF 00 25 07 E0 20 01 01 02 00 00 13 67 00 00 13 67 00 00 00 60 FF F1 00 2F 12 34 00 8F BE 00 00 00 B6,4967,4967,96,4660,2026-07-30 22:55:29.052,143,-15,47,
FF FF FF FF 00 25 07 E1 20 01 01 02 00 00 13 67 00 00 13 67 00 00 00 62 FF F3 00 2F 12 34 00 90 BB 00 00 00 AD,4967,4967,98,4660,2026-07-30 22:55:29.150,144,-13,47,
FF FF FF FF 00 25 07 E2 20 01 01 02 00 00 13 67 00 00 13 67 00 00 00 62 FF F5 00 2F 12 34 00 91 BC 00 00 00 AE,4967,4967,98,4660,2026-07-30 22:55:29.254,145,-11,47,
FF FF FF FF 00 25 07 E3 20 01 01 02 00 00 13 67 00 00 13 67 00 00 00 61 FF F4 00 32 12 34 00 92 BE 00 00 00 B1,4967,4967,97,4660,2026-07-30 22:55:29.359,146,-12,50,
FF FF FF FF 00 25 07 E4 20 01 01 02 00 00 13 67 00 00 13 67 00 00 00 6C FF E8 00 22 12 34 00 93 C4 00 00 00 CC,4967,4967,108,4660,2026-07-30 22:55:29.457,147,-24,34,
FF FF FF FF 00 25 07 E5 20 01 01 02 00 00 13 67 00 00 13 67 00 00 00 70 FF ED 00 29 12 34 00 94 C0 00 00 00 DC,4967,4967,112,4660,2026-07-30 22:55:29.557,148,-19,41,
FF FF FF FF 00 25 07 E6 20 01 01 02 00 00 13 67 00 00 13 67 00 00 00 71 FF EE 00 30 12 34 00 95 BD 00 00 00 B8,4967,4967,113,4660,2026-07-30 22:55:29.654,149,-18,48,
FF FF FF FF 00 25 07 E7 20 01 01 02 00 00 13 67 00 00 13 67 00 00 00 79 FF F3 00 30 12 34 00 96 BD 00 00 00 AF,4967,4967,121,4660,2026-07-30 22:55:29.756,150,-13,48,
FF FF FF FF 00 25 07 E8 20 01 01 02 00 00 13 67 00 00 13 67 00 00 00 7E FF F9 00 30 12 34 00 97 C0 00 00 00 D1,4967,4967,126,4660,2026-07-30 22:55:29.854,151,-7,48,
FF FF FF FF 00 25 07 E9 20 01 01 02 00 00 13 67 00 00 13 67 00 00 00 78 FF FC 00 32 12 34 00 98 BF 00 00 00 A1,4967,4967,120,4660,2026-07-30 22:55:29.954,152,-4,50,
FF FF FF FF 00 25 07 EA 20 01 01 02 00 00 13 67 00 00 13 67 00 00 00 77 FF FC 00 32 12 34 00 99 BE 00 00 00 AD,4967,4967,119,4660,2026-07-30 22:55:30.052,153,-4,50,
FF FF FF FF 00 25 07 EB 20 01 01 02 00 00 13 67 00 00 13 67 00 00 00 76 FF FD 00 35 12 34 00 9A BE 00 00 00 A8,4967,4967,118,4660,2026-07-30 22:55:30.148,154,-3,53,
FF FF FF FF 00 25 07 EC 20 01 01 02 00 00 13 67 00 00 13 67 00 00 00 77 FF FB 00 36 12 34 00 9B BF 00 00 00 AB,4967,4967,119,4660,2026-07-30 22:55:30.264,155,-5,54,
FF FF FF FF 00 25 07 ED 20 01 01 02 00 00 13 67 00 00 13 67 00 00 00 69 FF F0 00 31 12 34 00 9C C2 00 00 00 C2,4967,4967,105,4660,2026-07-30 22:55:30.347,156,-16,49,
FF FF FF FF 00 25 07 EE 20 01 01 02 00 00 13 67 00 00 13 67 00 00 00 67 FF E9 00 2D 12 34 00 9D BB 00 00 00 B2,4967,4967,103,4660,2026-07-30 22:55:30.459,157,-23,45,
FF FF FF FF 00 25 07 EF 20 01 01 02 00 00 13 67 00 00 13 67 00 00 00 66 FF E3 00 2A 12 34 00 9E BB 00 00 00 BC,4967,4967,102,4660,2026-07-30 22:55:30.557,158,-29,42,
FF FF FF FF 00 25 07 F0 20 01 01 02 00 00 13 67 00 00 13 67 00 00 00 62 FF DF 00 28 12 34 00 9F BC 00 00 00 9F,4967,4967,98,4660,2026-07-30 22:55:30.656,159,-33,40,
FF FF FF FF 00 25 07 F1 20 01 01 02 00 00 13 67 00 00 13 67 00 00 00 5C FF E4 00 2B 12 34 00 A0 BC 00 00 00 A7,4967,4967,92,4660,2026-07-30 22:55:30.755,160,-28,43,
FF FF FF FF 00 25 07 F2 20 01 01 02 00 00 13 67 00 00 13 67 00 00 00 59 FF E7 00 2C 12 34 00 A1 C0 00 00 00 D8,4967,4967,89,4660,2026-07-30 22:55:30.855,161,-25,44,
FF FF FF FF 00 25 07 F3 20 01 01 02 00 00 13 67 00 00 13 67 00 00 00 55 FF EA 00 2E 12 34 00 A2 BA 00 00 00 A3,4967,4967,85,4660,2026-07-30 22:55:30.955,162,-22,46,
FF FF FF FF 00 25 07 F4 20 01 01 02 00 00 13 67 00 00 13 67 00 00 00 50 FF EA 00 2C 12 34 00 A3 BC 00 00 00 A4,4967,4967,80,4660,2026-07-30 22:55:31.053,163,-22,44,
FF FF FF FF 00 25 07 F5 20 01 01 02 00 00 13 67 00 00 13 67 00 00 00 4F FF EA 00 2B 12 34 00 A4 BC 00 00 00 BA,4967,4967,79,4660,2026-07-30 22:55:31.152,164,-22,43,
FF FF FF FF 00 25 07 F6 20 01 01 02 00 00 13 67 00 00 13 67 00 00 00 4B FF E4 00 27 12 34 00 A5 BC 00 00 00 BE,4967,4967,75,4660,2026-07-30 22:55:31.253,165,-28,39,
FF FF FF FF 00 25 07 F7 20 01 01 02 00 00 13 67 00 00 13 67 00 00 00 45 FF DD 00 24 12 34 00 A6 BC 00 00 00 88,4967,4967,69,4660,2026-07-30 22:55:31.350,166,-35,36,
FF FF FF FF 00 25 07 F8 20 01 01 02 00 00 13 67 00 00 13 67 00 00 00 3D FF D5 00 21 12 34 00 A7 BC 00 00 00 F3,4967,4967,61,4660,2026-07-30 22:55:31.449,167,-43,33,
FF FF FF FF 00 25 07 F9 20 01 01 02 00 00 13 67 00 00 13 67 00 00 00 39 FF E5 00 2B 12 34 00 A8 BC 00 00 00 C3,4967,4967,57,4660,2026-07-30 22:55:31.548,168,-27,43,
FF FF FF FF 00 25 07 FA 20 01 01 02 00 00 13 67 00 00 13 67 00 00 00 4A FF F1 00 33 12 34 00 A9 BC 00 00 00 BE,4967,4967,74,4660,2026-07-30 22:55:31.647,169,-15,51,
FF FF FF FF 00 25 07 FB 20 01 01 02 00 00 13 67 00 00 13 67 00 00 00 53 FF F9 00 39 12 34 00 AA BD 00 00 00 A6,4967,4967,83,4660,2026-07-30 22:55:31.748,170,-7,57,
FF FF FF FF 00 25 07 FC 20 01 01 02 00 00 13 67 00 00 13 67 00 00 00 4D 00 00 00 3B 12 34 00 AB BC 00 00 00 BB,4967,4967,77,4660,2026-07-30 22:55:31.859,171,0,59,
FF FF FF FF 00 25 07 FD 20 01 01 02 00 00 13 67 00 00 13 67 00 00 00 45 FF F1 00 31 12 34 00 AC BB 00 00 00 B6,4967,4967,69,4660,2026-07-30 22:55:31.946,172,-15,49,
FF FF FF FF 00 25 07 FE 20 01 01 02 00 00 13 67 00 00 13 67 00 00 00 42 FF F9 00 35 12 34 00 AD BE 00 00 00 BA,4967,4967,66,4660,2026-07-30 22:55:32.058,173,-7,53,
FF FF FF FF 00 25 07 FF 20 01 01 02 00 00 13 67 00 00 13 67 00 00 00 3A FF EC 00 2E 12 34 00 AE BC 00 00 00 CC,4967,4967,58,4660,2026-07-30 22:55:32.157,174,-20,46,
FF FF FF FF 00 25 08 00 20 01 01 02 00 00 13 67 00 00 13 67 00 00 00 34 FF E0 00 28 12 34 00 AF BB 00 00 00 3E,4967,4967,52,4660,2026-07-30 22:55:32.256,175,-32,40,
FF FF FF FF 00 25 08 01 20 01 01 02 00 00 13 67 00 00 13 67 00 00 00 38 FF DD 00 1F 12 34 00 B0 BA 00 00 00 27,4967,4967,56,4660,2026-07-30 22:55:32.354,176,-35,31,
FF FF FF FF 00 25 08 02 20 01 01 02 00 00 13 67 00 00 13 67 00 00 00 3E FF DD 00 1C 12 34 00 B1 BB 00 00 00 21,4967,4967,62,4660,2026-07-30 22:55:32.453,177,-35,28,
FF FF FF FF 00 25 08 03 20 01 01 02 00 00 13 67 00 00 13 67 00 00 00 44 FF DC 00 1A 12 34 00 B2 BC 00 00 00 59,4967,4967,68,4660,2026-07-30 22:55:32.554,178,-36,26,
FF FF FF FF 00 25 08 04 20 01 01 02 00 00 13 67 00 00 13 67 00 00 00 4D FF DC 00 19 12 34 00 B3 B9 00 00 00 50,4967,4967,77,4660,2026-07-30 22:55:32.653,179,-36,25,
FF FF FF FF 00 25 08 05 20 01 01 02 00 00 13 67 00 00 13 67 00 00 00 4F FF DB 00 18 12 34 00 B4 BE 00 00 00 55,4967,4967,79,4660,2026-07-30 22:55:32.753,180,-37,24,
FF FF FF FF 00 25 08 06 20 01 01 02 00 00 13 67 00 00 13 67 00 00 00 50 FF DB 00 17 12 34 00 B5 BA 00 00 00 43,4967,4967,80,4660,2026-07-30 22:55:32.852,181,-37,23,
FF FF FF FF 00 25 08 07 20 01 01 02 00 00 13 67 00 00 13 67 00 00 00 50 FF CA 00 19 12 34 00 B7 BF 00 00 00 5A,4967,4967,80,4660,2026-07-30 22:55:32.951,183,-54,25,
FF FF FF FF 00 25 08 08 20 01 01 02 00 00 13 67 00 00 13 67 00 00 00 52 FF E1 00 1E 12 34 00 B8 C1 00 00 00 0A,4967,4967,82,4660,2026-07-30 22:55:33.049,184,-31,30,
FF FF FF FF 00 25 08 09 20 01 01 02 00 00 13 67 00 00 13 67 00 00 00 54 FF EC 00 25 12 34 00 B9 C2 00 00 00 39,4967,4967,84,4660,2026-07-30 22:55:33.148,185,-20,37,
FF FF FF FF 00 25 08 0A 20 01 01 02 00 00 13 67 00 00 13 67 00 00 00 58 FF EF 00 2C 12 34 00 BA BF 00 00 00 42,4967,4967,88,4660,2026-07-30 22:55:33.259,186,-17,44,
FF FF FF FF 00 25 08 0B 20 01 01 02 00 00 13 67 00 00 13 67 00 00 00 53 FF F1 00 32 12 34 00 BB C2 00 00 00 34,4967,4967,83,4660,2026-07-30 22:55:33.357,187,-15,50,
FF FF FF FF 00 25 08 0C 20 01 01 02 00 00 13 67 00 00 13 67 00 00 00 5C FF F0 00 34 12 34 00 BC C1 00 00 00 3F,4967,4967,92,4660,2026-07-30 22:55:33.456,188,-16,52,
FF FF FF FF 00 25 08 0D 20 01 01 02 00 00 13 67 00 00 13 67 00 00 00 55 FF DC 00 29 12 34 00 BD BD 00 00 00 7B,4967,4967,85,4660,2026-07-30 22:55:33.555,189,-36,41,
FF FF FF FF 00 25 08 0E 20 01 01 02 00 00 13 67 00 00 13 67 00 00 00 51 FF D9 00 25 12 34 00 BE BE 00 00 00 75,4967,4967,81,4660,2026-07-30 22:55:33.653,190,-39,37,
FF FF FF FF 00 25 08 0F 20 01 01 02 00 00 13 67 00 00 13 67 00 00 00 5B FF E2 00 33 12 34 00 BF BD 00 00 00 51,4967,4967,91,4660,2026-07-30 22:55:33.753,191,-30,51,
FF FF FF FF 00 25 08 10 20 01 01 02 00 00 13 67 00 00 13 67 00 00 00 5C FF E7 00 35 12 34 00 C0 C0 00 00 00 48,4967,4967,92,4660,2026-07-30 22:55:33.852,192,-25,53,
FF FF FF FF 00 25 08 11 20 01 01 02 00 00 13 67 00 00 13 67 00 00 00 4C FF DB 00 2C 12 34 00 C1 C1 00 00 00 7C,4967,4967,76,4660,2026-07-30 22:55:33.950,193,-37,44,
FF FF FF FF 00 25 08 12 20 01 01 02 00 00 13 67 00 00 13 67 00 00 00 4D FF CD 00 2B 12 34 00 C2 C3 00 00 00 6E,4967,4967,77,4660,2026-07-30 22:55:34.050,194,-51,43,
FF FF FF FF 00 25 08 13 20 01 01 02 00 00 13 67 00 00 13 67 00 00 00 4F FF CE 00 27 12 34 00 C3 C0 00 00 00 60,4967,4967,79,4660,2026-07-30 22:55:34.150,195,-50,39,
FF FF FF FF 00 25 08 14 20 01 01 02 00 00 13 67 00 00 13 67 00 00 00 51 FF DB 00 2B 12 34 00 C4 BB 00 00 00 1C,4967,4967,81,4660,2026-07-30 22:55:34.248,196,-37,43,
FF FF FF FF 00 25 08 15 20 01 01 02 00 00 13 67 00 00 13 67 00 00 00 58 FF DF 00 38 12 34 00 C5 B9 00 00 00 00,4967,4967,88,4660,2026-07-30 22:55:34.361,197,-33,56,
FF FF FF FF 00 25 08 16 20 01 01 02 00 00 13 67 00 00 13 67 00 00 00 56 FF DD 00 31 12 34 00 C6 BA 00 00 00 06,4967,4967,86,4660,2026-07-30 22:55:34.461,198,-35,49,
FF FF FF FF 00 25 08 17 20 01 01 02 00 00 13 67 00 00 13 67 00 00 00 57 FF CF 00 23 12 34 00 C7 BB 00 00 00 06,4967,4967,87,4660,2026-07-30 22:55:34.560,199,-49,35,
FF FF FF FF 00 25 08 18 20 01 01 02 00 00 13 67 00 00 13 67 00 00 00 63 FF DE 00 31 12 34 00 C8 BE 00 00 00 34,4967,4967,99,4660,2026-07-30 22:55:34.660,200,-34,49,
FF FF FF FF 00 25 08 19 20 01 01 02 00 00 13 67 00 00 13 67 00 00 00 67 FF D8 00 30 12 34 00 C9 BE 00 00 00 37,4967,4967,103,4660,2026-07-30 22:55:34.746,201,-40,48,
FF FF FF FF 00 25 08 1A 20 01 01 02 00 00 13 67 00 00 13 67 00 00 00 6B FF DD 00 30 12 34 00 CA BE 00 00 00 3E,4967,4967,107,4660,2026-07-30 22:55:34.852,202,-35,48,
FF FF FF FF 00 25 08 1B 20 01 01 02 00 00 13 67 00 00 13 67 00 00 00 69 FF DA 00 19 12 34 00 CB BB 00 00 00 17,4967,4967,105,4660,2026-07-30 22:55:34.956,203,-38,25,
FF FF FF FF 00 25 08 1C 20 01 01 02 00 00 13 67 00 00 13 67 00 00 00 55 FF DC 00 1F 12 34 00 CC BD 00 00 00 2D,4967,4967,85,4660,2026-07-30 22:55:35.057,204,-36,31,
FF FF FF FF 00 25 08 1D 20 01 01 02 00 00 13 67 00 00 13 67 00 00 00 5B FF DF 00 2F 12 34 00 CD C0 00 00 00 6D,4967,4967,91,4660,2026-07-30 22:55:35.155,205,-33,47,
FF FF FF FF 00 25 08 1E 20 01 01 02 00 00 13 67 00 00 13 67 00 00 00 58 FF F1 00 2F 12 34 00 CE BE 00 00 00 3E,4967,4967,88,4660,2026-07-30 22:55:35.254,206,-15,47,
FF FF FF FF 00 25 08 1F 20 01 01 02 00 00 13 67 00 00 13 67 00 00 00 5E FF EF 00 32 12 34 00 CF BB 00 00 00 3E,4967,4967,94,4660,2026-07-30 22:55:35.353,207,-17,50,
FF FF FF FF 00 25 08 20 20 01 01 02 00 00 13 67 00 00 13 67 00 00 00 60 FF EF 00 2F 12 34 00 D0 BA 00 00 00 3C,4967,4967,96,4660,2026-07-30 22:55:35.452,208,-17,47,
FF FF FF FF 00 25 08 21 20 01 01 02 00 00 13 67 00 00 13 67 00 00 00 5C FF E7 00 2F 12 34 00 D1 BB 00 00 00 09,4967,4967,92,4660,2026-07-30 22:55:35.563,209,-25,47,
FF FF FF FF 00 25 08 22 20 01 01 02 00 00 13 67 00 00 13 67 00 00 00 5A FF DD 00 2A 12 34 00 D2 BC 00 00 00 37,4967,4967,90,4660,2026-07-30 22:55:35.650,210,-35,42,
FF FF FF FF 00 25 08 23 20 01 01 02 00 00 13 67 00 00 13 67 00 00 00 61 FF E0 00 2C 12 34 00 D3 BC 00 00 00 37,4967,4967,97,4660,2026-07-30 22:55:35.749,211,-32,44,
FF FF FF FF 00 25 08 24 20 01 01 02 00 00 13 67 00 00 13 67 00 00 00 61 FF E3 00 2D 12 34 00 D4 BD 00 00 00 34,4967,4967,97,4660,2026-07-30 22:55:35.851,212,-29,45,
FF FF FF FF 00 25 08 25 20 01 01 02 00 00 13 67 00 00 13 67 00 00 00 60 FF E7 00 2E 12 34 00 D5 BB 00 00 00 34,4967,4967,96,4660,2026-07-30 22:55:35.957,213,-25,46,
FF FF FF FF 00 25 08 26 20 01 01 02 00 00 13 67 00 00 13 67 00 00 00 62 FF EE 00 2D 12 34 00 D6 BD 00 00 00 3A,4967,4967,98,4660,2026-07-30 22:55:36.057,214,-18,45,
FF FF FF FF 00 25 08 27 20 01 01 02 00 00 13 67 00 00 13 67 00 00 00 62 FF EE 00 2F 12 34 00 D7 BC 00 00 00 39,4967,4967,98,4660,2026-07-30 22:55:36.153,215,-18,47,
FF FF FF FF 00 25 08 28 20 01 01 02 00 00 13 67 00 00 13 67 00 00 00 64 FF E8 00 2F 12 34 00 D8 BD 00 00 00 38,4967,4967,100,4660,2026-07-30 22:55:36.251,216,-24,47,
FF FF FF FF 00 25 08 29 20 01 01 02 00 00 13 67 00 00 13 67 00 00 00 66 FF EF 00 1B 12 34 00 D9 BB 00 00 00 0F,4967,4967,102,4660,2026-07-30 22:55:36.350,217,-17,27,
FF FF FF FF 00 25 08 2A 20 01 01 02 00 00 13 67 00 00 13 67 00 00 00 63 FF EF 00 21 12 34 00 DA BB 00 00 00 30,4967,4967,99,4660,2026-07-30 22:55:36.449,218,-17,33,
FF FF FF FF 00 25 08 2B 20 01 01 02 00 00 13 67 00 00 13 67 00 00 00 63 FF ED 00 28 12 34 00 DB BC 00 00 00 3C,4967,4967,99,4660,2026-07-30 22:55:36.560,219,-19,40,
FF FF FF FF 00 25 08 2C 20 01 01 02 00 00 13 67 00 00 13 67 00 00 00 5D FF EA 00 2B 12 34 00 DC B8 00 00 00 02,4967,4967,93,4660,2026-07-30 22:55:36.657,220,-22,43,
FF FF FF FF 00 25 08 2D 20 01 01 02 00 00 13 67 00 00 13 67 00 00 00 5D FF EF 00 29 12 34 00 DD BA 00 00 00 07,4967,4967,93,4660,2026-07-30 22:55:36.754,221,-17,41,
FF FF FF FF 00 25 08 2E 20 01 01 02 00 00 13 67 00 00 13 67 00 00 00 5C FF EE 00 2B 12 34 00 DE BA 00 00 00 05,4967,4967,92,4660,2026-07-30 22:55:36.856,222,-18,43,
FF FF FF FF 00 25 08 2F 20 01 01 02 00 00 13 67 00 00 13 67 00 00 00 59 FF EB 00 2E 12 34 00 DF BB 00 00 00 01,4967,4967,89,4660,2026-07-30 22:55:36.952,223,-21,46,
FF FF FF FF 00 25 08 30 20 01 01 02 00 00 13 67 00 00 13 67 00 00 00 59 FF E9 00 30 12 34 00 E0 B7 00 00 00 31,4967,4967,89,4660,2026-07-30 22:55:37.051,224,-23,48,
FF FF FF FF 00 25 08 31 20 01 01 02 00 00 13 67 00 00 13 67 00 00 00 59 FF E6 00 35 12 34 00 E1 BA 00 00 00 36,4967,4967,89,4660,2026-07-30 22:55:37.149,225,-26,53,
FF FF FF FF 00 25 08 32 20 01 01 02 00 00 13 67 00 00 13 67 00 00 00 59 FF E3 00 3E 12 34 00 E2 BA 00 00 00 38,4967,4967,89,4660,2026-07-30 22:55:37.249,226,-29,62,
FF FF FF FF 00 25 08 33 20 01 01 02 00 00 13 67 00 00 13 67 00 00 00 5A FF E0 00 46 12 34 00 E3 BB 00 00 00 41,4967,4967,90,4660,2026-07-30 22:55:37.364,227,-32,70,
FF FF FF FF 00 25 08 34 20 01 01 02 00 00 13 67 00 00 13 67 00 00 00 5E FF E8 00 41 12 34 00 E4 BD 00 00 00 4C,4967,4967,94,4660,2026-07-30 22:55:37.446,228,-24,65,
FF FF FF FF 00 25 08 35 20 01 01 02 00 00 13 67 00 00 13 67 00 00 00 5A FF DE 00 38 12 34 00 E5 BB 00 00 00 01,4967,4967,90,4660,2026-07-30 22:55:37.559,229,-34,56,
FF FF FF FF 00 25 08 36 20 01 01 02 00 00 13 67 00 00 13 67 00 00 00 5B FF E3 00 36 12 34 00 E6 BA 00 00 00 32,4967,4967,91,4660,2026-07-30 22:55:37.659,230,-29,54,
FF FF FF FF 00 25 08 37 20 01 01 02 00 00 13 67 00 00 13 67 00 00 00 5C FF E8 00 35 12 34 00 E7 BB 00 00 00 3C,4967,4967,92,4660,2026-07-30 22:55:37.758,231,-24,53,
FF FF FF FF 00 25 08 38 20 01 01 02 00 00 13 67 00 00 13 67 00 00 00 5D FF E9 00 35 12 34 00 E8 BF 00 00 00 38,4967,4967,93,4660,2026-07-30 22:55:37.858,232,-23,53,
FF FF FF FF 00 25 08 39 20 01 01 02 00 00 13 67 00 00 13 67 00 00 00 5C FF E9 00 33 12 34 00 E9 BB 00 00 00 3B,4967,4967,92,4660,2026-07-30 22:55:37.949,233,-23,51,
FF FF FF FF 00 25 08 3A 20 01 01 02 00 00 13 67 00 00 13 67 00 00 00 51 FF E0 00 2E 12 34 00 EA BA 00 00 00 23,4967,4967,81,4660,2026-07-30 22:55:38.060,234,-32,46,
FF FF FF FF 00 25 08 3B 20 01 01 02 00 00 13 67 00 00 13 67 00 00 00 51 FF DF 00 2D 12 34 00 EB BB 00 00 00 1E,4967,4967,81,4660,2026-07-30 22:55:38.160,235,-33,45,
FF FF FF FF 00 25 08 3C 20 01 01 02 00 00 13 67 00 00 13 67 00 00 00 51 FF E0 00 2E 12 34 00 EC BD 00 00 00 24,4967,4967,81,4660,2026-07-30 22:55:38.260,236,-32,46,
FF FF FF FF 00 25 08 3D 20 01 01 02 00 00 13 67 00 00 13 67 00 00 00 52 FF DC 00 1A 12 34 00 ED BD 00 00 00 2F,4967,4967,82,4660,2026-07-30 22:55:38.359,237,-36,26,
FF FF FF FF 00 25 08 3E 20 01 01 02 00 00 13 67 00 00 13 67 00 00 00 59 FF DB 00 22 12 34 00 EE BC 00 00 00 1A,4967,4967,89,4660,2026-07-30 22:55:38.454,238,-37,34,
FF FF FF FF 00 25 08 3F 20 01 01 02 00 00 13 67 00 00 13 67 00 00 00 54 FF DA 00 2A 12 34 00 EF BC 00 00 00 1E,4967,4967,84,4660,2026-07-30 22:55:38.553,239,-38,42,
FF FF FF FF 00 25 08 40 20 01 01 02 00 00 13 67 00 00 13 67 00 00 00 59 FF D9 00 2C 12 34 00 F0 BC 00 00 00 76,4967,4967,89,4660,2026-07-30 22:55:38.651,240,-39,44,
FF FF FF FF 00 25 08 41 20 01 01 02 00 00 13 67 00 00 13 67 00 00 00 54 FF DD 00 36 12 34 00 F1 BA 00 00 00 63,4967,4967,84,4660,2026-07-30 22:55:38.749,241,-35,54,
FF FF FF FF 00 25 08 42 20 01 01 02 00 00 13 67 00 00 13 67 00 00 00 58 FF D7 00 31 12 34 00 F2 BC 00 00 00 64,4967,4967,88,4660,2026-07-30 22:55:38.849,242,-41,49,
FF FF FF FF 00 25 08 43 20 01 01 02 00 00 13 67 00 00 13 67 00 00 00 5D FF DA 00 3C 12 34 00 F3 BD 00 00 00 60,4967,4967,93,4660,2026-07-30 22:55:38.960,243,-38,60,
FF FF FF FF 00 25 08 44 20 01 01 02 00 00 13 67 00 00 13 67 00 00 00 5C FF DC 00 38 12 34 00 F4 BC 00 00 00 62,4967,4967,92,4660,2026-07-30 22:55:39.048,244,-36,56,
FF FF FF FF 00 25 08 45 20 01 01 02 00 00 13 67 00 00 13 67 00 00 00 56 FF DD 00 35 12 34 00 F5 BB 00 00 00 63,4967,4967,86,4660,2026-07-30 22:55:39.148,245,-35,53,
FF FF FF FF 00 25 08 46 20 01 01 02 00 00 13 67 00 00 13 67 00 00 00 58 FF DE 00 34 12 34 00 F6 BB 00 00 00 6F,4967,4967,88,4660,2026-07-30 22:55:39.259,246,-34,52,
FF FF FF FF 00 25 08 47 20 01 01 02 00 00 13 67 00 00 13 67 00 00 00 57 FF E0 00 31 12 34 00 F7 BB 00 00 00 5B,4967,4967,87,4660,2026-07-30 22:55:39.346,247,-32,49,
FF FF FF FF 00 25 08 48 20 01 01 02 00 00 13 67 00 00 13 67 00 00 00 55 FF DF 00 2E 12 34 00 F8 BB 00 00 00 79,4967,4967,85,4660,2026-07-30 22:55:39.453,248,-33,46,
FF FF FF FF 00 25 08 49 20 01 01 02 00 00 13 67 00 00 13 67 00 00 00 55 FF E0 00 2D 12 34 00 F9 B8 00 00 00 46,4967,4967,85,4660,2026-07-30 22:55:39.552,249,-32,45,
FF FF FF FF 00 25 08 4A 20 01 01 02 00 00 13 67 00 00 13 67 00 00 00 54 FF DE 00 2B 12 34 00 FA C0 00 00 00 07,4967,4967,84,4660,2026-07-30 22:55:39.650,250,-34,43,
FF FF FF FF 00 25 08 4B 20 01 01 02 00 00 13 67 00 00 13 67 00 00 00 52 FF E3 00 2A 12 34 00 FB BA 00 00 00 47,4967,4967,82,4660,2026-07-30 22:55:39.748,251,-29,42,
FF FF FF FF 00 25 08 4C 20 01 01 02 00 00 13 67 00 00 13 67 00 00 00 62 FF D9 00 2E 12 34 00 FC B8 00 00 00 4B,4967,4967,98,4660,2026-07-30 22:55:39.848,252,-39,46,
FF FF FF FF 00 25 08 4D 20 01 01 02 00 00 13 67 00 00 13 67 00 00 00 5F FF D4 00 2B 12 34 00 FD B9 00 00 00 7F,4967,4967,95,4660,2026-07-30 22:55:39.960,253,-44,43,
FF FF FF FF 00 25 08 4E 20 01 01 02 00 00 13 67 00 00 13 67 00 00 00 5F FF D9 00 2D 12 34 00 FE BC 00 00 00 71,4967,4967,95,4660,2026-07-30 22:55:40.060,254,-39,45,
FF FF FF FF 00 25 08 4F 20 01 01 02 00 00 13 67 00 00 13 67 00 00 00 60 FF DC 00 2E 12 34 00 FF BA 00 00 00 4E,4967,4967,96,4660,2026-07-30 22:55:40.159,255,-36,46,
FF FF FF FF 00 25 08 50 20 01 01 02 00 00 13 67 00 00 13 67 00 00 00 5B FF D5 00 3A 12 34 01 00 BC 00 00 00 8F,4967,4967,91,4660,2026-07-30 22:55:40.256,256,-43,58,
FF FF FF FF 00 25 08 51 20 01 01 02 00 00 13 67 00 00 13 67 00 00 00 5B FF D3 00 36 12 34 01 01 BD 00 00 00 84,4967,4967,91,4660,2026-07-30 22:55:40.357,257,-45,54,
FF FF FF FF 00 25 08 52 20 01 01 02 00 00 13 67 00 00 13 67 00 00 00 5D FF D7 00 35 12 34 01 02 BE 00 00 00 86,4967,4967,93,4660,2026-07-30 22:55:40.452,258,-41,53,
FF FF FF FF 00 25 08 53 20 01 01 02 00 00 13 67 00 00 13 67 00 00 00 5F FF D7 00 33 12 34 01 03 BE 00 00 00 82,4967,4967,95,4660,2026-07-30 22:55:40.552,259,-41,51,
FF FF FF FF 00 25 08 54 20 01 01 02 00 00 13 67 00 00 13 67 00 00 00 62 FF DC 00 39 12 34 01 04 C0 00 00 00 C0,4967,4967,98,4660,2026-07-30 22:55:40.652,260,-36,57,
FF FF FF FF 00 25 08 55 20 01 01 02 00 00 13 67 00 00 13 67 00 00 00 62 FF E0 00 31 12 34 01 05 BC 00 00 00 88,4967,4967,98,4660,2026-07-30 22:55:40.749,261,-32,49,
FF FF FF FF 00 25 08 56 20 01 01 02 00 00 13 67 00 00 13 67 00 00 00 5D FF DC 00 26 12 34 01 06 BE 00 00 00 9E,4967,4967,93,4660,2026-07-30 22:55:40.847,262,-36,38,
FF FF FF FF 00 25 08 57 20 01 01 02 00 00 13 67 00 00 13 67 00 00 00 5E FF DE 00 2C 12 34 01 07 BF 00 00 00 94,4967,4967,94,4660,2026-07-30 22:55:40.957,263,-34,44,
FF FF FF FF 00 25 08 58 20 01 01 02 00 00 13 67 00 00 13 67 00 00 00 5C FF E1 00 2E 12 34 01 08 C0 00 00 00 D4,4967,4967,92,4660,2026-07-30 22:55:41.056,264,-31,46,
FF FF FF FF 00 25 08 59 20 01 01 02 00 00 13 67 00 00 13 67 00 00 00 58 FF E4 00 30 12 34 01 09 C0 00 00 00 CB,4967,4967,88,4660,2026-07-30 22:55:41.156,265,-28,48,
FF FF FF FF 00 25 08 5A 20 01 01 02 00 00 13 67 00 00 13 67 00 00 00 57 FF E2 00 2F 12 34 01 0A BD 00 00 00 A0,4967,4967,87,4660,2026-07-30 22:55:41.255,266,-30,47,
FF FF FF FF 00 25 08 5B 20 01 01 02 00 00 13 67 00 00 13 67 00 00 00 51 FF DB 00 2F 12 34 01 0B BB 00 00 00 99,4967,4967,81,4660,2026-07-30 22:55:41.354,267,-37,47,
FF FF FF FF 00 25 08 5C 20 01 01 02 00 00 13 67 00 00 13 67 00 00 00 52 FF D8 00 2E 12 34 01 0C BC 00 00 00 9F,4967,4967,82,4660,2026-07-30 22:55:41.452,268,-40,46,
FF FF FF FF 00 25 08 5D 20 01 01 02 00 00 13 67 00 00 13 67 00 00 00 56 FF D6 00 2C 12 34 01 0D BB 00 00 00 90,4967,4967,86,4660,2026-07-30 22:55:41.551,269,-42,44,
FF FF FF FF 00 25 08 5E 20 01 01 02 00 00 13 67 00 00 13 67 00 00 00 58 FF D6 00 2C 12 34 01 0E B9 00 00 00 9C,4967,4967,88,4660,2026-07-30 22:55:41.651,270,-42,44,
FF FF FF FF 00 25 08 5F 20 01 01 02 00 00 13 67 00 00 13 67 00 00 00 59 FF D8 00 2D 12 34 01 0F BA 00 00 00 91,4967,4967,89,4660,2026-07-30 22:55:41.749,271,-40,45,
FF FF FF FF 00 25 08 60 20 01 01 02 00 00 13 67 00 00 13 67 00 00 00 56 FF DD 00 26 12 34 01 10 B2 00 00 00 B8,4967,4967,86,4660,2026-07-30 22:55:41.850,272,-35,38,
FF FF FF FF 00 25 08 61 20 01 01 02 00 00 13 67 00 00 13 67 00 00 00 55 FF E1 00 25 12 34 01 11 B9 00 00 00 8F,4967,4967,85,4660,2026-07-30 22:55:41.958,273,-31,37,
FF FF FF FF 00 25 08 62 20 01 01 02 00 00 13 67 00 00 13 67 00 00 00 5A FF E3 00 26 12 34 01 12 BA 00 00 00 82,4967,4967,90,4660,2026-07-30 22:55:42.055,274,-29,38,
FF FF FF FF 00 25 08 63 20 01 01 02 00 00 13 67 00 00 13 67 00 00 00 61 FF E7 00 26 12 34 01 13 B2 00 00 00 B5,4967,4967,97,4660,2026-07-30 22:55:42.153,275,-25,38,
FF FF FF FF 00 25 08 64 20 01 01 02 00 00 13 67 00 00 13 67 00 00 00 64 FF E9 00 26 12 34 01 14 B9 00 00 00 B5,4967,4967,100,4660,2026-07-30 22:55:42.251,276,-23,38,
FF FF FF FF 00 25 08 65 20 01 01 02 00 00 13 67 00 00 13 67 00 00 00 69 FF EC 00 27 12 34 01 15 BD 00 00 00 B8,4967,4967,105,4660,2026-07-30 22:55:42.349,277,-20,39,
FF FF FF FF 00 25 08 66 20 01 01 02 00 00 13 67 00 00 13 67 00 00 00 6C FF ED 00 27 12 34 01 16 BA 00 00 00 BB,4967,4967,108,4660,2026-07-30 22:55:42.455,278,-19,39,
FF FF FF FF 00 25 08 67 20 01 01 02 00 00 13 67 00 00 13 67 00 00 00 71 FF F0 00 2B 12 34 01 17 BB 00 00 00 B6,4967,4967,113,4660,2026-07-30 22:55:42.560,279,-16,43,
FF FF FF FF 00 25 08 68 20 01 01 02 00 00 13 67 00 00 13 67 00 00 00 73 FF F0 00 2B 12 34 01 18 BA 00 00 00 B5,4967,4967,115,4660,2026-07-30 22:55:42.646,280,-16,43,
FF FF FF FF 00 25 08 69 20 01 01 02 00 00 13 67 00 00 13 67 00 00 00 72 FF F2 00 2D 12 34 01 19 BA 00 00 00 B0,4967,4967,114,4660,2026-07-30 22:55:42.746,281,-14,45,
FF FF FF FF 00 25 08 6A 20 01 01 02 00 00 13 67 00 00 13 67 00 00 00 69 FF F0 00 2D 12 34 01 1A B8 00 00 00 AB,4967,4967,105,4660,2026-07-30 22:55:42.858,282,-16,45,
FF FF FF FF 00 25 08 6B 20 01 01 02 00 00 13 67 00 00 13 67 00 00 00 61 FF EE 00 2E 12 34 01 1B BA 00 00 00 BC,4967,4967,97,4660,2026-07-30 22:55:42.963,283,-18,46,
FF FF FF FF 00 25 08 6C 20 01 01 02 00 00 13 67 00 00 13 67 00 00 00 67 FF EE 00 2F 12 34 01 1C BB 00 00 00 BA,4967,4967,103,4660,2026-07-30 22:55:43.054,284,-18,47,
FF FF FF FF 00 25 08 6D 20 01 01 02 00 00 13 67 00 00 13 67 00 00 00 6B FF F4 00 31 12 34 01 1D BC 00 00 00 B5,4967,4967,107,4660,2026-07-30 22:55:43.154,285,-12,49,
FF FF FF FF 00 25 08 6E 20 01 01 02 00 00 13 67 00 00 13 67 00 00 00 65 FF F1 00 2E 12 34 01 1E BB 00 00 00 A6,4967,4967,101,4660,2026-07-30 22:55:43.253,286,-15,46,
FF FF FF FF 00 25 08 6F 20 01 01 02 00 00 13 67 00 00 13 67 00 00 00 57 FF F0 00 2E 12 34 01 1F BE 00 00 00 90,4967,4967,87,4660,2026-07-30 22:55:43.352,287,-16,46,
FF FF FF FF 00 25 08 70 20 01 01 02 00 00 13 67 00 00 13 67 00 00 00 50 FF EF 00 2D 12 34 01 20 BC 00 00 00 A9,4967,4967,80,4660,2026-07-30 22:55:43.454,288,-17,45,
FF FF FF FF 00 25 08 71 20 01 01 02 00 00 13 67 00 00 13 67 00 00 00 51 FF EC 00 2B 12 34 01 21 BE 00 00 00 AF,4967,4967,81,4660,2026-07-30 22:55:43.559,289,-20,43,
FF FF FF FF 00 25 08 72 20 01 01 02 00 00 13 67 00 00 13 67 00 00 00 57 FF E9 00 2B 12 34 01 22 BE 00 00 00 AC,4967,4967,87,4660,2026-07-30 22:55:43.648,290,-23,43,
FF FF FF FF 00 25 08 73 20 01 01 02 00 00 13 67 00 00 13 67 00 00 00 5F FF EA 00 2E 12 34 01 23 BE 00 00 00 A2,4967,4967,95,4660,2026-07-30 22:55:43.759,291,-22,46,
FF FF FF FF 00 25 08 74 20 01 01 02 00 00 13 67 00 00 13 67 00 00 00 66 FF EC 00 30 12 34 01 24 BD 00 00 00 80,4967,4967,102,4660,2026-07-30 22:55:43.858,292,-20,48,
FF FF FF FF 00 25 08 75 20 01 01 02 00 00 13 67 00 00 13 67 00 00 00 67 FF EE 00 32 12 34 01 25 BC 00 00 00 80,4967,4967,103,4660,2026-07-30 22:55:43.959,293,-18,50,
FF FF FF FF 00 25 08 76 20 01 01 02 00 00 13 67 00 00 13 67 00 00 00 63 FF EF 00 33 12 34 01 26 BB 00 00 00 83,4967,4967,99,4660,2026-07-30 22:55:44.051,294,-17,51,
FF FF FF FF 00 25 08 77 20 01 01 02 00 00 13 67 00 00 13 67 00 00 00 61 FF EF 00 32 12 34 01 27 BB 00 00 00 80,4967,4967,97,4660,2026-07-30 22:55:44.150,295,-17,50,
FF FF FF FF 00 25 08 78 20 01 01 02 00 00 13 67 00 00 13 67 00 00 00 62 FF EE 00 33 12 34 01 28 BB 00 00 00 83,4967,4967,98,4660,2026-07-30 22:55:44.261,296,-18,51,
FF FF FF FF 00 25 08 79 20 01 01 02 00 00 13 67 00 00 13 67 00 00 00 66 FF F0 00 31 12 34 01 29 BB 00 00 00 9B,4967,4967,102,4660,2026-07-30 22:55:44.359,297,-16,49,
FF FF FF FF 00 25 08 7A 20 01 01 02 00 00 13 67 00 00 13 67 00 00 00 66 FF F2 00 2F 12 34 01 2A BB 00 00 00 87,4967,4967,102,4660,2026-07-30 22:55:44.457,298,-14,47,
FF FF FF FF 00 25 08 7B 20 01 01 02 00 00 13 67 00 00 13 67 00 00 00 67 FF F2 00 2E 12 34 01 2B BA 00 00 00 86,4967,4967,103,4660,2026-07-30 22:55:44.551,299,-14,46,
FF FF FF FF 00 25 08 7C 20 01 01 02 00 00 13 67 00 00 13 67 00 00 00 67 FF F2 00 2C 12 34 01 2C BB 00 00 00 85,4967,4967,103,4660,2026-07-30 22:55:44.650,300,-14,44,
FF FF FF FF 00 25 08 7D 20 01 01 02 00 00 13 67 00 00 13 67 00 00 00 68 FF F2 00 2B 12 34 01 2D BB 00 00 00 8D,4967,4967,104,4660,2026-07-30 22:55:44.749,301,-14,43,
FF FF FF FF 00 25 08 7E 20 01 01 02 00 00 13 67 00 00 13 67 00 00 00 68 FF F2 00 2B 12 34 01 2E BA 00 00 00 8C,4967,4967,104,4660,2026-07-30 22:55:44.860,302,-14,43,
FF FF FF FF 00 25 08 7F 20 01 01 02 00 00 13 67 00 00 13 67 00 00 00 6B FF F1 00 2A 12 34 01 2F BB 00 00 00 8C,4967,4967,107,4660,2026-07-30 22:55:44.946,303,-15,42,
FF FF FF FF 00 25 08 80 20 01 01 02 00 00 13 67 00 00 13 67 00 00 00 6B FF F2 00 2A 12 34 01 30 BB 00 00 00 6F,4967,4967,107,4660,2026-07-30 22:55:45.057,304,-14,42,
FF FF FF FF 00 25 08 81 20 01 01 02 00 00 13 67 00 00 13 67 00 00 00 6B FF F2 00 2A 12 34 01 31 BB 00 00 00 6F,4967,4967,107,4660,2026-07-30 22:55:45.156,305,-14,42,
FF FF FF FF 00 25 08 82 20 01 01 02 00 00 13 67 00 00 13 67 00 00 00 6B FF F1 00 2A 12 34 01 32 BB 00 00 00 6C,4967,4967,107,4660,2026-07-30 22:55:45.255,306,-15,42,
FF FF FF FF 00 25 08 83 20 01 01 02 00 00 13 67 00 00 13 67 00 00 00 6F FF F0 00 29 12 34 01 33 BB 00 00 00 6A,4967,4967,111,4660,2026-07-30 22:55:45.353,307,-16,41,
FF FF FF FF 00 25 08 84 20 01 01 02 00 00 13 67 00 00 13 67 00 00 00 6F FF EE 00 2A 12 34 01 34 BB 00 00 00 77,4967,4967,111,4660,2026-07-30 22:55:45.452,308,-18,42,
FF FF FF FF 00 25 08 85 20 01 01 02 00 00 13 67 00 00 13 67 00 00 00 70 FF ED 00 2B 12 34 01 35 BB 00 00 00 6A,4967,4967,112,4660,2026-07-30 22:55:45.550,309,-19,43,
FF FF FF FF 00 25 08 86 20 01 01 02 00 00 13 67 00 00 13 67 00 00 00 70 FF ED 00 2C 12 34 01 36 BA 00 00 00 6C,4967,4967,112,4660,2026-07-30 22:55:45.650,310,-19,44,
FF FF FF FF 00 25 08 87 20 01 01 02 00 00 13 67 00 00 13 67 00 00 00 70 FF ED 00 2B 12 34 01 37 BA 00 00 00 6B,4967,4967,112,4660,2026-07-30 22:55:45.750,311,-19,43,
FF FF FF FF 00 25 08 88 20 01 01 02 00 00 13 67 00 00 13 67 00 00 00 69 FF ED 00 2C 12 34 01 38 BA 00 00 00 75,4967,4967,105,4660,2026-07-30 22:55:45.848,312,-19,44,
FF FF FF FF 00 25 08 89 20 01 01 02 00 00 13 67 00 00 13 67 00 00 00 67 FF ED 00 2D 12 34 01 39 BB 00 00 00 7B,4967,4967,103,4660,2026-07-30 22:55:45.957,313,-19,45,
FF FF FF FF 00 25 08 8A 20 01 01 02 00 00 13 67 00 00 13 67 00 00 00 68 FF ED 00 2D 12 34 01 3A BA 00 00 00 75,4967,4967,104,4660,2026-07-30 22:55:46.056,314,-19,45,
FF FF FF FF 00 25 08 8B 20 01 01 02 00 00 13 67 00 00 13 67 00 00 00 6C FF ED 00 2E 12 34 01 3B BB 00 00 00 73,4967,4967,108,4660,2026-07-30 22:55:46.155,315,-19,46,
FF FF FF FF 00 25 08 8C 20 01 01 02 00 00 13 67 00 00 13 67 00 00 00 71 FF EE 00 2D 12 34 01 3C BB 00 00 00 6E,4967,4967,113,4660,2026-07-30 22:55:46.255,316,-18,45,
FF FF FF FF 00 25 08 8D 20 01 01 02 00 00 13 67 00 00 13 67 00 00 00 6D FF EE 00 2D 12 34 01 3D BC 00 00 00 75,4967,4967,109,4660,2026-07-30 22:55:46.352,317,-18,45,
FF FF FF FF 00 25 08 8E 20 01 01 02 00 00 13 67 00 00 13 67 00 00 00 6A FF EC 00 2E 12 34 01 3E BD 00 00 00 72,4967,4967,106,4660,2026-07-30 22:55:46.451,318,-20,46,
FF FF FF FF 00 25 08 8F 20 01 01 02 00 00 13 67 00 00 13 67 00 00 00 68 FF EA 00 2D 12 34 01 3F BA 00 00 00 72,4967,4967,104,4660,2026-07-30 22:55:46.559,319,-22,45,
FF FF FF FF 00 25 08 90 20 01 01 02 00 00 13 67 00 00 13 67 00 00 00 68 FF EB 00 2C 12 34 01 40 BB 00 00 00 13,4967,4967,104,4660,2026-07-30 22:55:46.658,320,-21,44,
FF FF FF FF 00 25 08 91 20 01 01 02 00 00 13 67 00 00 13 67 00 00 00 6A FF EB 00 2B 12 34 01 41 BB 00 00 00 16,4967,4967,106,4660,2026-07-30 22:55:46.756,321,-21,43,
FF FF FF FF 00 25 08 92 20 01 01 02 00 00 13 67 00 00 13 67 00 00 00 6D FF EC 00 2B 12 34 01 42 BC 00 00 00 11,4967,4967,109,4660,2026-07-30 22:55:46.854,322,-20,43,
FF FF FF FF 00 25 08 93 20 01 01 02 00 00 13 67 00 00 13 67 00 00 00 6F FF EC 00 2B 12 34 01 43 BC 00 00 00 13,4967,4967,111,4660,2026-07-30 22:55:46.953,323,-20,43,
FF FF FF FF 00 25 08 94 20 01 01 02 00 00 13 67 00 00 13 67 00 00 00 70 FF EC 00 2B 12 34 01 44 BA 00 00 00 0A,4967,4967,112,4660,2026-07-30 22:55:47.059,324,-20,43,
FF FF FF FF 00 25 08 95 20 01 01 02 00 00 13 67 00 00 13 67 00 00 00 70 FF EC 00 2B 12 34 01 45 BA 00 00 00 0A,4967,4967,112,4660,2026-07-30 22:55:47.147,325,-20,43,
FF FF FF FF 00 25 08 96 20 01 01 02 00 00 13 67 00 00 13 67 00 00 00 72 FF EB 00 2A 12 34 01 46 BA 00 00 00 0E,4967,4967,114,4660,2026-07-30 22:55:47.246,326,-21,42,
FF FF FF FF 00 25 08 97 20 01 01 02 00 00 13 67 00 00 13 67 00 00 00 73 FF EB 00 29 12 34 01 47 BB 00 00 00 0D,4967,4967,115,4660,2026-07-30 22:55:47.358,327,-21,41,
FF FF FF FF 00 25 08 98 20 01 01 02 00 00 13 67 00 00 13 67 00 00 00 76 FF EB 00 28 12 34 01 48 BC 00 00 00 0E,4967,4967,118,4660,2026-07-30 22:55:47.456,328,-21,40,
FF FF FF FF 00 25 08 99 20 01 01 02 00 00 13 67 00 00 13 67 00 00 00 74 FF EA 00 28 12 34 01 49 BC 00 00 00 0D,4967,4967,116,4660,2026-07-30 22:55:47.546,329,-22,40,
FF FF FF FF 00 25 08 9A 20 01 01 02 00 00 13 67 00 00 13 67 00 00 00 75 FF E8 00 28 12 34 01 4A BD 00 00 00 0F,4967,4967,117,4660,2026-07-30 22:55:47.657,330,-24,40,
FF FF FF FF 00 25 08 9B 20 01 01 02 00 00 13 67 00 00 13 67 00 00 00 70 FF E9 00 29 12 34 01 4B BC 00 00 00 0B,4967,4967,112,4660,2026-07-30 22:55:47.757,331,-23,41,
FF FF FF FF 00 25 08 9C 20 01 01 02 00 00 13 67 00 00 13 67 00 00 00 71 FF E9 00 2A 12 34 01 4C BC 00 00 00 09,4967,4967,113,4660,2026-07-30 22:55:47.856,332,-23,42,
FF FF FF FF 00 25 08 9D 20 01 01 02 00 00 13 67 00 00 13 67 00 00 00 70 FF E9 00 2B 12 34 01 4D BC 00 00 00 09,4967,4967,112,4660,2026-07-30 22:55:47.957,333,-23,43,
FF FF FF FF 00 25 08 9E 20 01 01 02 00 00 13 67 00 00 13 67 00 00 00 70 FF E9 00 2C 12 34 01 4E BC 00 00 00 0E,4967,4967,112,4660,2026-07-30 22:55:48.057,334,-23,44,
FF FF FF FF 00 25 08 9F 20 01 01 02 00 00 13 67 00 00 13 67 00 00 00 6C FF E9 00 2C 12 34 01 4F BB 00 00 00 15,4967,4967,108,4660,2026-07-30 22:55:48.157,335,-23,44,
FF FF FF FF 00 25 08 A0 20 01 01 02 00 00 13 67 00 00 13 67 00 00 00 6C FF E9 00 2C 12 34 01 50 BA 00 00 00 34,4967,4967,108,4660,2026-07-30 22:55:48.255,336,-23,44,
FF FF FF FF 00 25 08 A1 20 01 01 02 00 00 13 67 00 00 13 67 00 00 00 6F FF E8 00 2C 12 34 01 51 BC 00 00 00 30,4967,4967,111,4660,2026-07-30 22:55:48.354,337,-24,44,
FF FF FF FF 00 25 08 A2 20 01 01 02 00 00 13 67 00 00 13 67 00 00 00 6D FF E8 00 2C 12 34 01 52 BB 00 00 00 35,4967,4967,109,4660,2026-07-30 22:55:48.453,338,-24,44,
FF FF FF FF 00 25 08 A3 20 01 01 02 00 00 13 67 00 00 13 67 00 00 00 70 FF E5 00 2B 12 34 01 53 BC 00 00 00 25,4967,4967,112,4660,2026-07-30 22:55:48.551,339,-27,43,
FF FF FF FF 00 25 08 A4 20 01 01 02 00 00 13 67 00 00 13 67 00 00 00 6D FF E6 00 2C 12 34 01 54 BA 00 00 00 3A,4967,4967,109,4660,2026-07-30 22:55:48.650,340,-26,44,
FF FF FF FF 00 25 08 A5 20 01 01 02 00 00 13 67 00 00 13 67 00 00 00 6E FF E5 00 2B 12 34 01 55 BB 00 00 00 3C,4967,4967,110,4660,2026-07-30 22:55:48.751,341,-27,43,
FF FF FF FF 00 25 08 A6 20 01 01 02 00 00 13 67 00 00 13 67 00 00 00 6F FF E5 00 2B 12 34 01 56 BB 00 00 00 3D,4967,4967,111,4660,2026-07-30 22:55:48.851,342,-27,43,
FF FF FF FF 00 25 08 A7 20 01 01 02 00 00 13 67 00 00 13 67 00 00 00 6E FF E6 00 2C 12 34 01 57 BA 00 00 00 39,4967,4967,110,4660,2026-07-30 22:55:48.950,343,-26,44,
FF FF FF FF 00 25 08 A8 20 01 01 02 00 00 13 67 00 00 13 67 00 00 00 6D FF E6 00 2D 12 34 01 58 BB 00 00 00 3A,4967,4967,109,4660,2026-07-30 22:55:49.058,344,-26,45,
FF FF FF FF 00 25 08 A9 20 01 01 02 00 00 13 67 00 00 13 67 00 00 00 6C FF E6 00 2C 12 34 01 59 BB 00 00 00 3A,4967,4967,108,4660,2026-07-30 22:55:49.161,345,-26,44,
FF FF FF FF 00 25 08 AA 20 01 01 02 00 00 13 67 00 00 13 67 00 00 00 69 FF E6 00 2C 12 34 01 5A BA 00 00 00 3E,4967,4967,105,4660,2026-07-30 22:55:49.249,346,-26,44,
FF FF FF FF 00 25 08 AB 20 01 01 02 00 00 13 67 00 00 13 67 00 00 00 6B FF E5 00 2C 12 34 01 5B BB 00 00 00 3E,4967,4967,107,4660,2026-07-30 22:55:49.351,347,-27,44,
FF FF FF FF 00 25 08 AC 20 01 01 02 00 00 13 67 00 00 13 67 00 00 00 6C FF E6 00 2C 12 34 01 5C BA 00 00 00 3B,4967,4967,108,4660,2026-07-30 22:55:49.452,348,-26,44,
FF FF FF FF 00 25 08 AD 20 01 01 02 00 00 13 67 00 00 13 67 00 00 00 6D FF E6 00 2C 12 34 01 5D BA 00 00 00 3A,4967,4967,109,4660,2026-07-30 22:55:49.561,349,-26,44,
FF FF FF FF 00 25 08 AE 20 01 01 02 00 00 13 67 00 00 13 67 00 00 00 6D FF E6 00 2C 12 34 01 5E BB 00 00 00 3B,4967,4967,109,4660,2026-07-30 22:55:49.650,350,-26,44,
FF FF FF FF 00 25 08 AF 20 01 01 02 00 00 13 67 00 00 13 67 00 00 00 6A FF E6 00 2D 12 34 01 5F B9 00 00 00 3F,4967,4967,106,4660,2026-07-30 22:55:49.750,351,-26,45,
FF FF FF FF 00 25 08 B0 20 01 01 02 00 00 13 67 00 00 13 67 00 00 00 69 FF E6 00 2D 12 34 01 60 BD 00 00 00 18,4967,4967,105,4660,2026-07-30 22:55:49.861,352,-26,45,
FF FF FF FF 00 25 08 B1 20 01 01 02 00 00 13 67 00 00 13 67 00 00 00 69 FF E6 00 2D 12 34 01 61 BA 00 00 00 1F,4967,4967,105,4660,2026-07-30 22:55:49.959,353,-26,45,
FF FF FF FF 00 25 08 B2 20 01 01 02 00 00 13 67 00 00 13 67 00 00 00 68 FF E6 00 2E 12 34 01 62 BB 00 00 00 1C,4967,4967,104,4660,2026-07-30 22:55:50.051,354,-26,46,
FF FF FF FF 00 25 08 B3 20 01 01 02 00 00 13 67 00 00 13 67 00 00 00 69 FF E5 00 2E 12 34 01 63 BB 00 00 00 1E,4967,4967,105,4660,2026-07-30 22:55:50.155,355,-27,46,
FF FF FF FF 00 25 08 B4 20 01 01 02 00 00 13 67 00 00 13 67 00 00 00 6A FF E5 00 2E 12 34 01 64 BB 00 00 00 1D,4967,4967,106,4660,2026-07-30 22:55:50.255,356,-27,46,
FF FF FF FF 00 25 08 B5 20 01 01 02 00 00 13 67 00 00 13 67 00 00 00 6A FF E6 00 2E 12 34 01 65 BA 00 00 00 1F,4967,4967,106,4660,2026-07-30 22:55:50.355,357,-26,46,
FF FF FF FF 00 25 08 B6 20 01 01 02 00 00 13 67 00 00 13 67 00 00 00 6A FF E6 00 2E 12 34 01 66 BA 00 00 00 1F,4967,4967,106,4660,2026-07-30 22:55:50.454,358,-26,46,
FF FF FF FF 00 25 08 B7 20 01 01 02 00 00 13 67 00 00 13 67 00 00 00 6B FF E5 00 2E 12 34 01 67 BA 00 00 00 1D,4967,4967,107,4660,2026-07-30 22:55:50.560,359,-27,46,
FF FF FF FF 00 25 08 B8 20 01 01 02 00 00 13 67 00 00 13 67 00 00 00 6A FF E6 00 2E 12 34 01 68 BA 00 00 00 1F,4967,4967,106,4660,2026-07-30 22:55:50.651,360,-26,46,
FF FF FF FF 00 25 08 B9 20 01 01 02 00 00 13 67 00 00 13 67 00 00 00 69 FF E6 00 2E 12 34 01 69 B9 00 00 00 1F,4967,4967,105,4660,2026-07-30 22:55:50.761,361,-26,46,
FF FF FF FF 00 25 08 BA 20 01 01 02 00 00 13 67 00 00 13 67 00 00 00 6A FF E5 00 2D 12 34 01 6A BA 00 00 00 1F,4967,4967,106,4660,2026-07-30 22:55:50.860,362,-27,45,
FF FF FF FF 00 25 08 BB 20 01 01 02 00 00 13 67 00 00 13 67 00 00 00 6C FF E4 00 2E 12 34 01 6B BB 00 00 00 1A,4967,4967,108,4660,2026-07-30 22:55:50.947,363,-28,46,
FF FF FF FF 00 25 08 BC 20 01 01 02 00 00 13 67 00 00 13 67 00 00 00 6F FF E3 00 2E 12 34 01 6C BB 00 00 00 1E,4967,4967,111,4660,2026-07-30 22:55:51.065,364,-29,46,
FF FF FF FF 00 25 08 BD 20 01 01 02 00 00 13 67 00 00 13 67 00 00 00 6E FF E3 00 2E 12 34 01 6D BC 00 00 00 18,4967,4967,110,4660,2026-07-30 22:55:51.146,365,-29,46,
FF FF FF FF 00 25 08 BE 20 01 01 02 00 00 13 67 00 00 13 67 00 00 00 6F FF E4 00 2D 12 34 01 6E BE 00 00 00 1F,4967,4967,111,4660,2026-07-30 22:55:51.258,366,-28,45,
FF FF FF FF 00 25 08 BF 20 01 01 02 00 00 13 67 00 00 13 67 00 00 00 70 FF E4 00 2B 12 34 01 6F BC 00 00 00 04,4967,4967,112,4660,2026-07-30 22:55:51.357,367,-28,43,
FF FF FF FF 00 25 08 C0 20 01 01 02 00 00 13 67 00 00 13 67 00 00 00 6F FF E5 00 2B 12 34 01 70 BD 00 00 00 7B,4967,4967,111,4660,2026-07-30 22:55:51.457,368,-27,43,
FF FF FF FF 00 25 08 C1 20 01 01 02 00 00 13 67 00 00 13 67 00 00 00 73 FF E6 00 2B 12 34 01 71 BC 00 00 00 65,4967,4967,115,4660,2026-07-30 22:55:51.558,369,-26,43,
FF FF FF FF 00 25 08 C2 20 01 01 02 00 00 13 67 00 00 13 67 00 00 00 6E FF E7 00 2B 12 34 01 72 BE 00 00 00 7B,4967,4967,110,4660,2026-07-30 22:55:51.651,370,-25,43,
FF FF FF FF 00 25 08 C3 20 01 01 02 00 00 13 67 00 00 13 67 00 00 00 6B FF E7 00 2B 12 34 01 73 BB 00 00 00 7B,4967,4967,107,4660,2026-07-30 22:55:51.750,371,-25,43,
FF FF FF FF 00 25 08 C4 20 01 01 02 00 00 13 67 00 00 13 67 00 00 00 6A FF E7 00 2A 12 34 01 74 BE 00 00 00 7E,4967,4967,106,4660,2026-07-30 22:55:51.850,372,-25,42,
FF FF FF FF 00 25 08 C5 20 01 01 02 00 00 13 67 00 00 13 67 00 00 00 6A FF E7 00 2A 12 34 01 75 BC 00 00 00 7C,4967,4967,106,4660,2026-07-30 22:55:51.949,373,-25,42,
FF FF FF FF 00 25 08 C6 20 01 01 02 00 00 13 67 00 00 13 67 00 00 00 6C FF E6 00 2A 12 34 01 76 BB 00 00 00 7C,4967,4967,108,4660,2026-07-30 22:55:52.050,374,-26,42,
FF FF FF FF 00 25 08 C7 20 01 01 02 00 00 13 67 00 00 13 67 00 00 00 6E FF E6 00 2A 12 34 01 77 BA 00 00 00 7F,4967,4967,110,4660,2026-07-30 22:55:52.151,375,-26,42,
FF FF FF FF 00 25 08 C8 20 01 01 02 00 00 13 67 00 00 13 67 00 00 00 6E FF E6 00 2A 12 34 01 78 BC 00 00 00 79,4967,4967,110,4660,2026-07-30 22:55:52.251,376,-26,42,
FF FF FF FF 00 25 08 C9 20 01 01 02 00 00 13 67 00 00 13 67 00 00 00 6D FF E6 00 2B 12 34 01 79 BE 00 00 00 79,4967,4967,109,4660,2026-07-30 22:55:52.350,377,-26,43,
FF FF FF FF 00 25 08 CA 20 01 01 02 00 00 13 67 00 00 13 67 00 00 00 72 FF E6 00 2B 12 34 01 7A C2 00 00 00 1A,4967,4967,114,4660,2026-07-30 22:55:52.461,378,-26,43,
FF FF FF FF 00 25 08 CB 20 01 01 02 00 00 13 67 00 00 13 67 00 00 00 6F FF E6 00 2C 12 34 01 7B BB 00 00 00 79,4967,4967,111,4660,2026-07-30 22:55:52.550,379,-26,44,
FF FF FF FF 00 25 08 CC 20 01 01 02 00 00 13 67 00 00 13 67 00 00 00 6E FF E6 00 2C 12 34 01 7C BC 00 00 00 7F,4967,4967,110,4660,2026-07-30 22:55:52.649,380,-26,44,
FF FF FF FF 00 25 08 CD 20 01 01 02 00 00 13 67 00 00 13 67 00 00 00 6B FF E6 00 2D 12 34 01 7D BC 00 00 00 7B,4967,4967,107,4660,2026-07-30 22:55:52.747,381,-26,45,
FF FF FF FF 00 25 08 CE 20 01 01 02 00 00 13 67 00 00 13 67 00 00 00 6A FF E6 00 2D 12 34 01 7E BC 00 00 00 7A,4967,4967,106,4660,2026-07-30 22:55:52.857,382,-26,45,
FF FF FF FF 00 25 08 CF 20 01 01 02 00 00 13 67 00 00 13 67 00 00 00 6C FF E6 00 2E 12 34 01 7F BC 00 00 00 7F,4967,4967,108,4660,2026-07-30 22:55:52.955,383,-26,46,
FF FF FF FF 00 25 08 D0 20 01 01 02 00 00 13 67 00 00 13 67 00 00 00 6A FF E5 00 2E 12 34 01 80 BC 00 00 00 9A,4967,4967,106,4660,2026-07-30 22:55:53.052,384,-27,46,
FF FF FF FF 00 25 08 D1 20 01 01 02 00 00 13 67 00 00 13 67 00 00 00 69 FF E5 00 30 12 34 01 81 BB 00 00 00 80,4967,4967,105,4660,2026-07-30 22:55:53.161,385,-27,48,
FF FF FF FF 00 25 08 D2 20 01 01 02 00 00 13 67 00 00 13 67 00 00 00 69 FF E6 00 30 12 34 01 82 BD 00 00 00 85,4967,4967,105,4660,2026-07-30 22:55:53.259,386,-26,48,
FF FF FF FF 00 25 08 D3 20 01 01 02 00 00 13 67 00 00 13 67 00 00 00 6D FF E5 00 2F 12 34 01 83 BE 00 00 00 9E,4967,4967,109,4660,2026-07-30 22:55:53.357,387,-27,47,
FF FF FF FF 00 25 08 D4 20 01 01 02 00 00 13 67 00 00 13 67 00 00 00 6D FF E5 00 2F 12 34 01 84 BC 00 00 00 9C,4967,4967,109,4660,2026-07-30 22:55:53.455,388,-27,47,
FF FF FF FF 00 25 08 D5 20 01 01 02 00 00 13 67 00 00 13 67 00 00 00 6D FF E4 00 2F 12 34 01 85 BC 00 00 00 9D,4967,4967,109,4660,2026-07-30 22:55:53.553,389,-28,47,
FF FF FF FF 00 25 08 D6 20 01 01 02 00 00 13 67 00 00 13 67 00 00 00 6C FF E3 00 2F 12 34 01 86 BC 00 00 00 9B,4967,4967,108,4660,2026-07-30 22:55:53.653,390,-29,47,
FF FF FF FF 00 25 08 D7 20 01 01 02 00 00 13 67 00 00 13 67 00 00 00 6D FF E5 00 30 12 34 01 87 BB 00 00 00 84,4967,4967,109,4660,2026-07-30 22:55:53.753,391,-27,48,
FF FF FF FF 00 25 08 D8 20 01 01 02 00 00 13 67 00 00 13 67 00 00 00 6A FF E6 00 30 12 34 01 88 BB 00 00 00 80,4967,4967,106,4660,2026-07-30 22:55:53.855,392,-26,48,
FF FF FF FF 00 25 08 D9 20 01 01 02 00 00 13 67 00 00 13 67 00 00 00 68 FF E5 00 2F 12 34 01 89 BC 00 00 00 99,4967,4967,104,4660,2026-07-30 22:55:53.956,393,-27,47,
FF FF FF FF 00 25 08 DA 20 01 01 02 00 00 13 67 00 00 13 67 00 00 00 66 FF E4 00 2F 12 34 01 8A BD 00 00 00 97,4967,4967,102,4660,2026-07-30 22:55:54.059,394,-28,47,
FF FF FF FF 00 25 08 DB 20 01 01 02 00 00 13 67 00 00 13 67 00 00 00 64 FF E4 00 2E 12 34 01 8B BB 00 00 00 92,4967,4967,100,4660,2026-07-30 22:55:54.156,395,-28,46,
FF FF FF FF 00 25 08 DC 20 01 01 02 00 00 13 67 00 00 13 67 00 00 00 63 FF E4 00 2E 12 34 01 8C BB 00 00 00 95,4967,4967,99,4660,2026-07-30 22:55:54.250,396,-28,46,
FF FF FF FF 00 25 08 DD 20 01 01 02 00 00 13 67 00 00 13 67 00 00 00 63 FF E5 00 2D 12 34 01 8D BA 00 00 00 96,4967,4967,99,4660,2026-07-30 22:55:54.359,397,-27,45,
FF FF FF FF 00 25 08 DE 20 01 01 02 00 00 13 67 00 00 13 67 00 00 00 64 FF E5 00 2D 12 34 01 8E BA 00 00 00 91,4967,4967,100,4660,2026-07-30 22:55:54.451,398,-27,45,
FF FF FF FF 00 25 08 DF 20 01 01 02 00 00 13 67 00 00 13 67 00 00 00 67 FF E6 00 2E 12 34 01 8F BA 00 00 00 92,4967,4967,103,4660,2026-07-30 22:55:54.550,399,-26,46,
FF FF FF FF 00 25 08 E0 20 01 01 02 00 00 13 67 00 00 13 67 00 00 00 6A FF E6 00 2F 12 34 01 90 BA 00 00 00 BE,4967,4967,106,4660,2026-07-30 22:55:54.651,400,-26,47,
FF FF FF FF 00 25 08 E1 20 01 01 02 00 00 13 67 00 00 13 67 00 00 00 6A FF E6 00 2D 12 34 01 91 B9 00 00 00 BF,4967,4967,106,4660,2026-07-30 22:55:54.751,401,-26,45,
FF FF FF FF 00 25 08 E2 20 01 01 02 00 00 13 67 00 00 13 67 00 00 00 69 FF E6 00 2D 12 34 01 92 BA 00 00 00 BF,4967,4967,105,4660,2026-07-30 22:55:54.849,402,-26,45,
FF FF FF FF 00 25 08 E3 20 01 01 02 00 00 13 67 00 00 13 67 00 00 00 69 FF E5 00 2D 12 34 01 93 BA 00 00 00 BC,4967,4967,105,4660,2026-07-30 22:55:54.962,403,-27,45,
FF FF FF FF 00 25 08 E4 20 01 01 02 00 00 13 67 00 00 13 67 00 00 00 67 FF E5 00 2C 12 34 01 94 BA 00 00 00 B3,4967,4967,103,4660,2026-07-30 22:55:55.063,404,-27,44,
FF FF FF FF 00 25 08 E5 20 01 01 02 00 00 13 67 00 00 13 67 00 00 00 67 FF E5 00 2C 12 34 01 95 BA 00 00 00 B3,4967,4967,103,4660,2026-07-30 22:55:55.158,405,-27,44,
FF FF FF FF 00 25 08 E6 20 01 01 02 00 00 13 67 00 00 13 67 00 00 00 67 FF E5 00 2B 12 34 01 96 BA 00 00 00 B4,4967,4967,103,4660,2026-07-30 22:55:55.255,406,-27,43,
FF FF FF FF 00 25 08 E7 20 01 01 02 00 00 13 67 00 00 13 67 00 00 00 69 FF E5 00 2B 12 34 01 97 BA 00 00 00 BA,4967,4967,105,4660,2026-07-30 22:55:55.353,407,-27,43,
FF FF FF FF 00 25 08 E8 20 01 01 02 00 00 13 67 00 00 13 67 00 00 00 6A FF E6 00 2A 12 34 01 98 BA 00 00 00 BB,4967,4967,106,4660,2026-07-30 22:55:55.451,408,-26,42,
FF FF FF FF 00 25 08 E9 20 01 01 02 00 00 13 67 00 00 13 67 00 00 00 6C FF E6 00 2A 12 34 01 99 BB 00 00 00 BC,4967,4967,108,4660,2026-07-30 22:55:55.549,409,-26,42,
FF FF FF FF 00 25 08 EA 20 01 01 02 00 00 13 67 00 00 13 67 00 00 00 6A FF E6 00 2A 12 34 01 9A BA 00 00 00 BB,4967,4967,106,4660,2026-07-30 22:55:55.654,410,-26,42,
FF FF FF FF 00 25 08 EB 20 01 01 02 00 00 13 67 00 00 13 67 00 00 00 6B FF E6 00 2A 12 34 01 9B BB 00 00 00 BB,4967,4967,107,4660,2026-07-30 22:55:55.753,411,-26,42,
FF FF FF FF 00 25 08 EC 20 01 01 02 00 00 13 67 00 00 13 67 00 00 00 6B FF E7 00 2A 12 34 01 9C BA 00 00 00 BB,4967,4967,107,4660,2026-07-30 22:55:55.852,412,-25,42,
FF FF FF FF 00 25 08 ED 20 01 01 02 00 00 13 67 00 00 13 67 00 00 00 6A FF E7 00 2A 12 34 01 9D BB 00 00 00 BB,4967,4967,106,4660,2026-07-30 22:55:55.951,413,-25,42,
FF FF FF FF 00 25 08 EE 20 01 01 02 00 00 13 67 00 00 13 67 00 00 00 6B FF E8 00 29 12 34 01 9E BB 00 00 00 B6,4967,4967,107,4660,2026-07-30 22:55:56.050,414,-24,41,
FF FF FF FF 00 25 08 EF 20 01 01 02 00 00 13 67 00 00 13 67 00 00 00 6D FF E9 00 27 12 34 01 9F BB 00 00 00 BF,4967,4967,109,4660,2026-07-30 22:55:56.156,415,-23,39,
FF FF FF FF 00 25 08 F0 20 01 01 02 00 00 13 67 00 00 13 67 00 00 00 71 FF E9 00 16 12 34 01 A0 BB 00 00 00 B2,4967,4967,113,4660,2026-07-30 22:55:56.254,416,-23,22,
FF FF FF FF 00 25 08 F1 20 01 01 02 00 00 13 67 00 00 13 67 00 00 00 71 FF E9 00 1B 12 34 01 A1 BB 00 00 00 BF,4967,4967,113,4660,2026-07-30 22:55:56.353,417,-23,27,
FF FF FF FF 00 25 08 F2 20 01 01 02 00 00 13 67 00 00 13 67 00 00 00 73 FF E9 00 1E 12 34 01 A2 BA 00 00 00 B9,4967,4967,115,4660,2026-07-30 22:55:56.453,418,-23,30,
FF FF FF FF 00 25 08 F3 20 01 01 02 00 00 13 67 00 00 13 67 00 00 00 73 FF E9 00 1E 12 34 01 A3 BB 00 00 00 B8,4967,4967,115,4660,2026-07-30 22:55:56.551,419,-23,30,
FF FF FF FF 00 25 08 F4 20 01 01 02 00 00 13 67 00 00 13 67 00 00 00 6F FF E8 00 21 12 34 01 A4 BA 00 00 00 9B,4967,4967,111,4660,2026-07-30 22:55:56.657,420,-24,33,
FF FF FF FF 00 25 08 F5 20 01 01 02 00 00 13 67 00 00 13 67 00 00 00 70 FF E7 00 22 12 34 01 A5 BA 00 00 00 88,4967,4967,112,4660,2026-07-30 22:55:56.759,421,-25,34,
FF FF FF FF 00 25 08 F6 20 01 01 02 00 00 13 67 00 00 13 67 00 00 00 70 FF E6 00 24 12 34 01 A6 BA 00 00 00 8F,4967,4967,112,4660,2026-07-30 22:55:56.858,422,-26,36,
FF FF FF FF 00 25 08 F7 20 01 01 02 00 00 13 67 00 00 13 67 00 00 00 6C FF E6 00 25 12 34 01 A7 B9 00 00 00 91,4967,4967,108,4660,2026-07-30 22:55:56.956,423,-26,37,
FF FF FF FF 00 25 08 F8 20 01 01 02 00 00 13 67 00 00 13 67 00 00 00 6C FF E5 00 25 12 34 01 A8 BA 00 00 00 91,4967,4967,108,4660,2026-07-30 22:55:57.054,424,-27,37,
FF FF FF FF 00 25 08 F9 20 01 01 02 00 00 13 67 00 00 13 67 00 00 00 6F FF E5 00 26 12 34 01 A9 BB 00 00 00 90,4967,4967,111,4660,2026-07-30 22:55:57.153,425,-27,38,
FF FF FF FF 00 25 08 FA 20 01 01 02 00 00 13 67 00 00 13 67 00 00 00 70 FF E4 00 27 12 34 01 AA BA 00 00 00 8E,4967,4967,112,4660,2026-07-30 22:55:57.257,426,-28,39,
FF FF FF FF 00 25 08 FB 20 01 01 02 00 00 13 67 00 00 13 67 00 00 00 6E FF E4 00 27 12 34 01 AB BB 00 00 00 91,4967,4967,110,4660,2026-07-30 22:55:57.356,427,-28,39,
FF FF FF FF 00 25 08 FC 20 01 01 02 00 00 13 67 00 00 13 67 00 00 00 6F FF E4 00 27 12 34 01 AC BA 00 00 00 91,4967,4967,111,4660,2026-07-30 22:55:57.456,428,-28,39,
FF FF FF FF 00 25 08 FD 20 01 01 02 00 00 13 67 00 00 13 67 00 00 00 70 FF E4 00 28 12 34 01 AD BA 00 00 00 81,4967,4967,112,4660,2026-07-30 22:55:57.555,429,-28,40,
FF FF FF FF 00 25 08 FE 20 01 01 02 00 00 13 67 00 00 13 67 00 00 00 73 FF E4 00 29 12 34 01 AE BA 00 00 00 83,4967,4967,115,4660,2026-07-30 22:55:57.659,430,-28,41,
FF FF FF FF 00 25 08 FF 20 01 01 02 00 00 13 67 00 00 13 67 00 00 00 6C FF E4 00 29 12 34 01 AF BB 00 00 00 9D,4967,4967,108,4660,2026-07-30 22:55:57.752,431,-28,41,
FF FF FF FF 00 25 09 00 20 01 01 02 00 00 13 67 00 00 13 67 00 00 00 70 FF E3 00 2A 12 34 01 B0 BB 00 00 00 64,4967,4967,112,4660,2026-07-30 22:55:57.852,432,-29,42,
FF FF FF FF 00 25 09 01 20 01 01 02 00 00 13 67 00 00 13 67 00 00 00 70 FF E3 00 2A 12 34 01 B1 BB 00 00 00 64,4967,4967,112,4660,2026-07-30 22:55:57.951,433,-29,42,
FF FF FF FF 00 25 09 02 20 01 01 02 00 00 13 67 00 00 13 67 00 00 00 62 FF E4 00 2A 12 34 01 B2 BB 00 00 00 71,4967,4967,98,4660,2026-07-30 22:55:58.050,434,-28,42,
FF FF FF FF 00 25 09 03 20 01 01 02 00 00 13 67 00 00 13 67 00 00 00 66 FF E4 00 2A 12 34 01 B3 BB 00 00 00 75,4967,4967,102,4660,2026-07-30 22:55:58.154,435,-28,42,
FF FF FF FF 00 25 09 04 20 01 01 02 00 00 13 67 00 00 13 67 00 00 00 64 FF E5 00 2B 12 34 01 B4 BB 00 00 00 77,4967,4967,100,4660,2026-07-30 22:55:58.260,436,-27,43,
FF FF FF FF 00 25 09 05 20 01 01 02 00 00 13 67 00 00 13 67 00 00 00 67 FF E5 00 2B 12 34 01 B5 BB 00 00 00 74,4967,4967,103,4660,2026-07-30 22:55:58.346,437,-27,43,
FF FF FF FF 00 25 09 06 20 01 01 02 00 00 13 67 00 00 13 67 00 00 00 6B FF E6 00 2A 12 34 01 B6 BD 00 00 00 7C,4967,4967,107,4660,2026-07-30 22:55:58.458,438,-26,42,
FF FF FF FF 00 25 09 07 20 01 01 02 00 00 13 67 00 00 13 67 00 00 00 6B FF E6 00 2A 12 34 01 B7 BC 00 00 00 7D,4967,4967,107,4660,2026-07-30 22:55:58.556,439,-26,42,
FF FF FF FF 00 25 09 08 20 01 01 02 00 00 13 67 00 00 13 67 00 00 00 6A FF E6 00 2C 12 34 01 B8 BC 00 00 00 7A,4967,4967,106,4660,2026-07-30 22:55:58.658,440,-26,44,
FF FF FF FF 00 25 09 09 20 01 01 02 00 00 13 67 00 00 13 67 00 00 00 73 FF E5 00 29 12 34 01 B9 BC 00 00 00 65,4967,4967,115,4660,2026-07-30 22:55:58.750,441,-27,41,
FF FF FF FF 00 25 09 0A 20 01 01 02 00 00 13 67 00 00 13 67 00 00 00 77 FF DD 00 2D 12 34 01 BA BC 00 00 00 5D,4967,4967,119,4660,2026-07-30 22:55:58.849,442,-35,45,
FF FF FF FF 00 25 09 0B 20 01 01 02 00 00 13 67 00 00 13 67 00 00 00 7C FF DE 00 29 12 34 01 BB BC 00 00 00 51,4967,4967,124,4660,2026-07-30 22:55:58.948,443,-34,41,
FF FF FF FF 00 25 09 0C 20 01 01 02 00 00 13 67 00 00 13 67 00 00 00 7A FF CF 00 17 12 34 01 BC BC 00 00 00 78,4967,4967,122,4660,2026-07-30 22:55:59.048,444,-49,23,
FF FF FF FF 00 25 09 0D 20 01 01 02 00 00 13 67 00 00 13 67 00 00 00 73 FF D6 00 1E 12 34 01 BD BB 00 00 00 66,4967,4967,115,4660,2026-07-30 22:55:59.162,445,-42,30,
FF FF FF FF 00 25 09 0E 20 01 01 02 00 00 13 67 00 00 13 67 00 00 00 73 FF DA 00 22 12 34 01 BE BA 00 00 00 57,4967,4967,115,4660,2026-07-30 22:55:59.257,446,-38,34,
FF FF FF FF 00 25 09 0F 20 01 01 02 00 00 13 67 00 00 13 67 00 00 00 6C FF DF 00 24 12 34 01 BF B5 00 00 00 44,4967,4967,108,4660,2026-07-30 22:55:59.355,447,-33,36,
FF FF FF FF 00 25 09 10 20 01 01 02 00 00 13 67 00 00 13 67 00 00 00 6D FF E1 00 25 12 34 01 C0 BB 00 00 00 14,4967,4967,109,4660,2026-07-30 22:55:59.455,448,-31,37,
FF FF FF FF 00 25 09 11 20 01 01 02 00 00 13 67 00 00 13 67 00 00 00 71 FF E1 00 27 12 34 01 C1 BA 00 00 00 0B,4967,4967,113,4660,2026-07-30 22:55:59.554,449,-31,39,
FF FF FF FF 00 25 09 12 20 01 01 02 00 00 13 67 00 00 13 67 00 00 00 6C FF E2 00 2A 12 34 01 C2 B9 00 00 00 1B,4967,4967,108,4660,2026-07-30 22:55:59.653,450,-30,42,
FF FF FF FF 00 25 09 13 20 01 01 02 00 00 13 67 00 00 13 67 00 00 00 67 FF E2 00 2B 12 34 01 C3 B9 00 00 00 11,4967,4967,103,4660,2026-07-30 22:55:59.751,451,-30,43,
FF FF FF FF 00 25 09 14 20 01 01 02 00 00 13 67 00 00 13 67 00 00 00 69 FF E3 00 2C 12 34 01 C4 BA 00 00 00 1A,4967,4967,105,4660,2026-07-30 22:55:59.852,452,-29,44,
FF FF FF FF 00 25 09 15 20 01 01 02 00 00 13 67 00 00 13 67 00 00 00 67 FF E5 00 2B 12 34 01 C5 BC 00 00 00 13,4967,4967,103,4660,2026-07-30 22:55:59.950,453,-27,43,
FF FF FF FF 00 25 09 16 20 01 01 02 00 00 13 67 00 00 13 67 00 00 00 66 FF E9 00 28 12 34 01 C6 BD 00 00 00 1C,4967,4967,102,4660,2026-07-30 22:56:00.050,454,-23,40,
FF FF FF FF 00 25 09 17 20 01 01 02 00 00 13 67 00 00 13 67 00 00 00 6A FF E9 00 28 12 34 01 C7 BB 00 00 00 16,4967,4967,106,4660,2026-07-30 22:56:00.149,455,-23,40,
FF FF FF FF 00 25 09 18 20 01 01 02 00 00 13 67 00 00 13 67 00 00 00 6D FF E9 00 28 12 34 01 C8 BB 00 00 00 11,4967,4967,109,4660,2026-07-30 22:56:00.255,456,-23,40,
FF FF FF FF 00 25 09 19 20 01 01 02 00 00 13 67 00 00 13 67 00 00 00 71 FF E8 00 28 12 34 01 C9 BB 00 00 00 0C,4967,4967,113,4660,2026-07-30 22:56:00.355,457,-24,40,
FF FF FF FF 00 25 09 1A 20 01 01 02 00 00 13 67 00 00 13 67 00 00 00 71 FF E8 00 26 12 34 01 CA BA 00 00 00 03,4967,4967,113,4660,2026-07-30 22:56:00.453,458,-24,38,
FF FF FF FF 00 25 09 1B 20 01 01 02 00 00 13 67 00 00 13 67 00 00 00 73 FF E8 00 27 12 34 01 CB BB 00 00 00 01,4967,4967,115,4660,2026-07-30 22:56:00.551,459,-24,39,
FF FF FF FF 00 25 09 1C 20 01 01 02 00 00 13 67 00 00 13 67 00 00 00 66 FF E9 00 26 12 34 01 CC BB 00 00 00 14,4967,4967,102,4660,2026-07-30 22:56:00.652,460,-23,38,
FF FF FF FF 00 25 09 1D 20 01 01 02 00 00 13 67 00 00 13 67 00 00 00 69 FF E9 00 27 12 34 01 CD BB 00 00 00 1A,4967,4967,105,4660,2026-07-30 22:56:00.761,461,-23,39,
FF FF FF FF 00 25 09 1E 20 01 01 02 00 00 13 67 00 00 13 67 00 00 00 6B FF EB 00 16 12 34 01 CE BA 00 00 00 2A,4967,4967,107,4660,2026-07-30 22:56:00.848,462,-21,22,
FF FF FF FF 00 25 09 1F 20 01 01 02 00 00 13 67 00 00 13 67 00 00 00 6C FF E9 00 1A 12 34 01 CF BB 00 00 00 22,4967,4967,108,4660,2026-07-30 22:56:00.946,463,-23,26,
FF FF FF FF 00 25 09 20 20 01 01 02 00 00 13 67 00 00 13 67 00 00 00 74 FF EB 00 0C 12 34 01 D0 BA 00 00 00 0F,4967,4967,116,4660,2026-07-30 22:56:01.058,464,-21,12,
FF FF FF FF 00 25 09 21 20 01 01 02 00 00 13 67 00 00 13 67 00 00 00 79 FF EB 00 11 12 34 01 D1 BB 00 00 00 1E,4967,4967,121,4660,2026-07-30 22:56:01.157,465,-21,17,
FF FF FF FF 00 25 09 22 20 01 01 02 00 00 13 67 00 00 13 67 00 00 00 7B FF EA 00 16 12 34 01 D2 BB 00 00 00 1A,4967,4967,123,4660,2026-07-30 22:56:01.256,466,-22,22,
FF FF FF FF 00 25 09 23 20 01 01 02 00 00 13 67 00 00 13 67 00 00 00 76 FF EA 00 19 12 34 01 D3 BA 00 00 00 19,4967,4967,118,4660,2026-07-30 22:56:01.355,467,-22,25,
FF FF FF FF 00 25 09 24 20 01 01 02 00 00 13 67 00 00 13 67 00 00 00 76 FF E9 00 1C 12 34 01 D4 BB 00 00 00 1E,4967,4967,118,4660,2026-07-30 22:56:01.453,468,-23,28,
FF FF FF FF 00 25 09 25 20 01 01 02 00 00 13 67 00 00 13 67 00 00 00 72 FF E9 00 1E 12 34 01 D5 BA 00 00 00 19,4967,4967,114,4660,2026-07-30 22:56:01.551,469,-23,30,
FF FF FF FF 00 25 09 26 20 01 01 02 00 00 13 67 00 00 13 67 00 00 00 73 FF EA 00 21 12 34 01 D6 BA 00 00 00 24,4967,4967,115,4660,2026-07-30 22:56:01.650,470,-22,33,
FF FF FF FF 00 25 09 27 20 01 01 02 00 00 13 67 00 00 13 67 00 00 00 73 FF EA 00 22 12 34 01 D7 BB 00 00 00 26,4967,4967,115,4660,2026-07-30 22:56:01.760,471,-22,34,
FF FF FF FF 00 25 09 28 20 01 01 02 00 00 13 67 00 00 13 67 00 00 00 73 FF E9 00 23 12 34 01 D8 BA 00 00 00 25,4967,4967,115,4660,2026-07-30 22:56:01.851,472,-23,35,
FF FF FF FF 00 25 09 29 20 01 01 02 00 00 13 67 00 00 13 67 00 00 00 70 FF E9 00 23 12 34 01 D9 BB 00 00 00 27,4967,4967,112,4660,2026-07-30 22:56:01.951,473,-23,35,
FF FF FF FF 00 25 09 2A 20 01 01 02 00 00 13 67 00 00 13 67 00 00 00 6A FF E8 00 25 12 34 01 DA BB 00 00 00 3A,4967,4967,106,4660,2026-07-30 22:56:02.050,474,-24,37,
FF FF FF FF 00 25 09 2B 20 01 01 02 00 00 13 67 00 00 13 67 00 00 00 69 FF E8 00 26 12 34 01 DB BA 00 00 00 3B,4967,4967,105,4660,2026-07-30 22:56:02.151,475,-24,38,
FF FF FF FF 00 25 09 2C 20 01 01 02 00 00 13 67 00 00 13 67 00 00 00 69 FF E7 00 27 12 34 01 DC BB 00 00 00 34,4967,4967,105,4660,2026-07-30 22:56:02.251,476,-25,39,
FF FF FF FF 00 25 09 2D 20 01 01 02 00 00 13 67 00 00 13 67 00 00 00 64 FF E7 00 27 12 34 01 DD BB 00 00 00 39,4967,4967,100,4660,2026-07-30 22:56:02.351,477,-25,39,
FF FF FF FF 00 25 09 2E 20 01 01 02 00 00 13 67 00 00 13 67 00 00 00 66 FF E7 00 26 12 34 01 DE BB 00 00 00 3A,4967,4967,102,4660,2026-07-30 22:56:02.450,478,-25,38,
FF FF FF FF 00 25 09 2F 20 01 01 02 00 00 13 67 00 00 13 67 00 00 00 67 FF E6 00 27 12 34 01 DF BC 00 00 00 3C,4967,4967,103,4660,2026-07-30 22:56:02.550,479,-26,39,
FF FF FF FF 00 25 09 30 20 01 01 02 00 00 13 67 00 00 13 67 00 00 00 6F FF E8 00 25 12 34 01 E0 BB 00 00 00 1F,4967,4967,111,4660,2026-07-30 22:56:02.661,480,-24,37,
FF FF FF FF 00 25 09 31 20 01 01 02 00 00 13 67 00 00 13 67 00 00 00 62 FF E7 00 26 12 34 01 E1 BB 00 00 00 1E,4967,4967,98,4660,2026-07-30 22:56:02.760,481,-25,38,
FF FF FF FF 00 25 09 32 20 01 01 02 00 00 13 67 00 00 13 67 00 00 00 6A FF E7 00 27 12 34 01 E2 B8 00 00 00 14,4967,4967,106,4660,2026-07-30 22:56:02.859,482,-25,39,
FF FF FF FF 00 25 09 33 20 01 01 02 00 00 13 67 00 00 13 67 00 00 00 6F FF E7 00 26 12 34 01 E3 BB 00 00 00 13,4967,4967,111,4660,2026-07-30 22:56:02.957,483,-25,38,
FF FF FF FF 00 25 09 34 20 01 01 02 00 00 13 67 00 00 13 67 00 00 00 6B FF E8 00 26 12 34 01 E4 BB 00 00 00 18,4967,4967,107,4660,2026-07-30 22:56:03.055,484,-24,38,
FF FF FF FF 00 25 09 35 20 01 01 02 00 00 13 67 00 00 13 67 00 00 00 6D FF E8 00 26 12 34 01 E5 BB 00 00 00 1E,4967,4967,109,4660,2026-07-30 22:56:03.155,485,-24,38,
FF FF FF FF 00 25 09 36 20 01 01 02 00 00 13 67 00 00 13 67 00 00 00 72 FF E7 00 27 12 34 01 E6 BB 00 00 00 0F,4967,4967,114,4660,2026-07-30 22:56:03.254,486,-25,39,
FF FF FF FF 00 25 09 37 20 01 01 02 00 00 13 67 00 00 13 67 00 00 00 71 FF E7 00 27 12 34 01 E7 BA 00 00 00 0D,4967,4967,113,4660,2026-07-30 22:56:03.353,487,-25,39,
FF FF FF FF 00 25 09 38 20 01 01 02 00 00 13 67 00 00 13 67 00 00 00 6D FF E7 00 27 12 34 01 E8 BC 00 00 00 17,4967,4967,109,4660,2026-07-30 22:56:03.450,488,-25,39,
FF FF FF FF 00 25 09 39 20 01 01 02 00 00 13 67 00 00 13 67 00 00 00 6F FF E7 00 27 12 34 01 E9 BC 00 00 00 15,4967,4967,111,4660,2026-07-30 22:56:03.550,489,-25,39,
FF FF FF FF 00 25 09 3A 20 01 01 02 00 00 13 67 00 00 13 67 00 00 00 72 FF E6 00 26 12 34 01 EA BC 00 00 00 08,4967,4967,114,4660,2026-07-30 22:56:03.649,490,-26,38,
FF FF FF FF 00 25 09 3B 20 01 01 02 00 00 13 67 00 00 13 67 00 00 00 6E FF E6 00 26 12 34 01 EB BC 00 00 00 14,4967,4967,110,4660,2026-07-30 22:56:03.757,491,-26,38,
FF FF FF FF 00 25 09 3C 20 01 01 02 00 00 13 67 00 00 13 67 00 00 00 71 FF E7 00 26 12 34 01 EC BC 00 00 00 0A,4967,4967,113,4660,2026-07-30 22:56:03.857,492,-25,38,
FF FF FF FF 00 25 09 3D 20 01 01 02 00 00 13 67 00 00 13 67 00 00 00 7A FF E9 00 27 12 34 01 ED BC 00 00 00 0E,4967,4967,122,4660,2026-07-30 22:56:03.956,493,-23,39,
FF FF FF FF 00 25 09 3E 20 01 01 02 00 00 13 67 00 00 13 67 00 00 00 78 FF EC 00 16 12 34 01 EE BB 00 00 00 3F,4967,4967,120,4660,2026-07-30 22:56:04.057,494,-20,22,
FF FF FF FF 00 25 09 3F 20 01 01 02 00 00 13 67 00 00 13 67 00 00 00 76 FF ED 00 1B 12 34 01 EF BB 00 00 00 3D,4967,4967,118,4660,2026-07-30 22:56:04.157,495,-19,27,
FF FF FF FF 00 25 09 40 20 01 01 02 00 00 13 67 00 00 13 67 00 00 00 79 FF DA 00 0D 12 34 01 F0 BB 00 00 00 73,4967,4967,121,4660,2026-07-30 22:56:04.253,496,-38,13,
FF FF FF FF 00 25 09 41 20 01 01 02 00 00 13 67 00 00 13 67 00 00 00 77 FF DF 00 14 12 34 01 F1 BB 00 00 00 61,4967,4967,119,4660,2026-07-30 22:56:04.356,497,-33,20,
FF FF FF FF 00 25 09 42 20 01 01 02 00 00 13 67 00 00 13 67 00 00 00 74 FF E1 00 1A 12 34 01 F2 BA 00 00 00 53,4967,4967,116,4660,2026-07-30 22:56:04.455,498,-31,26,
FF FF FF FF 00 25 09 43 20 01 01 02 00 00 13 67 00 00 13 67 00 00 00 74 FF E3 00 1E 12 34 01 F3 BA 00 00 00 55,4967,4967,116,4660,2026-07-30 22:56:04.556,499,-29,30,
FF FF FF FF 00 25 09 44 20 01 01 02 00 00 13 67 00 00 13 67 00 00 00 70 FF E3 00 20 12 34 01 F4 BA 00 00 00 6F,4967,4967,112,4660,2026-07-30 22:56:04.656,500,-29,32,
FF FF FF FF 00 25 09 45 20 01 01 02 00 00 13 67 00 00 13 67 00 00 00 71 FF E4 00 22 12 34 01 F5 BA 00 00 00 6B,4967,4967,113,4660,2026-07-30 22:56:04.755,501,-28,34,
FF FF FF FF 00 25 09 46 20 01 01 02 00 00 13 67 00 00 13 67 00 00 00 72 FF E5 00 25 12 34 01 F6 BB 00 00 00 6F,4967,4967,114,4660,2026-07-30 22:56:04.853,502,-27,37,
FF FF FF FF 00 25 09 47 20 01 01 02 00 00 13 67 00 00 13 67 00 00 00 71 FF E5 00 26 12 34 01 F7 BB 00 00 00 6F,4967,4967,113,4660,2026-07-30 22:56:04.953,503,-27,38,
FF FF FF FF 00 25 09 48 20 01 01 02 00 00 13 67 00 00 13 67 00 00 00 70 FF E6 00 29 12 34 01 F8 B7 00 00 00 6E,4967,4967,112,4660,2026-07-30 22:56:05.052,504,-26,41,
FF FF FF FF 00 25 09 49 20 01 01 02 00 00 13 67 00 00 13 67 00 00 00 69 FF E6 00 2B 12 34 01 F9 BA 00 00 00 78,4967,4967,105,4660,2026-07-30 22:56:05.151,505,-26,43,
FF FF FF FF 00 25 09 4A 20 01 01 02 00 00 13 67 00 00 13 67 00 00 00 66 FF E6 00 2C 12 34 01 FA B7 00 00 00 7D,4967,4967,102,4660,2026-07-30 22:56:05.258,506,-26,44,
FF FF FF FF 00 25 09 4B 20 01 01 02 00 00 13 67 00 00 13 67 00 00 00 60 FF E6 00 2C 12 34 01 FB BD 00 00 00 71,4967,4967,96,4660,2026-07-30 22:56:05.353,507,-26,44,
FF FF FF FF 00 25 09 4C 20 01 01 02 00 00 13 67 00 00 13 67 00 00 00 5B FF E6 00 2C 12 34 01 FC BD 00 00 00 4A,4967,4967,91,4660,2026-07-30 22:56:05.451,508,-26,44,
FF FF FF FF 00 25 09 4D 20 01 01 02 00 00 13 67 00 00 13 67 00 00 00 5C FF E5 00 2D 12 34 01 FD BC 00 00 00 4E,4967,4967,92,4660,2026-07-30 22:56:05.551,509,-27,45,
FF FF FF FF 00 25 09 4E 20 01 01 02 00 00 13 67 00 00 13 67 00 00 00 5C FF E5 00 2E 12 34 01 FE BB 00 00 00 4A,4967,4967,92,4660,2026-07-30 22:56:05.651,510,-27,46,
FF FF FF FF 00 25 09 4F 20 01 01 02 00 00 13 67 00 00 13 67 00 00 00 62 FF E5 00 2F 12 34 01 FF BB 00 00 00 75,4967,4967,98,4660,2026-07-30 22:56:05.752,511,-27,47,
FF FF FF FF 00 25 09 50 20 01 01 02 00 00 13 67 00 00 13 67 00 00 00 64 FF E4 00 31 12 34 02 00 BB 00 00 00 8F,4967,4967,100,4660,2026-07-30 22:56:05.846,512,-28,49,
FF FF FF FF 00 25 09 51 20 01 01 02 00 00 13 67 00 00 13 67 00 00 00 68 FF E4 00 31 12 34 02 01 BB 00 00 00 83,4967,4967,104,4660,2026-07-30 22:56:05.957,513,-28,49,
FF FF FF FF 00 25 09 52 20 01 01 02 00 00 13 67 00 00 13 67 00 00 00 6B FF E4 00 30 12 34 02 02 BC 00 00 00 86,4967,4967,107,4660,2026-07-30 22:56:06.055,514,-28,48,
FF FF FF FF 00 25 09 53 20 01 01 02 00 00 13 67 00 00 13 67 00 00 00 66 FF E4 00 30 12 34 02 03 BB 00 00 00 8C,4967,4967,102,4660,2026-07-30 22:56:06.154,515,-28,48,
FF FF FF FF 00 25 09 54 20 01 01 02 00 00 13 67 00 00 13 67 00 00 00 66 FF E3 00 31 12 34 02 04 BD 00 00 00 8C,4967,4967,102,4660,2026-07-30 22:56:06.254,516,-29,49,
FF FF FF FF 00 25 09 55 20 01 01 02 00 00 13 67 00 00 13 67 00 00 00 6D FF E4 00 31 12 34 02 05 BB 00 00 00 86,4967,4967,109,4660,2026-07-30 22:56:06.346,517,-28,49,
FF FF FF FF 00 25 09 56 20 01 01 02 00 00 13 67 00 00 13 67 00 00 00 71 FF E5 00 32 12 34 02 06 BB 00 00 00 98,4967,4967,113,4660,2026-07-30 22:56:06.458,518,-27,50,
FF FF FF FF 00 25 09 57 20 01 01 02 00 00 13 67 00 00 13 67 00 00 00 75 FF E5 00 33 12 34 02 07 BD 00 00 00 9B,4967,4967,117,4660,2026-07-30 22:56:06.556,519,-27,51,
FF FF FF FF 00 25 09 58 20 01 01 02 00 00 13 67 00 00 13 67 00 00 00 71 FF E4 00 35 12 34 02 08 BD 00 00 00 98,4967,4967,113,4660,2026-07-30 22:56:06.656,520,-28,53,
FF FF FF FF 00 25 09 5A 20 01 01 02 00 00 13 67 00 00 13 67 00 00 00 79 FF E4 00 34 12 34 02 0A BD 00 00 00 91,4967,4967,121,4660,2026-07-30 22:56:06.851,522,-28,52,
FF FF FF FF 00 25 09 5B 20 01 01 02 00 00 13 67 00 00 13 67 00 00 00 7C FF E5 00 32 12 34 02 0B BC 00 00 00 92,4967,4967,124,4660,2026-07-30 22:56:06.948,523,-27,50,
FF FF FF FF 00 25 09 5C 20 01 01 02 00 00 13 67 00 00 13 67 00 00 00 79 FF E4 00 33 12 34 02 0C BC 00 00 00 97,4967,4967,121,4660,2026-07-30 22:56:07.061,524,-28,51,
FF FF FF FF 00 25 09 5D 20 01 01 02 00 00 13 67 00 00 13 67 00 00 00 7C FF E4 00 32 12 34 02 0D BC 00 00 00 93,4967,4967,124,4660,2026-07-30 22:56:07.158,525,-28,50,
FF FF FF FF 00 25 09 5E 20 01 01 02 00 00 13 67 00 00 13 67 00 00 00 7E FF E4 00 31 12 34 02 0E BD 00 00 00 93,4967,4967,126,4660,2026-07-30 22:56:07.261,526,-28,49,
FF FF FF FF 00 25 09 5F 20 01 01 02 00 00 13 67 00 00 13 67 00 00 00 79 FF E3 00 32 12 34 02 0F BB 00 00 00 96,4967,4967,121,4660,2026-07-30 22:56:07.357,527,-29,50,
FF FF FF FF 00 25 09 60 20 01 01 02 00 00 13 67 00 00 13 67 00 00 00 78 FF E4 00 30 12 34 02 10 BC 00 00 00 B5,4967,4967,120,4660,2026-07-30 22:56:07.455,528,-28,48,
FF FF FF FF 00 25 09 61 20 01 01 02 00 00 13 67 00 00 13 67 00 00 00 78 FF E4 00 31 12 34 02 11 BC 00 00 00 B4,4967,4967,120,4660,2026-07-30 22:56:07.555,529,-28,49,
FF FF FF FF 00 25 09 62 20 01 01 02 00 00 13 67 00 00 13 67 00 00 00 6D FF E4 00 31 12 34 02 12 BB 00 00 00 A6,4967,4967,109,4660,2026-07-30 22:56:07.654,530,-28,49,
FF FF FF FF 00 25 09 63 20 01 01 02 00 00 13 67 00 00 13 67 00 00 00 72 FF E4 00 31 12 34 02 13 BC 00 00 00 BE,4967,4967,114,4660,2026-07-30 22:56:07.753,531,-28,49,
FF FF FF FF 00 25 09 64 20 01 01 02 00 00 13 67 00 00 13 67 00 00 00 77 FF E4 00 30 12 34 02 14 BB 00 00 00 BD,4967,4967,119,4660,2026-07-30 22:56:07.851,532,-28,48,
FF FF FF FF 00 25 09 65 20 01 01 02 00 00 13 67 00 00 13 67 00 00 00 77 FF E3 00 30 12 34 02 15 BC 00 00 00 BD,4967,4967,119,4660,2026-07-30 22:56:07.950,533,-29,48,
FF FF FF FF 00 25 09 66 20 01 01 02 00 00 13 67 00 00 13 67 00 00 00 79 FF E3 00 2F 12 34 02 16 BA 00 00 00 AA,4967,4967,121,4660,2026-07-30 22:56:08.050,534,-29,47,
FF FF FF FF 00 25 09 67 20 01 01 02 00 00 13 67 00 00 13 67 00 00 00 72 FF E3 00 2F 12 34 02 17 B4 00 00 00 AF,4967,4967,114,4660,2026-07-30 22:56:08.148,535,-29,47,
FF FF FF FF 00 25 09 68 20 01 01 02 00 00 13 67 00 00 13 67 00 00 00 6A FF E3 00 2E 12 34 02 18 BA 00 00 00 B8,4967,4967,106,4660,2026-07-30 22:56:08.259,536,-29,46,
FF FF FF FF 00 25 09 69 20 01 01 02 00 00 13 67 00 00 13 67 00 00 00 63 FF E2 00 2C 12 34 02 19 BA 00 00 00 B2,4967,4967,99,4660,2026-07-30 22:56:08.354,537,-30,44,
FF FF FF FF 00 25 09 6A 20 01 01 02 00 00 13 67 00 00 13 67 00 00 00 68 FF E2 00 2B 12 34 02 1A BB 00 00 00 BF,4967,4967,104,4660,2026-07-30 22:56:08.453,538,-30,43,
FF FF FF FF 00 25 09 6B 20 01 01 02 00 00 13 67 00 00 13 67 00 00 00 6E FF E2 00 28 12 34 02 1B BA 00 00 00 BB,4967,4967,110,4660,2026-07-30 22:56:08.551,539,-30,40,
FF FF FF FF 00 25 09 6C 20 01 01 02 00 00 13 67 00 00 13 67 00 00 00 6D FF E1 00 26 12 34 02 1C BB 00 00 00 B4,4967,4967,109,4660,2026-07-30 22:56:08.650,540,-31,38,
FF FF FF FF 00 25 09 6D 20 01 01 02 00 00 13 67 00 00 13 67 00 00 00 69 FF E1 00 27 12 34 02 1D B8 00 00 00 B2,4967,4967,105,4660,2026-07-30 22:56:08.761,541,-31,39,
FF FF FF FF 00 25 09 6E 20 01 01 02 00 00 13 67 00 00 13 67 00 00 00 67 FF E1 00 27 12 34 02 1E BB 00 00 00 BF,4967,4967,103,4660,2026-07-30 22:56:08.860,542,-31,39,
FF FF FF FF 00 25 09 6F 20 01 01 02 00 00 13 67 00 00 13 67 00 00 00 63 FF E0 00 26 12 34 02 1F BB 00 00 00 BB,4967,4967,99,4660,2026-07-30 22:56:08.958,543,-32,38,
FF FF FF FF 00 25 09 70 20 01 01 02 00 00 13 67 00 00 13 67 00 00 00 65 FF E1 00 26 12 34 02 20 B9 00 00 00 9E,4967,4967,101,4660,2026-07-30 22:56:09.057,544,-31,38,
FF FF FF FF 00 25 09 71 20 01 01 02 00 00 13 67 00 00 13 67 00 00 00 63 FF E0 00 27 12 34 02 21 B4 00 00 00 95,4967,4967,99,4660,2026-07-30 22:56:09.147,545,-32,39,
FF FF FF FF 00 25 09 72 20 01 01 02 00 00 13 67 00 00 13 67 00 00 00 63 FF E0 00 28 12 34 02 22 B9 00 00 00 97,4967,4967,99,4660,2026-07-30 22:56:09.246,546,-32,40,
FF FF FF FF 00 25 09 73 20 01 01 02 00 00 13 67 00 00 13 67 00 00 00 5F FF DF 00 28 12 34 02 23 B9 00 00 00 94,4967,4967,95,4660,2026-07-30 22:56:09.354,547,-33,40,
FF FF FF FF 00 25 09 74 20 01 01 02 00 00 13 67 00 00 13 67 00 00 00 5B FF DD 00 29 12 34 02 24 BA 00 00 00 90,4967,4967,91,4660,2026-07-30 22:56:09.453,548,-35,41,
FF FF FF FF 00 25 09 75 20 01 01 02 00 00 13 67 00 00 13 67 00 00 00 54 FF DE 00 28 12 34 02 25 BB 00 00 00 9C,4967,4967,84,4660,2026-07-30 22:56:09.551,549,-34,40,
FF FF FF FF 00 25 09 76 20 01 01 02 00 00 13 67 00 00 13 67 00 00 00 52 FF DE 00 27 12 34 02 26 BB 00 00 00 95,4967,4967,82,4660,2026-07-30 22:56:09.649,550,-34,39,
FF FF FF FF 00 25 09 77 20 01 01 02 00 00 13 67 00 00 13 67 00 00 00 50 FF D8 00 23 12 34 02 27 BB 00 00 00 95,4967,4967,80,4660,2026-07-30 22:56:09.748,551,-40,35,
FF FF FF FF 00 25 09 78 20 01 01 02 00 00 13 67 00 00 13 67 00 00 00 4F FF D9 00 24 12 34 02 28 BB 00 00 00 8C,4967,4967,79,4660,2026-07-30 22:56:09.847,552,-39,36,
FF FF FF FF 00 25 09 79 20 01 01 02 00 00 13 67 00 00 13 67 00 00 00 4F FF DA 00 26 12 34 02 29 BA 00 00 00 8C,4967,4967,79,4660,2026-07-30 22:56:09.946,553,-38,38,
FF FF FF FF 00 25 09 7A 20 01 01 02 00 00 13 67 00 00 13 67 00 00 00 4A FF DC 00 27 12 34 02 2A BB 00 00 00 8F,4967,4967,74,4660,2026-07-30 22:56:10.058,554,-36,39,
FF FF FF FF 00 25 09 7B 20 01 01 02 00 00 13 67 00 00 13 67 00 00 00 44 FF DD 00 27 12 34 02 2B BA 00 00 00 81,4967,4967,68,4660,2026-07-30 22:56:10.145,555,-35,39,
FF FF FF FF 00 25 09 7C 20 01 01 02 00 00 13 67 00 00 13 67 00 00 00 3D FF DE 00 28 12 34 02 2C BB 00 00 00 F5,4967,4967,61,4660,2026-07-30 22:56:10.257,556,-34,40,
FF FF FF FF 00 25 09 7D 20 01 01 02 00 00 13 67 00 00 13 67 00 00 00 40 FF DD 00 26 12 34 02 2D BA 00 00 00 84,4967,4967,64,4660,2026-07-30 22:56:10.351,557,-35,38,
FF FF FF FF 00 25 09 7E 20 01 01 02 00 00 13 67 00 00 13 67 00 00 00 45 FF DE 00 28 12 34 02 2E BA 00 00 00 8C,4967,4967,69,4660,2026-07-30 22:56:10.452,558,-34,40,
FF FF FF FF 00 25 09 7F 20 01 01 02 00 00 13 67 00 00 13 67 00 00 00 49 FF DF 00 29 12 34 02 2F B9 00 00 00 83,4967,4967,73,4660,2026-07-30 22:56:10.552,559,-33,41,
FF FF FF FF 00 25 09 80 20 01 01 02 00 00 13 67 00 00 13 67 00 00 00 45 FF DC 00 24 12 34 02 30 BB 00 00 00 63,4967,4967,69,4660,2026-07-30 22:56:10.651,560,-36,36,
FF FF FF FF 00 25 09 81 20 01 01 02 00 00 13 67 00 00 13 67 00 00 00 43 FF DE 00 26 12 34 02 31 BA 00 00 00 64,4967,4967,67,4660,2026-07-30 22:56:10.752,561,-34,38,
FF FF FF FF 00 25 09 82 20 01 01 02 00 00 13 67 00 00 13 67 00 00 00 43 FF DC 00 23 12 34 02 32 BB 00 00 00 62,4967,4967,67,4660,2026-07-30 22:56:10.850,562,-36,35,
FF FF FF FF 00 25 09 83 20 01 01 02 00 00 13 67 00 00 13 67 00 00 00 3D FF DE 00 25 12 34 02 33 BA 00 00 00 19,4967,4967,61,4660,2026-07-30 22:56:10.947,563,-34,37,
FF FF FF FF 00 25 09 84 20 01 01 02 00 00 13 67 00 00 13 67 00 00 00 3C FF DE 00 27 12 34 02 34 B9 00 00 00 19,4967,4967,60,4660,2026-07-30 22:56:11.059,564,-34,39,
FF FF FF FF 00 25 09 85 20 01 01 02 00 00 13 67 00 00 13 67 00 00 00 3E FF DF 00 28 12 34 02 35 B8 00 00 00 14,4967,4967,62,4660,2026-07-30 22:56:11.157,565,-33,40,
FF FF FF FF 00 25 09 86 20 01 01 02 00 00 13 67 00 00 13 67 00 00 00 42 FF DF 00 29 12 34 02 36 B8 00 00 00 69,4967,4967,66,4660,2026-07-30 22:56:11.256,566,-33,41,
FF FF FF FF 00 25 09 87 20 01 01 02 00 00 13 67 00 00 13 67 00 00 00 46 FF DF 00 2A 12 34 02 37 B8 00 00 00 6E,4967,4967,70,4660,2026-07-30 22:56:11.350,567,-33,42,
FF FF FF FF 00 25 09 88 20 01 01 02 00 00 13 67 00 00 13 67 00 00 00 4F FF DE 00 29 12 34 02 38 B9 00 00 00 64,4967,4967,79,4660,2026-07-30 22:56:11.449,568,-34,41,
FF FF FF FF 00 25 09 89 20 01 01 02 00 00 13 67 00 00 13 67 00 00 00 50 FF DF 00 28 12 34 02 39 BB 00 00 00 79,4967,4967,80,4660,2026-07-30 22:56:11.548,569,-33,40,
FF FF FF FF 00 25 09 8A 20 01 01 02 00 00 13 67 00 00 13 67 00 00 00 54 FF E0 00 26 12 34 02 3A BB 00 00 00 4C,4967,4967,84,4660,2026-07-30 22:56:11.647,570,-32,38,
FF FF FF FF 00 25 09 8B 20 01 01 02 00 00 13 67 00 00 13 67 00 00 00 53 FF E0 00 26 12 34 02 3B BA 00 00 00 4A,4967,4967,83,4660,2026-07-30 22:56:11.747,571,-32,38,
FF FF FF FF 00 25 09 8C 20 01 01 02 00 00 13 67 00 00 13 67 00 00 00 54 FF E1 00 26 12 34 02 3C B9 00 00 00 4F,4967,4967,84,4660,2026-07-30 22:56:11.855,572,-31,38,
FF FF FF FF 00 25 09 8D 20 01 01 02 00 00 13 67 00 00 13 67 00 00 00 54 FF E2 00 27 12 34 02 3D B9 00 00 00 4D,4967,4967,84,4660,2026-07-30 22:56:11.953,573,-30,39,
FF FF FF FF 00 25 09 8E 20 01 01 02 00 00 13 67 00 00 13 67 00 00 00 55 FF E1 00 28 12 34 02 3E BB 00 00 00 42,4967,4967,85,4660,2026-07-30 22:56:12.052,574,-31,40,
FF FF FF FF 00 25 09 8F 20 01 01 02 00 00 13 67 00 00 13 67 00 00 00 56 FF E2 00 27 12 34 02 3F B0 00 00 00 46,4967,4967,86,4660,2026-07-30 22:56:12.150,575,-30,39,
FF FF FF FF 00 25 09 90 20 01 01 02 00 00 13 67 00 00 13 67 00 00 00 56 FF E2 00 27 12 34 02 40 BA 00 00 00 2C,4967,4967,86,4660,2026-07-30 22:56:12.260,576,-30,39,
FF FF FF FF 00 25 09 91 20 01 01 02 00 00 13 67 00 00 13 67 00 00 00 52 FF E2 00 28 12 34 02 41 BB 00 00 00 26,4967,4967,82,4660,2026-07-30 22:56:12.351,577,-30,40,
FF FF FF FF 00 25 09 92 20 01 01 02 00 00 13 67 00 00 13 67 00 00 00 51 FF DF 00 2A 12 34 02 42 BA 00 00 00 1B,4967,4967,81,4660,2026-07-30 22:56:12.455,578,-33,42,
FF FF FF FF 00 25 09 93 20 01 01 02 00 00 13 67 00 00 13 67 00 00 00 50 FF E1 00 2A 12 34 02 43 B9 00 00 00 27,4967,4967,80,4660,2026-07-30 22:56:12.554,579,-31,42,
FF FF FF FF 00 25 09 94 20 01 01 02 00 00 13 67 00 00 13 67 00 00 00 52 FF E0 00 2A 12 34 02 44 BA 00 00 00 27,4967,4967,82,4660,2026-07-30 22:56:12.655,580,-32,42,
FF FF FF FF 00 25 09 95 20 01 01 02 00 00 13 67 00 00 13 67 00 00 00 56 FF E1 00 29 12 34 02 45 AF 00 00 00 34,4967,4967,86,4660,2026-07-30 22:56:12.755,581,-31,41,
FF FF FF FF 00 25 09 96 20 01 01 02 00 00 13 67 00 00 13 67 00 00 00 56 FF E0 00 2C 12 34 02 46 BC 00 00 00 23,4967,4967,86,4660,2026-07-30 22:56:12.854,582,-32,44,
FF FF FF FF 00 25 09 97 20 01 01 02 00 00 13 67 00 00 13 67 00 00 00 56 FF DF 00 2C 12 34 02 47 BB 00 00 00 1B,4967,4967,86,4660,2026-07-30 22:56:12.955,583,-33,44,
FF FF FF FF 00 25 09 98 20 01 01 02 00 00 13 67 00 00 13 67 00 00 00 52 FF E1 00 2C 12 34 02 48 BA 00 00 00 20,4967,4967,82,4660,2026-07-30 22:56:13.054,584,-31,44,
FF FF FF FF 00 25 09 99 20 01 01 02 00 00 13 67 00 00 13 67 00 00 00 4F FF E0 00 2D 12 34 02 49 BB 00 00 00 3C,4967,4967,79,4660,2026-07-30 22:56:13.153,585,-32,45,
FF FF FF FF 00 25 09 9A 20 01 01 02 00 00 13 67 00 00 13 67 00 00 00 54 FF DF 00 2C 12 34 02 4A BA 00 00 00 18,4967,4967,84,4660,2026-07-30 22:56:13.251,586,-33,44,
FF FF FF FF 00 25 09 9B 20 01 01 02 00 00 13 67 00 00 13 67 00 00 00 53 FF DE 00 2B 12 34 02 4B BB 00 00 00 18,4967,4967,83,4660,2026-07-30 22:56:13.351,587,-34,43,
FF FF FF FF 00 25 09 9C 20 01 01 02 00 00 13 67 00 00 13 67 00 00 00 52 FF DF 00 29 12 34 02 4C BA 00 00 00 1B,4967,4967,82,4660,2026-07-30 22:56:13.459,588,-33,41,
FF FF FF FF 00 25 09 9D 20 01 01 02 00 00 13 67 00 00 13 67 00 00 00 4E FF DE 00 29 12 34 02 4D BB 00 00 00 07,4967,4967,78,4660,2026-07-30 22:56:13.546,589,-34,41,
FF FF FF FF 00 25 09 9E 20 01 01 02 00 00 13 67 00 00 13 67 00 00 00 48 FF DE 00 2A 12 34 02 4E BA 00 00 00 03,4967,4967,72,4660,2026-07-30 22:56:13.658,590,-34,42,
FF FF FF FF 00 25 09 A0 20 01 01 02 00 00 13 67 00 00 13 67 00 00 00 42 FF E0 00 29 12 34 02 50 BB 00 00 00 15,4967,4967,66,4660,2026-07-30 22:56:13.858,592,-32,41,
FF FF FF FF 00 25 09 A1 20 01 01 02 00 00 13 67 00 00 13 67 00 00 00 41 FF E1 00 29 12 34 02 51 BC 00 00 00 10,4967,4967,65,4660,2026-07-30 22:56:13.951,593,-31,41,
FF FF FF FF 00 25 09 A2 20 01 01 02 00 00 13 67 00 00 13 67 00 00 00 41 FF E1 00 29 12 34 02 52 BE 00 00 00 12,4967,4967,65,4660,2026-07-30 22:56:14.051,594,-31,41,
FF FF FF FF 00 25 09 A3 20 01 01 02 00 00 13 67 00 00 13 67 00 00 00 3D FF E1 00 2A 12 34 02 53 BD 00 00 00 6E,4967,4967,61,4660,2026-07-30 22:56:14.150,595,-31,42,
FF FF FF FF 00 25 09 A4 20 01 01 02 00 00 13 67 00 00 13 67 00 00 00 41 FF E1 00 29 12 34 02 54 BD 00 00 00 11,4967,4967,65,4660,2026-07-30 22:56:14.249,596,-31,41,
FF FF FF FF 00 25 09 A5 20 01 01 02 00 00 13 67 00 00 13 67 00 00 00 46 FF E0 00 28 12 34 02 55 BD 00 00 00 16,4967,4967,70,4660,2026-07-30 22:56:14.347,597,-32,40,
FF FF FF FF 00 25 09 A6 20 01 01 02 00 00 13 67 00 00 13 67 00 00 00 48 FF E1 00 28 12 34 02 56 BC 00 00 00 18,4967,4967,72,4660,2026-07-30 22:56:14.457,598,-31,40,
FF FF FF FF 00 25 09 A7 20 01 01 02 00 00 13 67 00 00 13 67 00 00 00 3E FF E2 00 27 12 34 02 57 B9 00 00 00 67,4967,4967,62,4660,2026-07-30 22:56:14.555,599,-30,39,
FF FF FF FF 00 25 09 A8 20 01 01 02 00 00 13 67 00 00 13 67 00 00 00 4E FF E4 00 28 12 34 02 58 BB 00 00 00 1C,4967,4967,78,4660,2026-07-30 22:56:14.656,600,-28,40,
FF FF FF FF 00 25 09 A9 20 01 01 02 00 00 13 67 00 00 13 67 00 00 00 46 FF EE 00 30 12 34 02 59 BB 00 00 00 06,4967,4967,70,4660,2026-07-30 22:56:14.756,601,-18,48,
FF FF FF FF 00 25 09 AA 20 01 01 02 00 00 13 67 00 00 13 67 00 00 00 44 FF EB 00 2E 12 34 02 5A BC 00 00 00 18,4967,4967,68,4660,2026-07-30 22:56:14.855,602,-21,46,
FF FF FF FF 00 25 09 AB 20 01 01 02 00 00 13 67 00 00 13 67 00 00 00 42 FF E8 00 2C 12 34 02 5B BB 00 00 00 18,4967,4967,66,4660,2026-07-30 22:56:14.952,603,-24,44,
FF FF FF FF 00 25 09 AC 20 01 01 02 00 00 13 67 00 00 13 67 00 00 00 46 FF E6 00 2A 12 34 02 5C BC 00 00 00 13,4967,4967,70,4660,2026-07-30 22:56:15.051,604,-26,42,
FF FF FF FF 00 25 09 AD 20 01 01 02 00 00 13 67 00 00 13 67 00 00 00 47 FF F1 00 2F 12 34 02 5D BD 00 00 00 01,4967,4967,71,4660,2026-07-30 22:56:15.150,605,-15,47,
FF FF FF FF 00 25 09 AE 20 01 01 02 00 00 13 67 00 00 13 67 00 00 00 54 FF EA 00 2C 12 34 02 5E BE 00 00 00 09,4967,4967,84,4660,2026-07-30 22:56:15.249,606,-22,44,
FF FF FF FF 00 25 09 AF 20 01 01 02 00 00 13 67 00 00 13 67 00 00 00 5E FF E6 00 28 12 34 02 5F B9 00 00 00 0C,4967,4967,94,4660,2026-07-30 22:56:15.347,607,-26,40,
FF FF FF FF 00 25 09 B0 20 01 01 02 00 00 13 67 00 00 13 67 00 00 00 69 FF E0 00 26 12 34 02 60 BC 00 00 00 16,4967,4967,105,4660,2026-07-30 22:56:15.453,608,-32,38,
FF FF FF FF 00 25 09 B1 20 01 01 02 00 00 13 67 00 00 13 67 00 00 00 74 FF D8 00 28 12 34 02 61 BE 00 00 00 3F,4967,4967,116,4660,2026-07-30 22:56:15.552,609,-40,40,
FF FF FF FF 00 25 09 B2 20 01 01 02 00 00 13 67 00 00 13 67 00 00 00 7C FF D6 00 2A 12 34 02 62 BD 00 00 00 38,4967,4967,124,4660,2026-07-30 22:56:15.652,610,-42,42,
FF FF FF FF 00 25 09 B3 20 01 01 02 00 00 13 67 00 00 13 67 00 00 00 71 FF D4 00 2E 12 34 02 63 BE 00 00 00 30,4967,4967,113,4660,2026-07-30 22:56:15.751,611,-44,46,
FF FF FF FF 00 25 09 B4 20 01 01 02 00 00 13 67 00 00 13 67 00 00 00 66 FF D6 00 2D 12 34 02 64 C0 00 00 00 58,4967,4967,102,4660,2026-07-30 22:56:15.851,612,-42,45,
FF FF FF FF 00 25 09 B5 20 01 01 02 00 00 13 67 00 00 13 67 00 00 00 67 FF D6 00 2A 12 34 02 65 BE 00 00 00 20,4967,4967,103,4660,2026-07-30 22:56:15.949,613,-42,42,
FF FF FF FF 00 25 09 B6 20 01 01 02 00 00 13 67 00 00 13 67 00 00 00 70 FF C9 00 2C 12 34 02 66 BE 00 00 00 2E,4967,4967,112,4660,2026-07-30 22:56:16.060,614,-55,44,
FF FF FF FF 00 25 09 B7 20 01 01 02 00 00 13 67 00 00 13 67 00 00 00 6E FF C0 00 2C 12 34 02 67 BC 00 00 00 3B,4967,4967,110,4660,2026-07-30 22:56:16.148,615,-64,44,
FF FF FF FF 00 25 09 B8 20 01 01 02 00 00 13 67 00 00 13 67 00 00 00 6A FF C2 00 28 12 34 02 68 BF 00 00 00 3A,4967,4967,106,4660,2026-07-30 22:56:16.246,616,-62,40,
FF FF FF FF 00 25 09 B9 20 01 01 02 00 00 13 67 00 00 13 67 00 00 00 61 FF C8 00 27 12 34 02 69 BE 00 00 00 35,4967,4967,97,4660,2026-07-30 22:56:16.358,617,-56,39,
FF FF FF FF 00 25 09 BA 20 01 01 02 00 00 13 67 00 00 13 67 00 00 00 5C FF CC 00 25 12 34 02 6A BE 00 00 00 0E,4967,4967,92,4660,2026-07-30 22:56:16.455,618,-52,37,
FF FF FF FF 00 25 09 BB 20 01 01 02 00 00 13 67 00 00 13 67 00 00 00 55 FF D0 00 24 12 34 02 6B BE 00 00 00 1A,4967,4967,85,4660,2026-07-30 22:56:16.553,619,-48,36,
FF FF FF FF 00 25 09 BC 20 01 01 02 00 00 13 67 00 00 13 67 00 00 00 52 FF D3 00 24 12 34 02 6C BE 00 00 00 1E,4967,4967,82,4660,2026-07-30 22:56:16.652,620,-45,36,
FF FF FF FF 00 25 09 BD 20 01 01 02 00 00 13 67 00 00 13 67 00 00 00 57 FF D6 00 23 12 34 02 6D BC 00 00 00 1B,4967,4967,87,4660,2026-07-30 22:56:16.751,621,-42,35,
FF FF FF FF 00 25 09 BE 20 01 01 02 00 00 13 67 00 00 13 67 00 00 00 58 FF C9 00 32 12 34 02 6E BE 00 00 00 18,4967,4967,88,4660,2026-07-30 22:56:16.849,622,-55,50,
FF FF FF FF 00 25 09 BF 20 01 01 02 00 00 13 67 00 00 13 67 00 00 00 5B FF CE 00 2D 12 34 02 6F BB 00 00 00 06,4967,4967,91,4660,2026-07-30 22:56:16.945,623,-50,45,
FF FF FF FF 00 25 09 C0 20 01 01 02 00 00 13 67 00 00 13 67 00 00 00 55 FF D2 00 2A 12 34 02 70 BE 00 00 00 76,4967,4967,85,4660,2026-07-30 22:56:17.057,624,-46,42,
FF FF FF FF 00 25 09 C1 20 01 01 02 00 00 13 67 00 00 13 67 00 00 00 56 FF D6 00 29 12 34 02 71 BD 00 00 00 71,4967,4967,86,4660,2026-07-30 22:56:17.157,625,-42,41,
FF FF FF FF 00 25 09 C2 20 01 01 02 00 00 13 67 00 00 13 67 00 00 00 5B FF D9 00 28 12 34 02 72 BC 00 00 00 73,4967,4967,91,4660,2026-07-30 22:56:17.256,626,-39,40,
FF FF FF FF 00 25 09 C3 20 01 01 02 00 00 13 67 00 00 13 67 00 00 00 55 FF DC 00 27 12 34 02 73 BA 00 00 00 71,4967,4967,85,4660,2026-07-30 22:56:17.353,627,-36,39,
FF FF FF FF 00 25 09 C4 20 01 01 02 00 00 13 67 00 00 13 67 00 00 00 53 FF DE 00 26 12 34 02 74 BE 00 00 00 70,4967,4967,83,4660,2026-07-30 22:56:17.452,628,-34,38,
FF FF FF FF 00 25 09 C5 20 01 01 02 00 00 13 67 00 00 13 67 00 00 00 53 FF DF 00 26 12 34 02 75 BD 00 00 00 72,4967,4967,83,4660,2026-07-30 22:56:17.551,629,-33,38,
FF FF FF FF 00 25 09 C6 20 01 01 02 00 00 13 67 00 00 13 67 00 00 00 50 FF E0 00 25 12 34 02 76 BD 00 00 00 4D,4967,4967,80,4660,2026-07-30 22:56:17.651,630,-32,37,
FF FF FF FF 00 25 09 C7 20 01 01 02 00 00 13 67 00 00 13 67 00 00 00 51 FF E0 00 25 12 34 02 77 BE 00 00 00 4F,4967,4967,81,4660,2026-07-30 22:56:17.751,631,-32,37,
FF FF FF FF 00 25 09 C8 20 01 01 02 00 00 13 67 00 00 13 67 00 00 00 56 FF E0 00 25 12 34 02 78 BE 00 00 00 48,4967,4967,86,4660,2026-07-30 22:56:17.849,632,-32,37,
FF FF FF FF 00 25 09 C9 20 01 01 02 00 00 13 67 00 00 13 67 00 00 00 58 FF E0 00 20 12 34 02 79 BD 00 00 00 40,4967,4967,88,4660,2026-07-30 22:56:17.945,633,-32,32,
FF FF FF FF 00 25 09 CA 20 01 01 02 00 00 13 67 00 00 13 67 00 00 00 4D FF E1 00 21 12 34 02 7A BD 00 00 00 55,4967,4967,77,4660,2026-07-30 22:56:18.059,634,-31,33,
FF FF FF FF 00 25 09 CB 20 01 01 02 00 00 13 67 00 00 13 67 00 00 00 4B FF E1 00 22 12 34 02 7B BB 00 00 00 56,4967,4967,75,4660,2026-07-30 22:56:18.146,635,-31,34,
FF FF FF FF 00 25 09 CC 20 01 01 02 00 00 13 67 00 00 13 67 00 00 00 4B FF E0 00 22 12 34 02 7C BC 00 00 00 50,4967,4967,75,4660,2026-07-30 22:56:18.257,636,-32,34,
FF FF FF FF 00 25 09 CD 20 01 01 02 00 00 13 67 00 00 13 67 00 00 00 4B FF E0 00 23 12 34 02 7D BE 00 00 00 53,4967,4967,75,4660,2026-07-30 22:56:18.358,637,-32,35,
FF FF FF FF 00 25 09 CE 20 01 01 02 00 00 13 67 00 00 13 67 00 00 00 56 FF DF 00 23 12 34 02 7E BE 00 00 00 71,4967,4967,86,4660,2026-07-30 22:56:18.455,638,-33,35,
FF FF FF FF 00 25 09 CF 20 01 01 02 00 00 13 67 00 00 13 67 00 00 00 5B FF E2 00 21 12 34 02 7F BF 00 00 00 42,4967,4967,91,4660,2026-07-30 22:56:18.555,639,-30,33,
FF FF FF FF 00 25 09 D0 20 01 01 02 00 00 13 67 00 00 13 67 00 00 00 61 FF D2 00 30 12 34 02 80 BF 00 00 00 B9,4967,4967,97,4660,2026-07-30 22:56:18.654,640,-46,48,
FF FF FF FF 00 25 09 D1 20 01 01 02 00 00 13 67 00 00 13 67 00 00 00 70 FF C6 00 1A 12 34 02 81 C0 00 00 00 E9,4967,4967,112,4660,2026-07-30 22:56:18.754,641,-58,26,
FF FF FF FF 00 25 09 D2 20 01 01 02 00 00 13 67 00 00 13 67 00 00 00 79 FF BE 00 1B 12 34 02 82 BE 00 00 00 E7,4967,4967,121,4660,2026-07-30 22:56:18.852,642,-66,27,
FF FF FF FF 00 25 09 D3 20 01 01 02 00 00 13 67 00 00 13 67 00 00 00 75 FF C7 00 1D 12 34 02 83 BE 00 00 00 94,4967,4967,117,4660,2026-07-30 22:56:18.949,643,-57,29,
FF FF FF FF 00 25 09 D4 20 01 01 02 00 00 13 67 00 00 13 67 00 00 00 75 FF D1 00 1C 12 34 02 84 C0 00 00 00 FD,4967,4967,117,4660,2026-07-30 22:56:19.049,644,-47,28,
FF FF FF FF 00 25 09 D5 20 01 01 02 00 00 13 67 00 00 13 67 00 00 00 76 FF CB 00 28 12 34 02 85 BE 00 00 00 AE,4967,4967,118,4660,2026-07-30 22:56:19.148,645,-53,40,
FF FF FF FF 00 25 09 D6 20 01 01 02 00 00 13 67 00 00 13 67 00 00 00 75 FF C1 00 24 12 34 02 86 BD 00 00 00 A8,4967,4967,117,4660,2026-07-30 22:56:19.247,646,-63,36,
FF FF FF FF 00 25 09 D7 20 01 01 02 00 00 13 67 00 00 13 67 00 00 00 73 FF C9 00 23 12 34 02 87 C1 00 00 00 DD,4967,4967,115,4660,2026-07-30 22:56:19.346,647,-55,35,
FF FF FF FF 00 25 09 D8 20 01 01 02 00 00 13 67 00 00 13 67 00 00 00 72 FF C5 00 2A 12 34 02 88 C0 00 00 00 D8,4967,4967,114,4660,2026-07-30 22:56:19.456,648,-59,42,
FF FF FF FF 00 25 09 D9 20 01 01 02 00 00 13 67 00 00 13 67 00 00 00 7B FF CB 00 27 12 34 02 89 C0 00 00 00 D2,4967,4967,123,4660,2026-07-30 22:56:19.553,649,-53,39,
FF FF FF FF 00 25 09 DA 20 01 01 02 00 00 13 67 00 00 13 67 00 00 00 81 FF C9 00 29 12 34 02 8A BF 00 00 00 5B,4967,4967,129,4660,2026-07-30 22:56:19.653,650,-55,41,
FF FF FF FF 00 25 09 DB 20 01 01 02 00 00 13 67 00 00 13 67 00 00 00 88 FF C8 00 2A 12 34 02 8B C0 00 00 00 2F,4967,4967,136,4660,2026-07-30 22:56:19.750,651,-56,42,
FF FF FF FF 00 25 09 DC 20 01 01 02 00 00 13 67 00 00 13 67 00 00 00 88 FF C1 00 30 12 34 02 8C BE 00 00 00 42,4967,4967,136,4660,2026-07-30 22:56:19.849,652,-63,48,
FF FF FF FF 00 25 09 DD 20 01 01 02 00 00 13 67 00 00 13 67 00 00 00 83 FF C6 00 2B 12 34 02 8D BE 00 00 00 55,4967,4967,131,4660,2026-07-30 22:56:19.955,653,-58,43,
FF FF FF FF 00 25 09 DE 20 01 01 02 00 00 13 67 00 00 13 67 00 00 00 7D FF C9 00 27 12 34 02 8E BE 00 00 00 A8,4967,4967,125,4660,2026-07-30 22:56:20.048,654,-55,39,
FF FF FF FF 00 25 09 DF 20 01 01 02 00 00 13 67 00 00 13 67 00 00 00 7D FF C7 00 29 12 34 02 8F BF 00 00 00 A9,4967,4967,125,4660,2026-07-30 22:56:20.149,655,-57,41,
FF FF FF FF 00 25 09 E0 20 01 01 02 00 00 13 67 00 00 13 67 00 00 00 77 FF BF 00 2B 12 34 02 90 BE 00 00 00 F8,4967,4967,119,4660,2026-07-30 22:56:20.248,656,-65,43,
FF FF FF FF 00 25 09 E1 20 01 01 02 00 00 13 67 00 00 13 67 00 00 00 71 FF C3 00 28 12 34 02 91 BF 00 00 00 80,4967,4967,113,4660,2026-07-30 22:56:20.359,657,-61,40,
FF FF FF FF 00 25 09 E2 20 01 01 02 00 00 13 67 00 00 13 67 00 00 00 6B FF C7 00 28 12 34 02 92 BE 00 00 00 9F,4967,4967,107,4660,2026-07-30 22:56:20.450,658,-57,40,
FF FF FF FF 00 25 09 E3 20 01 01 02 00 00 13 67 00 00 13 67 00 00 00 65 FF CB 00 28 12 34 02 93 BC 00 00 00 9F,4967,4967,101,4660,2026-07-30 22:56:20.545,659,-53,40,
FF FF FF FF 00 25 09 E4 20 01 01 02 00 00 13 67 00 00 13 67 00 00 00 61 FF D0 00 26 12 34 02 94 BD 00 00 00 8F,4967,4967,97,4660,2026-07-30 22:56:20.645,660,-48,38,
FF FF FF FF 00 25 09 E5 20 01 01 02 00 00 13 67 00 00 13 67 00 00 00 61 FF C5 00 34 12 34 02 95 BE 00 00 00 8B,4967,4967,97,4660,2026-07-30 22:56:20.757,661,-59,52,
FF FF FF FF 00 25 09 E6 20 01 01 02 00 00 13 67 00 00 13 67 00 00 00 61 FF C2 00 36 12 34 02 96 BA 00 00 00 8A,4967,4967,97,4660,2026-07-30 22:56:20.857,662,-62,54,
FF FF FF FF 00 25 09 E7 20 01 01 02 00 00 13 67 00 00 13 67 00 00 00 60 FF C1 00 39 12 34 02 97 BC 00 00 00 81,4967,4967,96,4660,2026-07-30 22:56:20.959,663,-63,57,
FF FF FF FF 00 25 09 E8 20 01 01 02 00 00 13 67 00 00 13 67 00 00 00 5D FF CC 00 34 12 34 02 98 BA 00 00 00 BA,4967,4967,93,4660,2026-07-30 22:56:21.051,664,-52,52,
FF FF FF FF 00 25 09 E9 20 01 01 02 00 00 13 67 00 00 13 67 00 00 00 5C FF D1 00 31 12 34 02 99 BA 00 00 00 A3,4967,4967,92,4660,2026-07-30 22:56:21.149,665,-47,49,
FF FF FF FF 00 25 09 EA 20 01 01 02 00 00 13 67 00 00 13 67 00 00 00 57 FF D6 00 2D 12 34 02 9A BA 00 00 00 B3,4967,4967,87,4660,2026-07-30 22:56:21.259,666,-42,45,
FF FF FF FF 00 25 09 EB 20 01 01 02 00 00 13 67 00 00 13 67 00 00 00 55 FF D8 00 2A 12 34 02 9B B9 00 00 00 BB,4967,4967,85,4660,2026-07-30 22:56:21.359,667,-40,42,
FF FF FF FF 00 25 09 EC 20 01 01 02 00 00 13 67 00 00 13 67 00 00 00 52 FF D9 00 28 12 34 02 9C BA 00 00 00 BC,4967,4967,82,4660,2026-07-30 22:56:21.446,668,-39,40,
FF FF FF FF 00 25 09 ED 20 01 01 02 00 00 13 67 00 00 13 67 00 00 00 62 FF E9 00 35 12 34 02 9D BC 00 00 00 A7,4967,4967,98,4660,2026-07-30 22:56:21.558,669,-23,53,
FF FF FF FF 00 25 09 EE 20 01 01 02 00 00 13 67 00 00 13 67 00 00 00 5F FF E5 00 2F 12 34 02 9E BB 00 00 00 8B,4967,4967,95,4660,2026-07-30 22:56:21.655,670,-27,47,
FF FF FF FF 00 25 09 EF 20 01 01 02 00 00 13 67 00 00 13 67 00 00 00 59 FF E2 00 2B 12 34 02 9F BA 00 00 00 8F,4967,4967,89,4660,2026-07-30 22:56:21.755,671,-30,43,
FF FF FF FF 00 25 09 F0 20 01 01 02 00 00 13 67 00 00 13 67 00 00 00 4E FF E1 00 29 12 34 02 A0 BC 00 00 00 BF,4967,4967,78,4660,2026-07-30 22:56:21.853,672,-31,41,
FF FF FF FF 00 25 09 F1 20 01 01 02 00 00 13 67 00 00 13 67 00 00 00 49 FF DF 00 27 12 34 02 A1 BC 00 00 00 88,4967,4967,73,4660,2026-07-30 22:56:21.952,673,-33,39,
FF FF FF FF 00 25 09 F2 20 01 01 02 00 00 13 67 00 00 13 67 00 00 00 49 FF DD 00 21 12 34 02 A2 BD 00 00 00 8D,4967,4967,73,4660,2026-07-30 22:56:22.051,674,-35,33,
FF FF FF FF 00 25 09 F3 20 01 01 02 00 00 13 67 00 00 13 67 00 00 00 4D FF DE 00 1E 12 34 02 A3 BD 00 00 00 B5,4967,4967,77,4660,2026-07-30 22:56:22.149,675,-34,30,
FF FF FF FF 00 25 09 F4 20 01 01 02 00 00 13 67 00 00 13 67 00 00 00 4D FF DC 00 1D 12 34 02 A4 BE 00 00 00 B7,4967,4967,77,4660,2026-07-30 22:56:22.248,676,-36,29,
FF FF FF FF 00 25 09 F5 20 01 01 02 00 00 13 67 00 00 13 67 00 00 00 56 FF DC 00 1E 12 34 02 A5 BD 00 00 00 AC,4967,4967,86,4660,2026-07-30 22:56:22.348,677,-36,30,
FF FF FF FF 00 25 09 F6 20 01 01 02 00 00 13 67 00 00 13 67 00 00 00 62 FF DC 00 1F 12 34 02 A6 BD 00 00 00 99,4967,4967,98,4660,2026-07-30 22:56:22.459,678,-36,31,
FF FF FF FF 00 25 09 F7 20 01 01 02 00 00 13 67 00 00 13 67 00 00 00 5D FF DB 00 20 12 34 02 A7 BD 00 00 00 9E,4967,4967,93,4660,2026-07-30 22:56:22.553,679,-37,32,
FF FF FF FF 00 25 09 F8 20 01 01 02 00 00 13 67 00 00 13 67 00 00 00 57 FF DB 00 21 12 34 02 A8 BC 00 00 00 94,4967,4967,87,4660,2026-07-30 22:56:22.653,680,-37,33,
FF FF FF FF 00 25 09 F9 20 01 01 02 00 00 13 67 00 00 13 67 00 00 00 58 FF D7 00 29 12 34 02 A9 BD 00 00 00 9E,4967,4967,88,4660,2026-07-30 22:56:22.752,681,-41,41,
FF FF FF FF 00 25 09 FA 20 01 01 02 00 00 13 67 00 00 13 67 00 00 00 61 FF D8 00 28 12 34 02 AA BC 00 00 00 A8,4967,4967,97,4660,2026-07-30 22:56:22.852,682,-40,40,
FF FF FF FF 00 25 09 FB 20 01 01 02 00 00 13 67 00 00 13 67 00 00 00 6A FF D9 00 27 12 34 02 AB BC 00 00 00 AD,4967,4967,106,4660,2026-07-30 22:56:22.950,683,-39,39,
FF FF FF FF 00 25 09 FC 20 01 01 02 00 00 13 67 00 00 13 67 00 00 00 61 FF DB 00 26 12 34 02 AC BC 00 00 00 A5,4967,4967,97,4660,2026-07-30 22:56:23.047,684,-37,38,
FF FF FF FF 00 25 09 FD 20 01 01 02 00 00 13 67 00 00 13 67 00 00 00 6F FF D6 00 2C 12 34 02 AD BE 00 00 00 AE,4967,4967,111,4660,2026-07-30 22:56:23.145,685,-42,44,
FF FF FF FF 00 25 09 FE 20 01 01 02 00 00 13 67 00 00 13 67 00 00 00 72 FF D8 00 2A 12 34 02 AE BD 00 00 00 B8,4967,4967,114,4660,2026-07-30 22:56:23.256,686,-40,42,
FF FF FF FF 00 25 09 FF 20 01 01 02 00 00 13 67 00 00 13 67 00 00 00 6E FF D9 00 27 12 34 02 AF BD 00 00 00 A8,4967,4967,110,4660,2026-07-30 22:56:23.355,687,-39,39,
FF FF FF FF 00 25 0A 00 20 01 01 02 00 00 13 67 00 00 13 67 00 00 00 78 FF EB 00 23 12 34 02 B0 BE 00 00 00 68,4967,4967,120,4660,2026-07-30 22:56:23.454,688,-21,35,
FF FF FF FF 00 25 0A 01 20 01 01 02 00 00 13 67 00 00 13 67 00 00 00 7D FF E6 00 22 12 34 02 B1 BF 00 00 00 60,4967,4967,125,4660,2026-07-30 22:56:23.554,689,-26,34,
FF FF FF FF 00 25 0A 02 20 01 01 02 00 00 13 67 00 00 13 67 00 00 00 70 FF E2 00 21 12 34 02 B2 BD 00 00 00 68,4967,4967,112,4660,2026-07-30 22:56:23.654,690,-30,33,
FF FF FF FF 00 25 0A 03 20 01 01 02 00 00 13 67 00 00 13 67 00 00 00 66 FF DE 00 21 12 34 02 B3 BD 00 00 00 42,4967,4967,102,4660,2026-07-30 22:56:23.753,691,-34,33,
FF FF FF FF 00 25 0A 04 20 01 01 02 00 00 13 67 00 00 13 67 00 00 00 61 FF DD 00 21 12 34 02 B4 BD 00 00 00 46,4967,4967,97,4660,2026-07-30 22:56:23.857,692,-35,33,
FF FF FF FF 00 25 0A 05 20 01 01 02 00 00 13 67 00 00 13 67 00 00 00 70 FF DE 00 21 12 34 02 B5 BD 00 00 00 54,4967,4967,112,4660,2026-07-30 22:56:23.955,693,-34,33,
FF FF FF FF 00 25 09 FB 20 01 01 02 00 00 13 67 00 00 13 67 00 00 00 6A FF D9 00 27 12 34 02 AB BC 00 00 00 AD,4967,4967,106,4660,2026-07-30 22:56:22.950,683,-39,39,
FF FF FF FF 00 25 09 FC 20 01 01 02 00 00 13 67 00 00 13 67 00 00 00 61 FF DB 00 26 12 34 02 AC BC 00 00 00 A5,4967,4967,97,4660,2026-07-30 22:56:23.047,684,-37,38,
FF FF FF FF 00 25 09 FD 20 01 01 02 00 00 13 67 00 00 13 67 00 00 00 6F FF D6 00 2C 12 34 02 AD BE 00 00 00 AE,4967,4967,111,4660,2026-07-30 22:56:23.145,685,-42,44,
FF FF FF FF 00 25 09 FE 20 01 01 02 00 00 13 67 00 00 13 67 00 00 00 72 FF D8 00 2A 12 34 02 AE BD 00 00 00 B8,4967,4967,114,4660,2026-07-30 22:56:23.256,686,-40,42,
FF FF FF FF 00 25 09 FF 20 01 01 02 00 00 13 67 00 00 13 67 00 00 00 6E FF D9 00 27 12 34 02 AF BD 00 00 00 A8,4967,4967,110,4660,2026-07-30 22:56:23.355,687,-39,39,
FF FF FF FF 00 25 0A 00 20 01 01 02 00 00 13 67 00 00 13 67 00 00 00 78 FF EB 00 23 12 34 02 B0 BE 00 00 00 68,4967,4967,120,4660,2026-07-30 22:56:23.454,688,-21,35,
FF FF FF FF 00 25 0A 01 20 01 01 02 00 00 13 67 00 00 13 67 00 00 00 7D FF E6 00 22 12 34 02 B1 BF 00 00 00 60,4967,4967,125,4660,2026-07-30 22:56:23.554,689,-26,34,
FF FF FF FF 00 25 0A 02 20 01 01 02 00 00 13 67 00 00 13 67 00 00 00 70 FF E2 00 21 12 34 02 B2 BD 00 00 00 68,4967,4967,112,4660,2026-07-30 22:56:23.654,690,-30,33,
FF FF FF FF 00 25 0A 03 20 01 01 02 00 00 13 67 00 00 13 67 00 00 00 66 FF DE 00 21 12 34 02 B3 BD 00 00 00 42,4967,4967,102,4660,2026-07-30 22:56:23.753,691,-34,33,
FF FF FF FF 00 25 0A 04 20 01 01 02 00 00 13 67 00 00 13 67 00 00 00 61 FF DD 00 21 12 34 02 B4 BD 00 00 00 46,4967,4967,97,4660,2026-07-30 22:56:23.857,692,-35,33,
FF FF FF FF 00 25 0A 06 20 01 01 02 00 00 13 67 00 00 13 67 00 00 00 6D FF DF 00 21 12 34 02 B6 BD 00 00 00 48,4967,4967,109,4660,2026-07-30 22:56:24.054,694,-33,33,
FF FF FF FF 00 25 0A 07 20 01 01 02 00 00 13 67 00 00 13 67 00 00 00 71 FF DF 00 23 12 34 02 B7 BD 00 00 00 56,4967,4967,113,4660,2026-07-30 22:56:24.152,695,-33,35,
FF FF FF FF 00 25 0A 08 20 01 01 02 00 00 13 67 00 00 13 67 00 00 00 68 FF E1 00 23 12 34 02 B8 BC 00 00 00 70,4967,4967,104,4660,2026-07-30 22:56:24.251,696,-31,35,
FF FF FF FF 00 25 0A 09 20 01 01 02 00 00 13 67 00 00 13 67 00 00 00 64 FF E1 00 23 12 34 02 B9 BC 00 00 00 7C,4967,4967,100,4660,2026-07-30 22:56:24.349,697,-31,35,
FF FF FF FF 00 25 0A 0A 20 01 01 02 00 00 13 67 00 00 13 67 00 00 00 61 FF E1 00 23 12 34 02 BA BC 00 00 00 79,4967,4967,97,4660,2026-07-30 22:56:24.449,698,-31,35,
FF FF FF FF 00 25 0A 0B 20 01 01 02 00 00 13 67 00 00 13 67 00 00 00 5D FF E2 00 23 12 34 02 BB BD 00 00 00 47,4967,4967,93,4660,2026-07-30 22:56:24.545,699,-30,35,
FF FF FF FF 00 25 0A 0C 20 01 01 02 00 00 13 67 00 00 13 67 00 00 00 5A FF E1 00 24 12 34 02 BC BD 00 00 00 44,4967,4967,90,4660,2026-07-30 22:56:24.657,700,-31,36,
FF FF FF FF 00 25 0A 0D 20 01 01 02 00 00 13 67 00 00 13 67 00 00 00 55 FF E0 00 23 12 34 02 BD BD 00 00 00 4D,4967,4967,85,4660,2026-07-30 22:56:24.756,701,-32,35,
FF FF FF FF 00 25 0A 0E 20 01 01 02 00 00 13 67 00 00 13 67 00 00 00 53 FF E0 00 23 12 34 02 BE BB 00 00 00 4D,4967,4967,83,4660,2026-07-30 22:56:24.855,702,-32,35,
FF FF FF FF 00 25 0A 0F 20 01 01 02 00 00 13 67 00 00 13 67 00 00 00 52 FF DE 00 24 12 34 02 BF BC 00 00 00 72,4967,4967,82,4660,2026-07-30 22:56:24.954,703,-34,36,
FF FF FF FF 00 25 0A 10 20 01 01 02 00 00 13 67 00 00 13 67 00 00 00 52 FF DE 00 25 12 34 02 C0 BD 00 00 00 12,4967,4967,82,4660,2026-07-30 22:56:25.051,704,-34,37,
FF FF FF FF 00 25 0A 11 20 01 01 02 00 00 13 67 00 00 13 67 00 00 00 54 FF DD 00 22 12 34 02 C1 BD 00 00 00 10,4967,4967,84,4660,2026-07-30 22:56:25.151,705,-35,34,
FF FF FF FF 00 25 0A 12 20 01 01 02 00 00 13 67 00 00 13 67 00 00 00 4E FF DE 00 23 12 34 02 C2 BC 00 00 00 09,4967,4967,78,4660,2026-07-30 22:56:25.248,706,-34,35,
FF FF FF FF 00 25 0A 13 20 01 01 02 00 00 13 67 00 00 13 67 00 00 00 4C FF DD 00 21 12 34 02 C3 BD 00 00 00 0B,4967,4967,76,4660,2026-07-30 22:56:25.348,707,-35,33,
FF FF FF FF 00 25 0A 14 20 01 01 02 00 00 13 67 00 00 13 67 00 00 00 4E FF DB 00 1E 12 34 02 C4 BD 00 00 00 30,4967,4967,78,4660,2026-07-30 22:56:25.448,708,-37,30,
FF FF FF FF 00 25 0A 15 20 01 01 02 00 00 13 67 00 00 13 67 00 00 00 4F FF DE 00 1C 12 34 02 C5 BD 00 00 00 36,4967,4967,79,4660,2026-07-30 22:56:25.547,709,-34,28,
FF FF FF FF 00 25 0A 16 20 01 01 02 00 00 13 67 00 00 13 67 00 00 00 4E FF DE 00 1E 12 34 02 C6 BC 00 00 00 34,4967,4967,78,4660,2026-07-30 22:56:25.646,710,-34,30,
FF FF FF FF 00 25 0A 17 20 01 01 02 00 00 13 67 00 00 13 67 00 00 00 4E FF DE 00 20 12 34 02 C7 BC 00 00 00 0A,4967,4967,78,4660,2026-07-30 22:56:25.759,711,-34,32,
FF FF FF FF 00 25 0A 18 20 01 01 02 00 00 13 67 00 00 13 67 00 00 00 51 FF DE 00 21 12 34 02 C8 BC 00 00 00 14,4967,4967,81,4660,2026-07-30 22:56:25.846,712,-34,33,
FF FF FF FF 00 25 0A 19 20 01 01 02 00 00 13 67 00 00 13 67 00 00 00 50 FF DE 00 22 12 34 02 C9 BC 00 00 00 16,4967,4967,80,4660,2026-07-30 22:56:25.945,713,-34,34,
FF FF FF FF 00 25 0A 1A 20 01 01 02 00 00 13 67 00 00 13 67 00 00 00 50 FF DE 00 23 12 34 02 CA BB 00 00 00 10,4967,4967,80,4660,2026-07-30 22:56:26.056,714,-34,35,
FF FF FF FF 00 25 0A 1B 20 01 01 02 00 00 13 67 00 00 13 67 00 00 00 4F FF DE 00 25 12 34 02 CB BA 00 00 00 08,4967,4967,79,4660,2026-07-30 22:56:26.153,715,-34,37,
FF FF FF FF 00 25 0A 1C 20 01 01 02 00 00 13 67 00 00 13 67 00 00 00 50 FF DF 00 25 12 34 02 CC B9 00 00 00 15,4967,4967,80,4660,2026-07-30 22:56:26.253,716,-33,37,
FF FF FF FF 00 25 0A 1D 20 01 01 02 00 00 13 67 00 00 13 67 00 00 00 53 FF E0 00 26 12 34 02 CD BA 00 00 00 29,4967,4967,83,4660,2026-07-30 22:56:26.358,717,-32,38,
FF FF FF FF 00 25 0A 1E 20 01 01 02 00 00 13 67 00 00 13 67 00 00 00 56 FF E3 00 27 12 34 02 CE BC 00 00 00 28,4967,4967,86,4660,2026-07-30 22:56:26.456,718,-29,39,
FF FF FF FF 00 25 0A 1F 20 01 01 02 00 00 13 67 00 00 13 67 00 00 00 58 FF E5 00 26 12 34 02 CF BC 00 00 00 21,4967,4967,88,4660,2026-07-30 22:56:26.552,719,-27,38,
FF FF FF FF 00 25 0A 20 20 01 01 02 00 00 13 67 00 00 13 67 00 00 00 59 FF E6 00 26 12 34 02 D0 BB 00 00 00 04,4967,4967,89,4660,2026-07-30 22:56:26.652,720,-26,38,
FF FF FF FF 00 25 0A 21 20 01 01 02 00 00 13 67 00 00 13 67 00 00 00 58 FF E6 00 26 12 34 02 D1 BA 00 00 00 04,4967,4967,88,4660,2026-07-30 22:56:26.751,721,-26,38,
FF FF FF FF 00 25 0A 22 20 01 01 02 00 00 13 67 00 00 13 67 00 00 00 5B FF E5 00 26 12 34 02 D2 B9 00 00 00 07,4967,4967,91,4660,2026-07-30 22:56:26.850,722,-27,38,
FF FF FF FF 00 25 0A 23 20 01 01 02 00 00 13 67 00 00 13 67 00 00 00 5C FF E6 00 26 12 34 02 D3 BC 00 00 00 06,4967,4967,92,4660,2026-07-30 22:56:26.948,723,-26,38,
FF FF FF FF 00 25 0A 24 20 01 01 02 00 00 13 67 00 00 13 67 00 00 00 5F FF E6 00 27 12 34 02 D4 BB 00 00 00 03,4967,4967,95,4660,2026-07-30 22:56:27.056,724,-26,39,
FF FF FF FF 00 25 0A 25 20 01 01 02 00 00 13 67 00 00 13 67 00 00 00 62 FF E6 00 29 12 34 02 D5 BA 00 00 00 31,4967,4967,98,4660,2026-07-30 22:56:27.154,725,-26,41,
FF FF FF FF 00 25 0A 26 20 01 01 02 00 00 13 67 00 00 13 67 00 00 00 64 FF E6 00 2A 12 34 02 D6 BA 00 00 00 34,4967,4967,100,4660,2026-07-30 22:56:27.254,726,-26,42,
FF FF FF FF 00 25 0A 27 20 01 01 02 00 00 13 67 00 00 13 67 00 00 00 62 FF E6 00 2B 12 34 02 D7 B7 00 00 00 3E,4967,4967,98,4660,2026-07-30 22:56:27.352,727,-26,43,
FF FF FF FF 00 25 0A 28 20 01 01 02 00 00 13 67 00 00 13 67 00 00 00 62 FF E6 00 2C 12 34 02 D8 B7 00 00 00 39,4967,4967,98,4660,2026-07-30 22:56:27.452,728,-26,44,
FF FF FF FF 00 25 0A 29 20 01 01 02 00 00 13 67 00 00 13 67 00 00 00 60 FF E8 00 2A 12 34 02 D9 BB 00 00 00 3F,4967,4967,96,4660,2026-07-30 22:56:27.559,729,-24,42,
FF FF FF FF 00 25 0A 2A 20 01 01 02 00 00 13 67 00 00 13 67 00 00 00 5D FF E8 00 2A 12 34 02 DA BA 00 00 00 03,4967,4967,93,4660,2026-07-30 22:56:27.646,730,-24,42,
FF FF FF FF 00 25 0A 2B 20 01 01 02 00 00 13 67 00 00 13 67 00 00 00 60 FF E9 00 29 12 34 02 DB BA 00 00 00 3C,4967,4967,96,4660,2026-07-30 22:56:27.756,731,-23,41,
FF FF FF FF 00 25 0A 2C 20 01 01 02 00 00 13 67 00 00 13 67 00 00 00 63 FF EB 00 29 12 34 02 DC BA 00 00 00 3D,4967,4967,99,4660,2026-07-30 22:56:27.845,732,-21,41,
FF FF FF FF 00 25 0A 2D 20 01 01 02 00 00 13 67 00 00 13 67 00 00 00 63 FF EB 00 28 12 34 02 DD BB 00 00 00 3D,4967,4967,99,4660,2026-07-30 22:56:27.945,733,-21,40,
FF FF FF FF 00 25 0A 2E 20 01 01 02 00 00 13 67 00 00 13 67 00 00 00 68 FF EB 00 27 12 34 02 DE BB 00 00 00 39,4967,4967,104,4660,2026-07-30 22:56:28.051,734,-21,39,
FF FF FF FF 00 25 0A 2F 20 01 01 02 00 00 13 67 00 00 13 67 00 00 00 69 FF EA 00 26 12 34 02 DF B8 00 00 00 3B,4967,4967,105,4660,2026-07-30 22:56:28.156,735,-22,38,
FF FF FF FF 00 25 0A 30 20 01 01 02 00 00 13 67 00 00 13 67 00 00 00 62 FF E9 00 25 12 34 02 E0 BB 00 00 00 13,4967,4967,98,4660,2026-07-30 22:56:28.256,736,-23,37,
FF FF FF FF 00 25 0A 31 20 01 01 02 00 00 13 67 00 00 13 67 00 00 00 66 FF E7 00 24 12 34 02 E1 B8 00 00 00 1B,4967,4967,102,4660,2026-07-30 22:56:28.356,737,-25,36,
FF FF FF FF 00 25 0A 32 20 01 01 02 00 00 13 67 00 00 13 67 00 00 00 69 FF E6 00 24 12 34 02 E2 BB 00 00 00 16,4967,4967,105,4660,2026-07-30 22:56:28.455,738,-26,36,
FF FF FF FF 00 25 0A 33 20 01 01 02 00 00 13 67 00 00 13 67 00 00 00 6D FF E5 00 23 12 34 02 E3 BB 00 00 00 16,4967,4967,109,4660,2026-07-30 22:56:28.558,739,-27,35,
FF FF FF FF 00 25 0A 34 20 01 01 02 00 00 13 67 00 00 13 67 00 00 00 6F FF E4 00 23 12 34 02 E4 B9 00 00 00 17,4967,4967,111,4660,2026-07-30 22:56:28.651,740,-28,35,
FF FF FF FF 00 25 0A 35 20 01 01 02 00 00 13 67 00 00 13 67 00 00 00 6C FF E4 00 22 12 34 02 E5 BD 00 00 00 11,4967,4967,108,4660,2026-07-30 22:56:28.750,741,-28,34,
FF FF FF FF 00 25 0A 36 20 01 01 02 00 00 13 67 00 00 13 67 00 00 00 78 FF E2 00 20 12 34 02 E6 BD 00 00 00 01,4967,4967,120,4660,2026-07-30 22:56:28.850,742,-30,32,
FF FF FF FF 00 25 0A 37 20 01 01 02 00 00 13 67 00 00 13 67 00 00 00 6B FF E2 00 22 12 34 02 E7 BD 00 00 00 10,4967,4967,107,4660,2026-07-30 22:56:28.948,743,-30,34,
FF FF FF FF 00 25 0A 38 20 01 01 02 00 00 13 67 00 00 13 67 00 00 00 65 FF E2 00 23 12 34 02 E8 BC 00 00 00 1E,4967,4967,101,4660,2026-07-30 22:56:29.049,744,-30,35,
FF FF FF FF 00 25 0A 39 20 01 01 02 00 00 13 67 00 00 13 67 00 00 00 61 FF E2 00 25 12 34 02 E9 BC 00 00 00 1C,4967,4967,97,4660,2026-07-30 22:56:29.157,745,-30,37,
FF FF FF FF 00 25 0A 3A 20 01 01 02 00 00 13 67 00 00 13 67 00 00 00 5E FF E3 00 27 12 34 02 EA BA 00 00 00 26,4967,4967,94,4660,2026-07-30 22:56:29.256,746,-29,39,
FF FF FF FF 00 25 0A 3B 20 01 01 02 00 00 13 67 00 00 13 67 00 00 00 5B FF E6 00 23 12 34 02 EB BD 00 00 00 25,4967,4967,91,4660,2026-07-30 22:56:29.356,747,-26,35,
FF FF FF FF 00 25 0A 3C 20 01 01 02 00 00 13 67 00 00 13 67 00 00 00 56 FF E6 00 25 12 34 02 EC BA 00 00 00 29,4967,4967,86,4660,2026-07-30 22:56:29.456,748,-26,37,
FF FF FF FF 00 25 0A 3D 20 01 01 02 00 00 13 67 00 00 13 67 00 00 00 5A FF E6 00 26 12 34 02 ED B8 00 00 00 24,4967,4967,90,4660,2026-07-30 22:56:29.559,749,-26,38,
FF FF FF FF 00 25 0A 3E 20 01 01 02 00 00 13 67 00 00 13 67 00 00 00 5A FF E6 00 28 12 34 02 EE B7 00 00 00 25,4967,4967,90,4660,2026-07-30 22:56:29.650,750,-26,40,
FF FF FF FF 00 25 0A 3F 20 01 01 02 00 00 13 67 00 00 13 67 00 00 00 5E FF E6 00 28 12 34 02 EF BA 00 00 00 2C,4967,4967,94,4660,2026-07-30 22:56:29.751,751,-26,40,
FF FF FF FF 00 25 0A 40 20 01 01 02 00 00 13 67 00 00 13 67 00 00 00 57 FF E5 00 2A 12 34 02 F0 BA 00 00 00 44,4967,4967,87,4660,2026-07-30 22:56:29.850,752,-27,42,
FF FF FF FF 00 25 0A 41 20 01 01 02 00 00 13 67 00 00 13 67 00 00 00 58 FF E5 00 2B 12 34 02 F1 BA 00 00 00 4A,4967,4967,88,4660,2026-07-30 22:56:29.950,753,-27,43,
FF FF FF FF 00 25 0A 42 20 01 01 02 00 00 13 67 00 00 13 67 00 00 00 58 FF E4 00 2A 12 34 02 F2 BB 00 00 00 4B,4967,4967,88,4660,2026-07-30 22:56:30.050,754,-28,42,
FF FF FF FF 00 25 0A 43 20 01 01 02 00 00 13 67 00 00 13 67 00 00 00 59 FF E5 00 2A 12 34 02 F3 BA 00 00 00 4A,4967,4967,89,4660,2026-07-30 22:56:30.150,755,-27,42,
FF FF FF FF 00 25 0A 44 20 01 01 02 00 00 13 67 00 00 13 67 00 00 00 59 FF E5 00 29 12 34 02 F4 BC 00 00 00 4F,4967,4967,89,4660,2026-07-30 22:56:30.249,756,-27,41,
FF FF FF FF 00 25 0A 45 20 01 01 02 00 00 13 67 00 00 13 67 00 00 00 56 FF E4 00 28 12 34 02 F5 BC 00 00 00 40,4967,4967,86,4660,2026-07-30 22:56:30.349,757,-28,40,
FF FF FF FF 00 25 0A 46 20 01 01 02 00 00 13 67 00 00 13 67 00 00 00 57 FF E4 00 28 12 34 02 F6 BC 00 00 00 41,4967,4967,87,4660,2026-07-30 22:56:30.449,758,-28,40,
FF FF FF FF 00 25 0A 47 20 01 01 02 00 00 13 67 00 00 13 67 00 00 00 57 FF E3 00 27 12 34 02 F7 BB 00 00 00 4E,4967,4967,87,4660,2026-07-30 22:56:30.549,759,-29,39,
FF FF FF FF 00 25 0A 48 20 01 01 02 00 00 13 67 00 00 13 67 00 00 00 51 FF E3 00 27 12 34 02 F8 BA 00 00 00 49,4967,4967,81,4660,2026-07-30 22:56:30.649,760,-29,39,
FF FF FF FF 00 25 0A 49 20 01 01 02 00 00 13 67 00 00 13 67 00 00 00 52 FF E3 00 28 12 34 02 F9 BC 00 00 00 43,4967,4967,82,4660,2026-07-30 22:56:30.761,761,-29,40,
FF FF FF FF 00 25 0A 4A 20 01 01 02 00 00 13 67 00 00 13 67 00 00 00 53 FF E2 00 28 12 34 02 FA BD 00 00 00 42,4967,4967,83,4660,2026-07-30 22:56:30.848,762,-30,40,
FF FF FF FF 00 25 0A 4B 20 01 01 02 00 00 13 67 00 00 13 67 00 00 00 53 FF E1 00 28 12 34 02 FB BD 00 00 00 41,4967,4967,83,4660,2026-07-30 22:56:30.960,763,-31,40,
FF FF FF FF 00 25 0A 4C 20 01 01 02 00 00 13 67 00 00 13 67 00 00 00 51 FF E1 00 28 12 34 02 FC BB 00 00 00 45,4967,4967,81,4660,2026-07-30 22:56:31.046,764,-31,40,
FF FF FF FF 00 25 0A 4D 20 01 01 02 00 00 13 67 00 00 13 67 00 00 00 4E FF D1 00 2D 12 34 02 FD BD 00 00 00 69,4967,4967,78,4660,2026-07-30 22:56:31.153,765,-47,45,
FF FF FF FF 00 25 0A 4E 20 01 01 02 00 00 13 67 00 00 13 67 00 00 00 4F FF D5 00 2B 12 34 02 FE BD 00 00 00 6A,4967,4967,79,4660,2026-07-30 22:56:31.252,766,-43,43,
FF FF FF FF 00 25 0A 4F 20 01 01 02 00 00 13 67 00 00 13 67 00 00 00 4B FF D7 00 29 12 34 02 FF BE 00 00 00 6D,4967,4967,75,4660,2026-07-30 22:56:31.350,767,-41,41,
FF FF FF FF 00 25 0A 50 20 01 01 02 00 00 13 67 00 00 13 67 00 00 00 4C FF D9 00 28 12 34 03 00 BF 00 00 00 85,4967,4967,76,4660,2026-07-30 22:56:31.450,768,-39,40,
FF FF FF FF 00 25 0A 51 20 01 01 02 00 00 13 67 00 00 13 67 00 00 00 4D FF DA 00 27 12 34 03 01 BE 00 00 00 89,4967,4967,77,4660,2026-07-30 22:56:31.550,769,-38,39,
FF FF FF FF 00 25 0A 52 20 01 01 02 00 00 13 67 00 00 13 67 00 00 00 4B FF DC 00 27 12 34 03 02 BD 00 00 00 8A,4967,4967,75,4660,2026-07-30 22:56:31.657,770,-36,39,
FF FF FF FF 00 25 0A 53 20 01 01 02 00 00 13 67 00 00 13 67 00 00 00 49 FF DD 00 28 12 34 03 03 BD 00 00 00 86,4967,4967,73,4660,2026-07-30 22:56:31.756,771,-35,40,
FF FF FF FF 00 25 0A 54 20 01 01 02 00 00 13 67 00 00 13 67 00 00 00 45 FF DD 00 27 12 34 03 04 BD 00 00 00 85,4967,4967,69,4660,2026-07-30 22:56:31.856,772,-35,39,
FF FF FF FF 00 25 0A 55 20 01 01 02 00 00 13 67 00 00 13 67 00 00 00 42 FF DD 00 28 12 34 03 05 BB 00 00 00 8B,4967,4967,66,4660,2026-07-30 22:56:31.955,773,-35,40,
FF FF FF FF 00 25 0A 56 20 01 01 02 00 00 13 67 00 00 13 67 00 00 00 44 FF DE 00 28 12 34 03 06 BC 00 00 00 89,4967,4967,68,4660,2026-07-30 22:56:32.052,774,-34,40,
FF FF FF FF 00 25 0A 57 20 01 01 02 00 00 13 67 00 00 13 67 00 00 00 43 FF DE 00 29 12 34 03 07 BC 00 00 00 8F,4967,4967,67,4660,2026-07-30 22:56:32.157,775,-34,41,
FF FF FF FF 00 25 0A 58 20 01 01 02 00 00 13 67 00 00 13 67 00 00 00 45 FF DE 00 29 12 34 03 08 BD 00 00 00 88,4967,4967,69,4660,2026-07-30 22:56:32.245,776,-34,41,
FF FF FF FF 00 25 0A 59 20 01 01 02 00 00 13 67 00 00 13 67 00 00 00 48 FF DF 00 29 12 34 03 09 BC 00 00 00 85,4967,4967,72,4660,2026-07-30 22:56:32.355,777,-33,41,
FF FF FF FF 00 25 0A 5A 20 01 01 02 00 00 13 67 00 00 13 67 00 00 00 49 FF DF 00 2A 12 34 03 0A BC 00 00 00 87,4967,4967,73,4660,2026-07-30 22:56:32.454,778,-33,42,
FF FF FF FF 00 25 0A 5B 20 01 01 02 00 00 13 67 00 00 13 67 00 00 00 49 FF E0 00 2A 12 34 03 0B BC 00 00 00 B8,4967,4967,73,4660,2026-07-30 22:56:32.554,779,-32,42,
FF FF FF FF 00 25 0A 5C 20 01 01 02 00 00 13 67 00 00 13 67 00 00 00 49 FF E0 00 2B 12 34 03 0C BB 00 00 00 BE,4967,4967,73,4660,2026-07-30 22:56:32.649,780,-32,43,
FF FF FF FF 00 25 0A 5D 20 01 01 02 00 00 13 67 00 00 13 67 00 00 00 49 FF E0 00 2B 12 34 03 0D BC 00 00 00 B9,4967,4967,73,4660,2026-07-30 22:56:32.748,781,-32,43,
FF FF FF FF 00 25 0A 5E 20 01 01 02 00 00 13 67 00 00 13 67 00 00 00 4A FF E0 00 2C 12 34 03 0E BC 00 00 00 BD,4967,4967,74,4660,2026-07-30 22:56:32.848,782,-32,44,
FF FF FF FF 00 25 0A 5F 20 01 01 02 00 00 13 67 00 00 13 67 00 00 00 46 FF DF 00 2D 12 34 03 0F BA 00 00 00 89,4967,4967,70,4660,2026-07-30 22:56:32.960,783,-33,45,
FF FF FF FF 00 25 0A 60 20 01 01 02 00 00 13 67 00 00 13 67 00 00 00 46 FF DF 00 2D 12 34 03 10 BB 00 00 00 A8,4967,4967,70,4660,2026-07-30 22:56:33.046,784,-33,45,
FF FF FF FF 00 25 0A 61 20 01 01 02 00 00 13 67 00 00 13 67 00 00 00 48 FF DF 00 2C 12 34 03 11 BD 00 00 00 A1,4967,4967,72,4660,2026-07-30 22:56:33.156,785,-33,44,
FF FF FF FF 00 25 0A 62 20 01 01 02 00 00 13 67 00 00 13 67 00 00 00 47 FF DF 00 2C 12 34 03 12 BA 00 00 00 A9,4967,4967,71,4660,2026-07-30 22:56:33.257,786,-33,44,
FF FF FF FF 00 25 0A 63 20 01 01 02 00 00 13 67 00 00 13 67 00 00 00 44 FF DE 00 2C 12 34 03 13 BC 00 00 00 AD,4967,4967,68,4660,2026-07-30 22:56:33.355,787,-34,44,
FF FF FF FF 00 25 0A 64 20 01 01 02 00 00 13 67 00 00 13 67 00 00 00 40 FF DE 00 2D 12 34 03 14 BD 00 00 00 A9,4967,4967,64,4660,2026-07-30 22:56:33.454,788,-34,45,
FF FF FF FF 00 25 0A 65 20 01 01 02 00 00 13 67 00 00 13 67 00 00 00 3D FF DE 00 2C 12 34 03 15 BE 00 00 00 D6,4967,4967,61,4660,2026-07-30 22:56:33.553,789,-34,44,
FF FF FF FF 00 25 0A 66 20 01 01 02 00 00 13 67 00 00 13 67 00 00 00 43 FF DE 00 2C 12 34 03 16 BD 00 00 00 AB,4967,4967,67,4660,2026-07-30 22:56:33.651,790,-34,44,
FF FF FF FF 00 25 0A 67 20 01 01 02 00 00 13 67 00 00 13 67 00 00 00 47 FF DE 00 2D 12 34 03 17 BC 00 00 00 AF,4967,4967,71,4660,2026-07-30 22:56:33.747,791,-34,45,
FF FF FF FF 00 25 0A 68 20 01 01 02 00 00 13 67 00 00 13 67 00 00 00 46 FF DE 00 2C 12 34 03 18 BB 00 00 00 A8,4967,4967,70,4660,2026-07-30 22:56:33.846,792,-34,44,
FF FF FF FF 00 25 0A 69 20 01 01 02 00 00 13 67 00 00 13 67 00 00 00 47 FF DE 00 2C 12 34 03 19 B8 00 00 00 AA,4967,4967,71,4660,2026-07-30 22:56:33.957,793,-34,44,
FF FF FF FF 00 25 0A 6A 20 01 01 02 00 00 13 67 00 00 13 67 00 00 00 47 FF DE 00 2C 12 34 03 1A BB 00 00 00 A9,4967,4967,71,4660,2026-07-30 22:56:34.056,794,-34,44,
FF FF FF FF 00 25 0A 6B 20 01 01 02 00 00 13 67 00 00 13 67 00 00 00 47 FF DF 00 2C 12 34 03 1B BB 00 00 00 A8,4967,4967,71,4660,2026-07-30 22:56:34.150,795,-33,44,
FF FF FF FF 00 25 0A 6C 20 01 01 02 00 00 13 67 00 00 13 67 00 00 00 49 FF DF 00 2C 12 34 03 1C BC 00 00 00 A1,4967,4967,73,4660,2026-07-30 22:56:34.249,796,-33,44,
FF FF FF FF 00 25 0A 6D 20 01 01 02 00 00 13 67 00 00 13 67 00 00 00 4A FF E0 00 2D 12 34 03 1D BB 00 00 00 9B,4967,4967,74,4660,2026-07-30 22:56:34.348,797,-32,45,
FF FF FF FF 00 25 0A 6E 20 01 01 02 00 00 13 67 00 00 13 67 00 00 00 49 FF E0 00 2D 12 34 03 1E B7 00 00 00 94,4967,4967,73,4660,2026-07-30 22:56:34.459,798,-32,45,
FF FF FF FF 00 25 0A 6F 20 01 01 02 00 00 13 67 00 00 13 67 00 00 00 4C FF E0 00 2D 12 34 03 1F BA 00 00 00 9C,4967,4967,76,4660,2026-07-30 22:56:34.546,799,-32,45,
FF FF FF FF 00 25 0A 70 20 01 01 02 00 00 13 67 00 00 13 67 00 00 00 4D FF E0 00 2D 12 34 03 20 BA 00 00 00 BD,4967,4967,77,4660,2026-07-30 22:56:34.651,800,-32,45,
FF FF FF FF 00 25 0A 71 20 01 01 02 00 00 13 67 00 00 13 67 00 00 00 4C FF E0 00 2C 12 34 03 21 BA 00 00 00 BD,4967,4967,76,4660,2026-07-30 22:56:34.752,801,-32,44,
FF FF FF FF 00 25 0A 72 20 01 01 02 00 00 13 67 00 00 13 67 00 00 00 4E FF E0 00 2B 12 34 03 22 BA 00 00 00 B8,4967,4967,78,4660,2026-07-30 22:56:34.851,802,-32,43,
FF FF FF FF 00 25 0A 73 20 01 01 02 00 00 13 67 00 00 13 67 00 00 00 4E FF E0 00 2B 12 34 03 23 BA 00 00 00 B8,4967,4967,78,4660,2026-07-30 22:56:34.951,803,-32,43,
FF FF FF FF 00 25 0A 74 20 01 01 02 00 00 13 67 00 00 13 67 00 00 00 4F FF E1 00 2A 12 34 03 24 BA 00 00 00 B9,4967,4967,79,4660,2026-07-30 22:56:35.049,804,-31,42,
FF FF FF FF 00 25 0A 75 20 01 01 02 00 00 13 67 00 00 13 67 00 00 00 50 FF E0 00 29 12 34 03 25 BC 00 00 00 A2,4967,4967,80,4660,2026-07-30 22:56:35.156,805,-32,41,
FF FF FF FF 00 25 0A 76 20 01 01 02 00 00 13 67 00 00 13 67 00 00 00 51 FF E0 00 28 12 34 03 26 BB 00 00 00 A5,4967,4967,81,4660,2026-07-30 22:56:35.246,806,-32,40,
FF FF FF FF 00 25 0A 77 20 01 01 02 00 00 13 67 00 00 13 67 00 00 00 53 FF E0 00 28 12 34 03 27 B9 00 00 00 A5,4967,4967,83,4660,2026-07-30 22:56:35.358,807,-32,40,
FF FF FF FF 00 25 0A 78 20 01 01 02 00 00 13 67 00 00 13 67 00 00 00 53 FF E0 00 28 12 34 03 28 BB 00 00 00 A7,4967,4967,83,4660,2026-07-30 22:56:35.445,808,-32,40,
FF FF FF FF 00 25 0A 79 20 01 01 02 00 00 13 67 00 00 13 67 00 00 00 55 FF E0 00 28 12 34 03 29 BC 00 00 00 A6,4967,4967,85,4660,2026-07-30 22:56:35.556,809,-32,40,
FF FF FF FF 00 25 0A 7A 20 01 01 02 00 00 13 67 00 00 13 67 00 00 00 56 FF E1 00 28 12 34 03 2A BA 00 00 00 A2,4967,4967,86,4660,2026-07-30 22:56:35.666,810,-31,40,
FF FF FF FF 00 25 0A 7B 20 01 01 02 00 00 13 67 00 00 13 67 00 00 00 5C FF E1 00 28 12 34 03 2B BB 00 00 00 A9,4967,4967,92,4660,2026-07-30 22:56:35.751,811,-31,40,
FF FF FF FF 00 25 0A 7C 20 01 01 02 00 00 13 67 00 00 13 67 00 00 00 5E FF E1 00 27 12 34 03 2C BA 00 00 00 A5,4967,4967,94,4660,2026-07-30 22:56:35.852,812,-31,39,
FF FF FF FF 00 25 0A 7D 20 01 01 02 00 00 13 67 00 00 13 67 00 00 00 5B FF E1 00 27 12 34 03 2D B7 00 00 00 AD,4967,4967,91,4660,2026-07-30 22:56:35.950,813,-31,39,
FF FF FF FF 00 25 0A 7E 20 01 01 02 00 00 13 67 00 00 13 67 00 00 00 58 FF E0 00 28 12 34 03 2E BB 00 00 00 AC,4967,4967,88,4660,2026-07-30 22:56:36.049,814,-32,40,
FF FF FF FF 00 25 0A 7F 20 01 01 02 00 00 13 67 00 00 13 67 00 00 00 5A FF E1 00 28 12 34 03 2F BC 00 00 00 A8,4967,4967,90,4660,2026-07-30 22:56:36.154,815,-31,40,
FF FF FF FF 00 25 0A 80 20 01 01 02 00 00 13 67 00 00 13 67 00 00 00 59 FF E1 00 29 12 34 03 30 BC 00 00 00 4A,4967,4967,89,4660,2026-07-30 22:56:36.252,816,-31,41,
FF FF FF FF 00 25 0A 81 20 01 01 02 00 00 13 67 00 00 13 67 00 00 00 56 FF E1 00 29 12 34 03 31 B8 00 00 00 41,4967,4967,86,4660,2026-07-30 22:56:36.350,817,-31,41,
FF FF FF FF 00 25 0A 82 20 01 01 02 00 00 13 67 00 00 13 67 00 00 00 53 FF E2 00 29 12 34 03 32 BA 00 00 00 45,4967,4967,83,4660,2026-07-30 22:56:36.450,818,-30,41,
FF FF FF FF 00 25 0A 83 20 01 01 02 00 00 13 67 00 00 13 67 00 00 00 51 FF E2 00 29 12 34 03 33 BB 00 00 00 46,4967,4967,81,4660,2026-07-30 22:56:36.550,819,-30,41,
FF FF FF FF 00 25 0A 84 20 01 01 02 00 00 13 67 00 00 13 67 00 00 00 4D FF E2 00 2A 12 34 03 34 BB 00 00 00 59,4967,4967,77,4660,2026-07-30 22:56:36.656,820,-30,42,
FF FF FF FF 00 25 0A 85 20 01 01 02 00 00 13 67 00 00 13 67 00 00 00 4B FF E2 00 2A 12 34 03 35 BB 00 00 00 5F,4967,4967,75,4660,2026-07-30 22:56:36.746,821,-30,42,
FF FF FF FF 00 25 0A 86 20 01 01 02 00 00 13 67 00 00 13 67 00 00 00 49 FF E2 00 29 12 34 03 36 BB 00 00 00 5E,4967,4967,73,4660,2026-07-30 22:56:36.847,822,-30,41,
FF FF FF FF 00 25 0A 87 20 01 01 02 00 00 13 67 00 00 13 67 00 00 00 48 FF E2 00 29 12 34 03 37 BC 00 00 00 58,4967,4967,72,4660,2026-07-30 22:56:36.959,823,-30,41,
FF FF FF FF 00 25 0A 88 20 01 01 02 00 00 13 67 00 00 13 67 00 00 00 45 FF E1 00 29 12 34 03 38 BD 00 00 00 57,4967,4967,69,4660,2026-07-30 22:56:37.058,824,-31,41,
FF FF FF FF 00 25 0A 89 20 01 01 02 00 00 13 67 00 00 13 67 00 00 00 48 FF E1 00 21 12 34 03 39 BC 00 00 00 53,4967,4967,72,4660,2026-07-30 22:56:37.162,825,-31,33,
FF FF FF FF 00 25 0A 8A 20 01 01 02 00 00 13 67 00 00 13 67 00 00 00 52 FF E3 00 1C 12 34 03 3A BC 00 00 00 76,4967,4967,82,4660,2026-07-30 22:56:37.257,826,-29,28,
FF FF FF FF 00 25 0A 8B 20 01 01 02 00 00 13 67 00 00 13 67 00 00 00 61 FF E5 00 18 12 34 03 3B BD 00 00 00 46,4967,4967,97,4660,2026-07-30 22:56:37.355,827,-27,24,
FF FF FF FF 00 25 0A 8C 20 01 01 02 00 00 13 67 00 00 13 67 00 00 00 6D FF E7 00 17 12 34 03 3C BD 00 00 00 47,4967,4967,109,4660,2026-07-30 22:56:37.454,828,-25,23,
FF FF FF FF 00 25 0A 8D 20 01 01 02 00 00 13 67 00 00 13 67 00 00 00 6F FF E7 00 15 12 34 03 3D BD 00 00 00 47,4967,4967,111,4660,2026-07-30 22:56:37.555,829,-25,21,
FF FF FF FF 00 25 0A 8E 20 01 01 02 00 00 13 67 00 00 13 67 00 00 00 70 FF E5 00 19 12 34 03 3E BD 00 00 00 56,4967,4967,112,4660,2026-07-30 22:56:37.661,830,-27,25,
FF FF FF FF 00 25 0A 8F 20 01 01 02 00 00 13 67 00 00 13 67 00 00 00 75 FF E7 00 18 12 34 03 3F BD 00 00 00 50,4967,4967,117,4660,2026-07-30 22:56:37.754,831,-25,24,
FF FF FF FF 00 25 0A 90 20 01 01 02 00 00 13 67 00 00 13 67 00 00 00 6E FF E9 00 16 12 34 03 40 BD 00 00 00 2B,4967,4967,110,4660,2026-07-30 22:56:37.849,832,-23,22,
FF FF FF FF 00 25 0A 91 20 01 01 02 00 00 13 67 00 00 13 67 00 00 00 67 FF E6 00 1B 12 34 03 41 BD 00 00 00 20,4967,4967,103,4660,2026-07-30 22:56:37.960,833,-26,27,
FF FF FF FF 00 25 0A 92 20 01 01 02 00 00 13 67 00 00 13 67 00 00 00 64 FF E4 00 1C 12 34 03 42 BF 00 00 00 24,4967,4967,100,4660,2026-07-30 22:56:38.059,834,-28,28,
FF FF FF FF 00 25 0A 93 20 01 01 02 00 00 13 67 00 00 13 67 00 00 00 63 FF E4 00 19 12 34 03 43 BE 00 00 00 27,4967,4967,99,4660,2026-07-30 22:56:38.159,835,-28,25,
FF FF FF FF 00 25 0A 94 20 01 01 02 00 00 13 67 00 00 13 67 00 00 00 60 FF E3 00 1D 12 34 03 44 BC 00 00 00 25,4967,4967,96,4660,2026-07-30 22:56:38.253,836,-29,29,
FF FF FF FF 00 25 0A 95 20 01 01 02 00 00 13 67 00 00 13 67 00 00 00 5D FF E2 00 1F 12 34 03 45 BE 00 00 00 19,4967,4967,93,4660,2026-07-30 22:56:38.351,837,-30,31,
FF FF FF FF 00 25 0A 96 20 01 01 02 00 00 13 67 00 00 13 67 00 00 00 5E FF E0 00 21 12 34 03 46 BC 00 00 00 24,4967,4967,94,4660,2026-07-30 22:56:38.452,838,-32,33,
FF FF FF FF 00 25 0A 97 20 01 01 02 00 00 13 67 00 00 13 67 00 00 00 5B FF E0 00 22 12 34 03 47 BC 00 00 00 22,4967,4967,91,4660,2026-07-30 22:56:38.551,839,-32,34,
FF FF FF FF 00 25 0A 98 20 01 01 02 00 00 13 67 00 00 13 67 00 00 00 5D FF E0 00 24 12 34 03 48 BC 00 00 00 22,4967,4967,93,4660,2026-07-30 22:56:38.649,840,-32,36,
FF FF FF FF 00 25 0A 99 20 01 01 02 00 00 13 67 00 00 13 67 00 00 00 5B FF E0 00 25 12 34 03 49 BB 00 00 00 22,4967,4967,91,4660,2026-07-30 22:56:38.759,841,-32,37,
FF FF FF FF 00 25 0A 9A 20 01 01 02 00 00 13 67 00 00 13 67 00 00 00 56 FF E0 00 25 12 34 03 4A BC 00 00 00 28,4967,4967,86,4660,2026-07-30 22:56:38.846,842,-32,37,
FF FF FF FF 00 25 0A 9B 20 01 01 02 00 00 13 67 00 00 13 67 00 00 00 56 FF E0 00 25 12 34 03 4B BC 00 00 00 28,4967,4967,86,4660,2026-07-30 22:56:38.958,843,-32,37,
FF FF FF FF 00 25 0A 9C 20 01 01 02 00 00 13 67 00 00 13 67 00 00 00 55 FF E0 00 26 12 34 03 4C BC 00 00 00 28,4967,4967,85,4660,2026-07-30 22:56:39.055,844,-32,38,
FF FF FF FF 00 25 0A 9D 20 01 01 02 00 00 13 67 00 00 13 67 00 00 00 56 FF E0 00 26 12 34 03 4D BB 00 00 00 2C,4967,4967,86,4660,2026-07-30 22:56:39.149,845,-32,38,
FF FF FF FF 00 25 0A 9E 20 01 01 02 00 00 13 67 00 00 13 67 00 00 00 53 FF E1 00 22 12 34 03 4E B9 00 00 00 2E,4967,4967,83,4660,2026-07-30 22:56:39.248,846,-31,34,
FF FF FF FF 00 25 0A 9F 20 01 01 02 00 00 13 67 00 00 13 67 00 00 00 56 FF E1 00 24 12 34 03 4F BB 00 00 00 2F,4967,4967,86,4660,2026-07-30 22:56:39.353,847,-31,36,
FF FF FF FF 00 25 0A A0 20 01 01 02 00 00 13 67 00 00 13 67 00 00 00 5C FF E0 00 25 12 34 03 50 BC 00 00 00 02,4967,4967,92,4660,2026-07-30 22:56:39.452,848,-32,37,
FF FF FF FF 00 25 0A A1 20 01 01 02 00 00 13 67 00 00 13 67 00 00 00 5B FF E1 00 20 12 34 03 51 BD 00 00 00 00,4967,4967,91,4660,2026-07-30 22:56:39.551,849,-31,32,
FF FF FF FF 00 25 0A A2 20 01 01 02 00 00 13 67 00 00 13 67 00 00 00 54 FF E1 00 22 12 34 03 52 BB 00 00 00 0B,4967,4967,84,4660,2026-07-30 22:56:39.649,850,-31,34,
FF FF FF FF 00 25 0A A3 20 01 01 02 00 00 13 67 00 00 13 67 00 00 00 53 FF E1 00 25 12 34 03 53 BC 00 00 00 0C,4967,4967,83,4660,2026-07-30 22:56:39.760,851,-31,37,
FF FF FF FF 00 25 0A A4 20 01 01 02 00 00 13 67 00 00 13 67 00 00 00 5B FF E1 00 26 12 34 03 54 BB 00 00 00 00,4967,4967,91,4660,2026-07-30 22:56:39.858,852,-31,38,
FF FF FF FF 00 25 0A A5 20 01 01 02 00 00 13 67 00 00 13 67 00 00 00 5C FF E1 00 26 12 34 03 55 BB 00 00 00 07,4967,4967,92,4660,2026-07-30 22:56:39.949,853,-31,38,
FF FF FF FF 00 25 0A A6 20 01 01 02 00 00 13 67 00 00 13 67 00 00 00 5F FF E1 00 27 12 34 03 56 BD 00 00 00 03,4967,4967,95,4660,2026-07-30 22:56:40.051,854,-31,39,
FF FF FF FF 00 25 0A A7 20 01 01 02 00 00 13 67 00 00 13 67 00 00 00 61 FF E0 00 27 12 34 03 57 BD 00 00 00 3C,4967,4967,97,4660,2026-07-30 22:56:40.160,855,-32,39,
FF FF FF FF 00 25 0A A8 20 01 01 02 00 00 13 67 00 00 13 67 00 00 00 61 FF E0 00 28 12 34 03 58 BC 00 00 00 32,4967,4967,97,4660,2026-07-30 22:56:40.257,856,-32,40,
FF FF FF FF 00 25 0A A9 20 01 01 02 00 00 13 67 00 00 13 67 00 00 00 65 FF E3 00 24 12 34 03 59 BD 00 00 00 38,4967,4967,101,4660,2026-07-30 22:56:40.363,857,-29,36,
FF FF FF FF 00 25 0A AA 20 01 01 02 00 00 13 67 00 00 13 67 00 00 00 64 FF E2 00 24 12 34 03 5A BD 00 00 00 38,4967,4967,100,4660,2026-07-30 22:56:40.455,858,-30,36,
FF FF FF FF 00 25 0A AB 20 01 01 02 00 00 13 67 00 00 13 67 00 00 00 66 FF D2 00 11 12 34 03 5B BC 00 00 00 3E,4967,4967,102,4660,2026-07-30 22:56:40.550,859,-46,17,
FF FF FF FF 00 25 0A AC 20 01 01 02 00 00 13 67 00 00 13 67 00 00 00 6D FF DA 00 06 12 34 03 5C BC 00 00 00 2A,4967,4967,109,4660,2026-07-30 22:56:40.649,860,-38,6,
FF FF FF FF 00 25 0A AD 20 01 01 02 00 00 13 67 00 00 13 67 00 00 00 6F FF DF 00 0E 12 34 03 5D BD 00 00 00 24,4967,4967,111,4660,2026-07-30 22:56:40.757,861,-33,14,
FF FF FF FF 00 25 0A AE 20 01 01 02 00 00 13 67 00 00 13 67 00 00 00 6E FF E2 00 15 12 34 03 5E BC 00 00 00 02,4967,4967,110,4660,2026-07-30 22:56:40.853,862,-30,21,
FF FF FF FF 00 25 0A AF 20 01 01 02 00 00 13 67 00 00 13 67 00 00 00 6F FF D2 00 09 12 34 03 5F BC 00 00 00 2F,4967,4967,111,4660,2026-07-30 22:56:40.952,863,-46,9,
FF FF FF FF 00 25 0A B0 20 01 01 02 00 00 13 67 00 00 13 67 00 00 00 6F FF C6 00 00 12 34 03 60 BB 00 00 00 15,4967,4967,111,4660,2026-07-30 22:56:41.050,864,-58,0,
FF FF FF FF 00 25 0A B1 20 01 01 02 00 00 13 67 00 00 13 67 00 00 00 6D FF D0 00 0C 12 34 03 61 BB 00 00 00 0D,4967,4967,109,4660,2026-07-30 22:56:41.158,865,-48,12,
FF FF FF FF 00 25 0A B2 20 01 01 02 00 00 13 67 00 00 13 67 00 00 00 6C FF D7 00 16 12 34 03 62 BB 00 00 00 11,4967,4967,108,4660,2026-07-30 22:56:41.256,866,-41,22,
FF FF FF FF 00 25 0A B3 20 01 01 02 00 00 13 67 00 00 13 67 00 00 00 6B FF DC 00 1D 12 34 03 63 BB 00 00 00 16,4967,4967,107,4660,2026-07-30 22:56:41.353,867,-36,29,
FF FF FF FF 00 25 0A B4 20 01 01 02 00 00 13 67 00 00 13 67 00 00 00 69 FF DE 00 22 12 34 03 64 BB 00 00 00 29,4967,4967,105,4660,2026-07-30 22:56:41.450,868,-34,34,
FF FF FF FF 00 25 0A B5 20 01 01 02 00 00 13 67 00 00 13 67 00 00 00 67 FF E0 00 26 12 34 03 65 B8 00 00 00 1E,4967,4967,103,4660,2026-07-30 22:56:41.547,869,-32,38,
FF FF FF FF 00 25 0A B6 20 01 01 02 00 00 13 67 00 00 13 67 00 00 00 66 FF E1 00 29 12 34 03 66 BB 00 00 00 12,4967,4967,102,4660,2026-07-30 22:56:41.658,870,-31,41,
FF FF FF FF 00 25 0A B7 20 01 01 02 00 00 13 67 00 00 13 67 00 00 00 64 FF E3 00 2B 12 34 03 67 BB 00 00 00 10,4967,4967,100,4660,2026-07-30 22:56:41.753,871,-29,43,
FF FF FF FF 00 25 0A B8 20 01 01 02 00 00 13 67 00 00 13 67 00 00 00 64 FF E3 00 2C 12 34 03 68 BA 00 00 00 16,4967,4967,100,4660,2026-07-30 22:56:41.852,872,-29,44,
FF FF FF FF 00 25 0A B9 20 01 01 02 00 00 13 67 00 00 13 67 00 00 00 65 FF E5 00 2C 12 34 03 69 BB 00 00 00 10,4967,4967,101,4660,2026-07-30 22:56:41.951,873,-27,44,
FF FF FF FF 00 25 0A BA 20 01 01 02 00 00 13 67 00 00 13 67 00 00 00 66 FF E5 00 2C 12 34 03 6A BB 00 00 00 13,4967,4967,102,4660,2026-07-30 22:56:42.050,874,-27,44,
FF FF FF FF 00 25 0A BB 20 01 01 02 00 00 13 67 00 00 13 67 00 00 00 64 FF E5 00 2D 12 34 03 6B BA 00 00 00 11,4967,4967,100,4660,2026-07-30 22:56:42.150,875,-27,45,
FF FF FF FF 00 25 0A BC 20 01 01 02 00 00 13 67 00 00 13 67 00 00 00 65 FF E5 00 2C 12 34 03 6C BB 00 00 00 10,4967,4967,101,4660,2026-07-30 22:56:42.259,876,-27,44,
FF FF FF FF 00 25 0A BD 20 01 01 02 00 00 13 67 00 00 13 67 00 00 00 65 FF E5 00 2B 12 34 03 6D BB 00 00 00 17,4967,4967,101,4660,2026-07-30 22:56:42.357,877,-27,43,
FF FF FF FF 00 25 0A BE 20 01 01 02 00 00 13 67 00 00 13 67 00 00 00 64 FF E4 00 2A 12 34 03 6E BB 00 00 00 16,4967,4967,100,4660,2026-07-30 22:56:42.457,878,-28,42,
FF FF FF FF 00 25 0A BF 20 01 01 02 00 00 13 67 00 00 13 67 00 00 00 65 FF E4 00 29 12 34 03 6F BB 00 00 00 14,4967,4967,101,4660,2026-07-30 22:56:42.555,879,-28,41,
FF FF FF FF 00 25 0A C0 20 01 01 02 00 00 13 67 00 00 13 67 00 00 00 5F FF E4 00 29 12 34 03 70 BB 00 00 00 4E,4967,4967,95,4660,2026-07-30 22:56:42.655,880,-28,41,
FF FF FF FF 00 25 0A C1 20 01 01 02 00 00 13 67 00 00 13 67 00 00 00 60 FF E3 00 2A 12 34 03 71 BB 00 00 00 75,4967,4967,96,4660,2026-07-30 22:56:42.766,881,-29,42,
FF FF FF FF 00 25 0A C2 20 01 01 02 00 00 13 67 00 00 13 67 00 00 00 66 FF E3 00 2A 12 34 03 72 BC 00 00 00 74,4967,4967,102,4660,2026-07-30 22:56:42.852,882,-29,42,
FF FF FF FF 00 25 0A C3 20 01 01 02 00 00 13 67 00 00 13 67 00 00 00 67 FF E4 00 2A 12 34 03 73 BB 00 00 00 75,4967,4967,103,4660,2026-07-30 22:56:42.951,883,-28,42,
FF FF FF FF 00 25 0A C4 20 01 01 02 00 00 13 67 00 00 13 67 00 00 00 69 FF E5 00 2A 12 34 03 74 BC 00 00 00 7D,4967,4967,105,4660,2026-07-30 22:56:43.050,884,-27,42,
FF FF FF FF 00 25 0A C5 20 01 01 02 00 00 13 67 00 00 13 67 00 00 00 6A FF E5 00 29 12 34 03 75 BC 00 00 00 7D,4967,4967,106,4660,2026-07-30 22:56:43.149,885,-27,41,
FF FF FF FF 00 25 0A C6 20 01 01 02 00 00 13 67 00 00 13 67 00 00 00 6B FF E7 00 29 12 34 03 76 BB 00 00 00 79,4967,4967,107,4660,2026-07-30 22:56:43.252,886,-25,41,
FF FF FF FF 00 25 0A C7 20 01 01 02 00 00 13 67 00 00 13 67 00 00 00 6B FF E8 00 2C 12 34 03 77 BC 00 00 00 74,4967,4967,107,4660,2026-07-30 22:56:43.354,887,-24,44,
FF FF FF FF 00 25 0A C8 20 01 01 02 00 00 13 67 00 00 13 67 00 00 00 6C FF EA 00 2D 12 34 03 78 B9 00 00 00 75,4967,4967,108,4660,2026-07-30 22:56:43.453,888,-22,45,
FF FF FF FF 00 25 0A C9 20 01 01 02 00 00 13 67 00 00 13 67 00 00 00 6D FF EA 00 31 12 34 03 79 BB 00 00 00 6A,4967,4967,109,4660,2026-07-30 22:56:43.551,889,-22,49,
FF FF FF FF 00 25 0A CA 20 01 01 02 00 00 13 67 00 00 13 67 00 00 00 6C FF EA 00 32 12 34 03 7A BC 00 00 00 6F,4967,4967,108,4660,2026-07-30 22:56:43.651,890,-22,50,
FF FF FF FF 00 25 0A CB 20 01 01 02 00 00 13 67 00 00 13 67 00 00 00 6A FF EA 00 33 12 34 03 7B BC 00 00 00 68,4967,4967,106,4660,2026-07-30 22:56:43.750,891,-22,51,
FF FF FF FF 00 25 0A CC 20 01 01 02 00 00 13 67 00 00 13 67 00 00 00 69 FF EA 00 35 12 34 03 7C BB 00 00 00 6A,4967,4967,105,4660,2026-07-30 22:56:43.849,892,-22,53,
FF FF FF FF 00 25 0A CD 20 01 01 02 00 00 13 67 00 00 13 67 00 00 00 69 FF E8 00 36 12 34 03 7D BC 00 00 00 6C,4967,4967,105,4660,2026-07-30 22:56:43.959,893,-24,54,
FF FF FF FF 00 25 0A CE 20 01 01 02 00 00 13 67 00 00 13 67 00 00 00 67 FF E7 00 36 12 34 03 7E BC 00 00 00 6D,4967,4967,103,4660,2026-07-30 22:56:44.049,894,-25,54,
FF FF FF FF 00 25 0A CF 20 01 01 02 00 00 13 67 00 00 13 67 00 00 00 66 FF E8 00 35 12 34 03 7F BC 00 00 00 60,4967,4967,102,4660,2026-07-30 22:56:44.148,895,-24,53,
FF FF FF FF 00 25 0A D0 20 01 01 02 00 00 13 67 00 00 13 67 00 00 00 67 FF E7 00 35 12 34 03 80 BB 00 00 00 89,4967,4967,103,4660,2026-07-30 22:56:44.250,896,-25,53,
FF FF FF FF 00 25 0A D1 20 01 01 02 00 00 13 67 00 00 13 67 00 00 00 65 FF E8 00 35 12 34 03 81 BB 00 00 00 84,4967,4967,101,4660,2026-07-30 22:56:44.356,897,-24,53,
FF FF FF FF 00 25 0A D2 20 01 01 02 00 00 13 67 00 00 13 67 00 00 00 64 FF E7 00 34 12 34 03 82 BB 00 00 00 8B,4967,4967,100,4660,2026-07-30 22:56:44.454,898,-25,52,
FF FF FF FF 00 25 0A D3 20 01 01 02 00 00 13 67 00 00 13 67 00 00 00 64 FF E6 00 34 12 34 03 83 BC 00 00 00 8D,4967,4967,100,4660,2026-07-30 22:56:44.552,899,-26,52,
FF FF FF FF 00 25 0A D4 20 01 01 02 00 00 13 67 00 00 13 67 00 00 00 64 FF E6 00 33 12 34 03 84 BB 00 00 00 8D,4967,4967,100,4660,2026-07-30 22:56:44.651,900,-26,51,
FF FF FF FF 00 25 0A D5 20 01 01 02 00 00 13 67 00 00 13 67 00 00 00 62 FF E6 00 32 12 34 03 85 BB 00 00 00 8A,4967,4967,98,4660,2026-07-30 22:56:44.755,901,-26,50,
FF FF FF FF 00 25 0A D6 20 01 01 02 00 00 13 67 00 00 13 67 00 00 00 60 FF E5 00 31 12 34 03 86 BD 00 00 00 8E,4967,4967,96,4660,2026-07-30 22:56:44.848,902,-27,49,
FF FF FF FF 00 25 0A D7 20 01 01 02 00 00 13 67 00 00 13 67 00 00 00 67 FF E5 00 30 12 34 03 87 BC 00 00 00 89,4967,4967,103,4660,2026-07-30 22:56:44.959,903,-27,48,
FF FF FF FF 00 25 0A D8 20 01 01 02 00 00 13 67 00 00 13 67 00 00 00 6C FF E6 00 2F 12 34 03 88 BB 00 00 00 99,4967,4967,108,4660,2026-07-30 22:56:45.058,904,-26,47,
FF FF FF FF 00 25 0A D9 20 01 01 02 00 00 13 67 00 00 13 67 00 00 00 68 FF E6 00 2F 12 34 03 89 BC 00 00 00 9A,4967,4967,104,4660,2026-07-30 22:56:45.156,905,-26,47,
FF FF FF FF 00 25 0A DA 20 01 01 02 00 00 13 67 00 00 13 67 00 00 00 6E FF E5 00 2E 12 34 03 8A BC 00 00 00 9E,4967,4967,110,4660,2026-07-30 22:56:45.260,906,-27,46,
FF FF FF FF 00 25 0A DB 20 01 01 02 00 00 13 67 00 00 13 67 00 00 00 6F FF E6 00 2C 12 34 03 8B BB 00 00 00 99,4967,4967,111,4660,2026-07-30 22:56:45.354,907,-26,44,
FF FF FF FF 00 25 0A DC 20 01 01 02 00 00 13 67 00 00 13 67 00 00 00 6F FF E8 00 2A 12 34 03 8C BC 00 00 00 96,4967,4967,111,4660,2026-07-30 22:56:45.453,908,-24,42,
FF FF FF FF 00 25 0A DD 20 01 01 02 00 00 13 67 00 00 13 67 00 00 00 71 FF E5 00 29 12 34 03 8D BB 00 00 00 81,4967,4967,113,4660,2026-07-30 22:56:45.552,909,-27,41,
FF FF FF FF 00 25 0A DE 20 01 01 02 00 00 13 67 00 00 13 67 00 00 00 68 FF E8 00 27 12 34 03 8E BB 00 00 00 9B,4967,4967,104,4660,2026-07-30 22:56:45.650,910,-24,39,
FF FF FF FF 00 25 0A DF 20 01 01 02 00 00 13 67 00 00 13 67 00 00 00 6A FF E9 00 27 12 34 03 8F BB 00 00 00 98,4967,4967,106,4660,2026-07-30 22:56:45.749,911,-23,39,
FF FF FF FF 00 25 0A E0 20 01 01 02 00 00 13 67 00 00 13 67 00 00 00 67 FF E7 00 28 12 34 03 90 BC 00 00 00 B3,4967,4967,103,4660,2026-07-30 22:56:45.846,912,-25,40,
FF FF FF FF 00 25 0A E1 20 01 01 02 00 00 13 67 00 00 13 67 00 00 00 6A FF E8 00 27 12 34 03 91 BD 00 00 00 BF,4967,4967,106,4660,2026-07-30 22:56:45.945,913,-24,39,
FF FF FF FF 00 25 0A E2 20 01 01 02 00 00 13 67 00 00 13 67 00 00 00 6D FF EA 00 28 12 34 03 92 BC 00 00 00 B4,4967,4967,109,4660,2026-07-30 22:56:46.057,914,-22,40,
FF FF FF FF 00 25 0A E3 20 01 01 02 00 00 13 67 00 00 13 67 00 00 00 70 FF EB 00 29 12 34 03 93 BC 00 00 00 A9,4967,4967,112,4660,2026-07-30 22:56:46.155,915,-21,41,
FF FF FF FF 00 25 0A E4 20 01 01 02 00 00 13 67 00 00 13 67 00 00 00 71 FF EB 00 2A 12 34 03 94 BB 00 00 00 AC,4967,4967,113,4660,2026-07-30 22:56:46.254,916,-21,42,
FF FF FF FF 00 25 0A E5 20 01 01 02 00 00 13 67 00 00 13 67 00 00 00 70 FF EA 00 2D 12 34 03 95 BC 00 00 00 AC,4967,4967,112,4660,2026-07-30 22:56:46.347,917,-22,45,
FF FF FF FF 00 25 0A E6 20 01 01 02 00 00 13 67 00 00 13 67 00 00 00 6E FF EA 00 30 12 34 03 96 BB 00 00 00 A8,4967,4967,110,4660,2026-07-30 22:56:46.445,918,-22,48,
FF FF FF FF 00 25 0A E7 20 01 01 02 00 00 13 67 00 00 13 67 00 00 00 6D FF E9 00 32 12 34 03 97 BA 00 00 00 AB,4967,4967,109,4660,2026-07-30 22:56:46.558,919,-23,50,
FF FF FF FF 00 25 0A E8 20 01 01 02 00 00 13 67 00 00 13 67 00 00 00 6B FF E8 00 32 12 34 03 98 BC 00 00 00 AA,4967,4967,107,4660,2026-07-30 22:56:46.645,920,-24,50,
FF FF FF FF 00 25 0A E9 20 01 01 02 00 00 13 67 00 00 13 67 00 00 00 6E FF E7 00 33 12 34 03 99 BB 00 00 00 A6,4967,4967,110,4660,2026-07-30 22:56:46.745,921,-25,51,
FF FF FF FF 00 25 0A EA 20 01 01 02 00 00 13 67 00 00 13 67 00 00 00 6B FF E7 00 34 12 34 03 9A BB 00 00 00 A4,4967,4967,107,4660,2026-07-30 22:56:46.854,922,-25,52,
FF FF FF FF 00 25 0A EB 20 01 01 02 00 00 13 67 00 00 13 67 00 00 00 6A FF E7 00 35 12 34 03 9B BC 00 00 00 A3,4967,4967,106,4660,2026-07-30 22:56:46.951,923,-25,53,
FF FF FF FF 00 25 0A EC 20 01 01 02 00 00 13 67 00 00 13 67 00 00 00 6B FF E7 00 35 12 34 03 9C BB 00 00 00 A5,4967,4967,107,4660,2026-07-30 22:56:47.052,924,-25,53,
FF FF FF FF 00 25 0A ED 20 01 01 02 00 00 13 67 00 00 13 67 00 00 00 6A FF E7 00 34 12 34 03 9D BB 00 00 00 A5,4967,4967,106,4660,2026-07-30 22:56:47.151,925,-25,52,
FF FF FF FF 00 25 0A EE 20 01 01 02 00 00 13 67 00 00 13 67 00 00 00 69 FF E7 00 33 12 34 03 9E BA 00 00 00 A0,4967,4967,105,4660,2026-07-30 22:56:47.250,926,-25,51,
FF FF FF FF 00 25 0A EF 20 01 01 02 00 00 13 67 00 00 13 67 00 00 00 69 FF E8 00 32 12 34 03 9F BB 00 00 00 AF,4967,4967,105,4660,2026-07-30 22:56:47.359,927,-24,50,
FF FF FF FF 00 25 0A F0 20 01 01 02 00 00 13 67 00 00 13 67 00 00 00 6A FF E9 00 32 12 34 03 A0 BB 00 00 00 8D,4967,4967,106,4660,2026-07-30 22:56:47.446,928,-23,50,
FF FF FF FF 00 25 0A F1 20 01 01 02 00 00 13 67 00 00 13 67 00 00 00 69 FF EA 00 31 12 34 03 A1 BA 00 00 00 8F,4967,4967,105,4660,2026-07-30 22:56:47.559,929,-22,49,
FF FF FF FF 00 25 0A F2 20 01 01 02 00 00 13 67 00 00 13 67 00 00 00 6A FF EB 00 2F 12 34 03 A2 BB 00 00 00 92,4967,4967,106,4660,2026-07-30 22:56:47.660,930,-21,47,
FF FF FF FF 00 25 0A F3 20 01 01 02 00 00 13 67 00 00 13 67 00 00 00 6B FF EC 00 2E 12 34 03 A3 BC 00 00 00 92,4967,4967,107,4660,2026-07-30 22:56:47.746,931,-20,46,
FF FF FF FF 00 25 0A F4 20 01 01 02 00 00 13 67 00 00 13 67 00 00 00 6C FF EC 00 2E 12 34 03 A4 BB 00 00 00 92,4967,4967,108,4660,2026-07-30 22:56:47.845,932,-20,46,
FF FF FF FF 00 25 0A F5 20 01 01 02 00 00 13 67 00 00 13 67 00 00 00 70 FF ED 00 2C 12 34 03 A5 BB 00 00 00 8D,4967,4967,112,4660,2026-07-30 22:56:47.956,933,-19,44,
FF FF FF FF 00 25 0A F6 20 01 01 02 00 00 13 67 00 00 13 67 00 00 00 70 FF EC 00 2C 12 34 03 A6 BC 00 00 00 8B,4967,4967,112,4660,2026-07-30 22:56:48.056,934,-20,44,
FF FF FF FF 00 25 0A F7 20 01 01 02 00 00 13 67 00 00 13 67 00 00 00 71 FF EB 00 2B 12 34 03 A7 BC 00 00 00 8A,4967,4967,113,4660,2026-07-30 22:56:48.155,935,-21,43,
FF FF FF FF 00 25 0A F8 20 01 01 02 00 00 13 67 00 00 13 67 00 00 00 74 FF E9 00 29 12 34 03 A8 BC 00 00 00 8F,4967,4967,116,4660,2026-07-30 22:56:48.254,936,-23,41,
FF FF FF FF 00 25 0A F9 20 01 01 02 00 00 13 67 00 00 13 67 00 00 00 7A FF E8 00 28 12 34 03 A9 BC 00 00 00 81,4967,4967,122,4660,2026-07-30 22:56:48.349,937,-24,40,
FF FF FF FF 00 25 0A FA 20 01 01 02 00 00 13 67 00 00 13 67 00 00 00 7D FF E6 00 26 12 34 03 AA BC 00 00 00 86,4967,4967,125,4660,2026-07-30 22:56:48.449,938,-26,38,
FF FF FF FF 00 25 0A FB 20 01 01 02 00 00 13 67 00 00 13 67 00 00 00 7A FF E5 00 26 12 34 03 AB BB 00 00 00 85,4967,4967,122,4660,2026-07-30 22:56:48.560,939,-27,38,
FF FF FF FF 00 25 0A FC 20 01 01 02 00 00 13 67 00 00 13 67 00 00 00 7D FF E3 00 24 12 34 03 AC BB 00 00 00 86,4967,4967,125,4660,2026-07-30 22:56:48.646,940,-29,36,
FF FF FF FF 00 25 0A FD 20 01 01 02 00 00 13 67 00 00 13 67 00 00 00 84 FF DA 00 23 12 34 03 AD BC 00 00 00 46,4967,4967,132,4660,2026-07-30 22:56:48.744,941,-38,35,
FF FF FF FF 00 25 0A FE 20 01 01 02 00 00 13 67 00 00 13 67 00 00 00 83 FF DB 00 23 12 34 03 AE BD 00 00 00 41,4967,4967,131,4660,2026-07-30 22:56:48.845,942,-37,35,
FF FF FF FF 00 25 0A FF 20 01 01 02 00 00 13 67 00 00 13 67 00 00 00 83 FF DC 00 23 12 34 03 AF BD 00 00 00 46,4967,4967,131,4660,2026-07-30 22:56:48.954,943,-36,35,
FF FF FF FF 00 25 0B 00 20 01 01 02 00 00 13 67 00 00 13 67 00 00 00 7F FF DD 00 23 12 34 03 B0 BA 00 00 00 5D,4967,4967,127,4660,2026-07-30 22:56:49.054,944,-35,35,
FF FF FF FF 00 25 0B 01 20 01 01 02 00 00 13 67 00 00 13 67 00 00 00 77 FF DF 00 23 12 34 03 B1 BD 00 00 00 50,4967,4967,119,4660,2026-07-30 22:56:49.153,945,-33,35,
FF FF FF FF 00 25 0B 02 20 01 01 02 00 00 13 67 00 00 13 67 00 00 00 77 FF E6 00 20 12 34 03 B2 BC 00 00 00 6B,4967,4967,119,4660,2026-07-30 22:56:49.252,946,-26,32,
FF FF FF FF 00 25 0B 03 20 01 01 02 00 00 13 67 00 00 13 67 00 00 00 74 FF D5 00 2F 12 34 03 B3 BD 00 00 00 55,4967,4967,116,4660,2026-07-30 22:56:49.344,947,-43,47,
FF FF FF FF 00 25 0B 04 20 01 01 02 00 00 13 67 00 00 13 67 00 00 00 79 FF D7 00 2C 12 34 03 B4 BD 00 00 00 59,4967,4967,121,4660,2026-07-30 22:56:49.457,948,-41,44,
FF FF FF FF 00 25 0B 05 20 01 01 02 00 00 13 67 00 00 13 67 00 00 00 72 FF D9 00 2A 12 34 03 B5 BB 00 00 00 5C,4967,4967,114,4660,2026-07-30 22:56:49.555,949,-39,42,
FF FF FF FF 00 25 0B 06 20 01 01 02 00 00 13 67 00 00 13 67 00 00 00 6B FF DC 00 2A 12 34 03 B6 BE 00 00 00 45,4967,4967,107,4660,2026-07-30 22:56:49.653,950,-36,42,
FF FF FF FF 00 25 0B 07 20 01 01 02 00 00 13 67 00 00 13 67 00 00 00 6F FF DE 00 2B 12 34 03 B7 BC 00 00 00 40,4967,4967,111,4660,2026-07-30 22:56:49.751,951,-34,43,
FF FF FF FF 00 25 0B 08 20 01 01 02 00 00 13 67 00 00 13 67 00 00 00 63 FF E1 00 2B 12 34 03 B8 BD 00 00 00 72,4967,4967,99,4660,2026-07-30 22:56:49.850,952,-31,43,
FF FF FF FF 00 25 0B 09 20 01 01 02 00 00 13 67 00 00 13 67 00 00 00 64 FF E2 00 2C 12 34 03 B9 BD 00 00 00 71,4967,4967,100,4660,2026-07-30 22:56:49.949,953,-30,44,
FF FF FF FF 00 25 0B 0A 20 01 01 02 00 00 13 67 00 00 13 67 00 00 00 62 FF E5 00 2C 12 34 03 BA BD 00 00 00 70,4967,4967,98,4660,2026-07-30 22:56:50.047,954,-27,44,
FF FF FF FF 00 25 0B 0B 20 01 01 02 00 00 13 67 00 00 13 67 00 00 00 61 FF E5 00 2D 12 34 03 BB BB 00 00 00 74,4967,4967,97,4660,2026-07-30 22:56:50.146,955,-27,45,
FF FF FF FF 00 25 0B 0C 20 01 01 02 00 00 13 67 00 00 13 67 00 00 00 5E FF E4 00 2D 12 34 03 BC BB 00 00 00 4A,4967,4967,94,4660,2026-07-30 22:56:50.257,956,-28,45,
FF FF FF FF 00 25 0B 0D 20 01 01 02 00 00 13 67 00 00 13 67 00 00 00 5B FF E3 00 2D 12 34 03 BD BA 00 00 00 49,4967,4967,91,4660,2026-07-30 22:56:50.353,957,-29,45,
FF FF FF FF 00 25 0B 0E 20 01 01 02 00 00 13 67 00 00 13 67 00 00 00 61 FF E2 00 2D 12 34 03 BE BA 00 00 00 72,4967,4967,97,4660,2026-07-30 22:56:50.452,958,-30,45,
FF FF FF FF 00 25 0B 0F 20 01 01 02 00 00 13 67 00 00 13 67 00 00 00 62 FF E4 00 2C 12 34 03 BF BA 00 00 00 76,4967,4967,98,4660,2026-07-30 22:56:50.552,959,-28,44,
FF FF FF FF 00 25 0B 10 20 01 01 02 00 00 13 67 00 00 13 67 00 00 00 66 FF E5 00 30 12 34 03 C0 BF 00 00 00 0A,4967,4967,102,4660,2026-07-30 22:56:50.651,960,-27,48,
FF FF FF FF 00 25 0B 11 20 01 01 02 00 00 13 67 00 00 13 67 00 00 00 64 FF E5 00 30 12 34 03 C1 BA 00 00 00 0D,4967,4967,100,4660,2026-07-30 22:56:50.751,961,-27,48,
FF FF FF FF 00 25 0B 12 20 01 01 02 00 00 13 67 00 00 13 67 00 00 00 60 FF E6 00 30 12 34 03 C2 BC 00 00 00 0C,4967,4967,96,4660,2026-07-30 22:56:50.858,962,-26,48,
FF FF FF FF 00 25 0B 13 20 01 01 02 00 00 13 67 00 00 13 67 00 00 00 63 FF E5 00 2E 12 34 03 C3 B9 00 00 00 17,4967,4967,99,4660,2026-07-30 22:56:50.945,963,-27,46,
FF FF FF FF 00 25 0B 14 20 01 01 02 00 00 13 67 00 00 13 67 00 00 00 5C FF DD 00 2E 12 34 03 C4 BA 00 00 00 13,4967,4967,92,4660,2026-07-30 22:56:51.056,964,-35,46,
FF FF FF FF 00 25 0B 15 20 01 01 02 00 00 13 67 00 00 13 67 00 00 00 59 FF DC 00 2B 12 34 03 C5 C0 00 00 00 68,4967,4967,89,4660,2026-07-30 22:56:51.156,965,-36,43,
FF FF FF FF 00 25 0B 16 20 01 01 02 00 00 13 67 00 00 13 67 00 00 00 55 FF D1 00 28 12 34 03 C6 BE 00 00 00 14,4967,4967,85,4660,2026-07-30 22:56:51.254,966,-47,40,
FF FF FF FF 00 25 0B 17 20 01 01 02 00 00 13 67 00 00 13 67 00 00 00 58 FF D2 00 27 12 34 03 C7 B8 00 00 00 13,4967,4967,88,4660,2026-07-30 22:56:51.366,967,-46,39,
FF FF FF FF 00 25 0B 18 20 01 01 02 00 00 13 67 00 00 13 67 00 00 00 55 FF D5 00 25 12 34 03 C8 BF 00 00 00 1C,4967,4967,85,4660,2026-07-30 22:56:51.453,968,-43,37,
FF FF FF FF 00 25 0B 19 20 01 01 02 00 00 13 67 00 00 13 67 00 00 00 56 FF D7 00 26 12 34 03 C9 C0 00 00 00 61,4967,4967,86,4660,2026-07-30 22:56:51.552,969,-41,38,
FF FF FF FF 00 25 0B 1A 20 01 01 02 00 00 13 67 00 00 13 67 00 00 00 64 FF E6 00 2C 12 34 03 CA BD 00 00 00 15,4967,4967,100,4660,2026-07-30 22:56:51.651,970,-26,44,
FF FF FF FF 00 25 0B 1B 20 01 01 02 00 00 13 67 00 00 13 67 00 00 00 5D FF E2 00 2B 12 34 03 CB BD 00 00 00 2F,4967,4967,93,4660,2026-07-30 22:56:51.750,971,-30,43,
FF FF FF FF 00 25 0B 1C 20 01 01 02 00 00 13 67 00 00 13 67 00 00 00 59 FF E1 00 29 12 34 03 CC BB 00 00 00 2C,4967,4967,89,4660,2026-07-30 22:56:51.849,972,-31,41,
FF FF FF FF 00 25 0B 1D 20 01 01 02 00 00 13 67 00 00 13 67 00 00 00 54 FF DE 00 25 12 34 03 CD BB 00 00 00 12,4967,4967,84,4660,2026-07-30 22:56:51.948,973,-34,37,
FF FF FF FF 00 25 0B 1E 20 01 01 02 00 00 13 67 00 00 13 67 00 00 00 57 FF DD 00 21 12 34 03 CE C0 00 00 00 6D,4967,4967,87,4660,2026-07-30 22:56:52.060,974,-35,33,
FF FF FF FF 00 25 0B 1F 20 01 01 02 00 00 13 67 00 00 13 67 00 00 00 58 FF DB 00 1E 12 34 03 CF BB 00 00 00 20,4967,4967,88,4660,2026-07-30 22:56:52.148,975,-37,30,
FF FF FF FF 00 25 0B 20 20 01 01 02 00 00 13 67 00 00 13 67 00 00 00 54 FF D9 00 1D 12 34 03 D0 BA 00 00 00 0C,4967,4967,84,4660,2026-07-30 22:56:52.247,976,-39,29,
FF FF FF FF 00 25 0B 21 20 01 01 02 00 00 13 67 00 00 13 67 00 00 00 4E FF D7 00 1D 12 34 03 D1 BB 00 00 00 19,4967,4967,78,4660,2026-07-30 22:56:52.351,977,-41,29,
FF FF FF FF 00 25 0B 22 20 01 01 02 00 00 13 67 00 00 13 67 00 00 00 4E FF D6 00 1C 12 34 03 D2 BB 00 00 00 19,4967,4967,78,4660,2026-07-30 22:56:52.457,978,-42,28,
FF FF FF FF 00 25 0B 23 20 01 01 02 00 00 13 67 00 00 13 67 00 00 00 46 FF D5 00 1B 12 34 03 D3 BE 00 00 00 10,4967,4967,70,4660,2026-07-30 22:56:52.557,979,-43,27,
FF FF FF FF 00 25 0B 24 20 01 01 02 00 00 13 67 00 00 13 67 00 00 00 47 FF D7 00 1B 12 34 03 D4 BB 00 00 00 16,4967,4967,71,4660,2026-07-30 22:56:52.655,980,-41,27,
FF FF FF FF 00 25 0B 25 20 01 01 02 00 00 13 67 00 00 13 67 00 00 00 49 FF D9 00 1B 12 34 03 D5 B9 00 00 00 14,4967,4967,73,4660,2026-07-30 22:56:52.755,981,-39,27,
FF FF FF FF 00 25 0B 26 20 01 01 02 00 00 13 67 00 00 13 67 00 00 00 4C FF DA 00 1B 12 34 03 D6 B0 00 00 00 1B,4967,4967,76,4660,2026-07-30 22:56:52.856,982,-38,27,
FF FF FF FF 00 25 0B 27 20 01 01 02 00 00 13 67 00 00 13 67 00 00 00 60 FF E7 00 20 12 34 03 D7 BC 00 00 00 3D,4967,4967,96,4660,2026-07-30 22:56:52.949,983,-25,32,
FF FF FF FF 00 25 0B 28 20 01 01 02 00 00 13 67 00 00 13 67 00 00 00 6C FF EC 00 28 12 34 03 D8 BC 00 00 00 32,4967,4967,108,4660,2026-07-30 22:56:53.049,984,-20,40,
FF FF FF FF 00 25 0B 29 20 01 01 02 00 00 13 67 00 00 13 67 00 00 00 69 FF E7 00 24 12 34 03 D9 BC 00 00 00 30,4967,4967,105,4660,2026-07-30 22:56:53.159,985,-25,36,
FF FF FF FF 00 25 0B 2A 20 01 01 02 00 00 13 67 00 00 13 67 00 00 00 6C FF DB 00 1D 12 34 03 DA C0 00 00 00 4C,4967,4967,108,4660,2026-07-30 22:56:53.259,986,-37,29,
FF FF FF FF 00 25 0B 2B 20 01 01 02 00 00 13 67 00 00 13 67 00 00 00 5E FF DB 00 19 12 34 03 DB BC 00 00 00 06,4967,4967,94,4660,2026-07-30 22:56:53.347,987,-37,25,
FF FF FF FF 00 25 0B 2C 20 01 01 02 00 00 13 67 00 00 13 67 00 00 00 62 FF D7 00 1D 12 34 03 DC BE 00 00 00 30,4967,4967,98,4660,2026-07-30 22:56:53.454,988,-41,29,
FF FF FF FF 00 25 0B 2D 20 01 01 02 00 00 13 67 00 00 13 67 00 00 00 71 FF E0 00 21 12 34 03 DD BF 00 00 00 29,4967,4967,113,4660,2026-07-30 22:56:53.554,989,-32,33,
FF FF FF FF 00 25 0B 2E 20 01 01 02 00 00 13 67 00 00 13 67 00 00 00 7D FF EB 00 26 12 34 03 DE BF 00 00 00 29,4967,4967,125,4660,2026-07-30 22:56:53.653,990,-21,38,
FF FF FF FF 00 25 0B 2F 20 01 01 02 00 00 13 67 00 00 13 67 00 00 00 7B FF D8 00 26 12 34 03 DF BE 00 00 00 1D,4967,4967,123,4660,2026-07-30 22:56:53.753,991,-40,38,
FF FF FF FF 00 25 0B 30 20 01 01 02 00 00 13 67 00 00 13 67 00 00 00 7A FF D8 00 26 12 34 03 E0 C1 00 00 00 43,4967,4967,122,4660,2026-07-30 22:56:53.851,992,-40,38,
FF FF FF FF 00 25 0B 31 20 01 01 02 00 00 13 67 00 00 13 67 00 00 00 79 FF DE 00 28 12 34 03 E1 C1 00 00 00 48,4967,4967,121,4660,2026-07-30 22:56:53.960,993,-34,40,
FF FF FF FF 00 25 0B 32 20 01 01 02 00 00 13 67 00 00 13 67 00 00 00 7A FF E7 00 2C 12 34 03 E2 BF 00 00 00 08,4967,4967,122,4660,2026-07-30 22:56:54.060,994,-25,44,
FF FF FF FF 00 25 0B 33 20 01 01 02 00 00 13 67 00 00 13 67 00 00 00 7B FF F3 00 2E 12 34 03 E3 BE 00 00 00 1E,4967,4967,123,4660,2026-07-30 22:56:54.160,995,-13,46,
FF FF FF FF 00 25 0B 34 20 01 01 02 00 00 13 67 00 00 13 67 00 00 00 80 FF FE 00 2D 12 34 03 E4 BE 00 00 00 EB,4967,4967,128,4660,2026-07-30 22:56:54.260,996,-2,45,
FF FF FF FF 00 25 0B 35 20 01 01 02 00 00 13 67 00 00 13 67 00 00 00 7C 00 16 00 26 12 34 03 E5 BC 00 00 00 09,4967,4967,124,4660,2026-07-30 22:56:54.348,997,22,38,
FF FF FF FF 00 25 0B 36 20 01 01 02 00 00 13 67 00 00 13 67 00 00 00 63 00 0F 00 32 12 34 03 E6 BC 00 00 00 1B,4967,4967,99,4660,2026-07-30 22:56:54.446,998,15,50,
FF FF FF FF 00 25 0B 37 20 01 01 02 00 00 13 67 00 00 13 67 00 00 00 6E 00 0C 00 33 12 34 03 E7 BD 00 00 00 15,4967,4967,110,4660,2026-07-30 22:56:54.545,999,12,51,
FF FF FF FF 00 25 0B 38 20 01 01 02 00 00 13 67 00 00 13 67 00 00 00 71 00 07 00 35 12 34 03 E8 C1 00 00 00 7B,4967,4967,113,4660,2026-07-30 22:56:54.656,1000,7,53,
FF FF FF FF 00 25 0B 39 20 01 01 02 00 00 13 67 00 00 13 67 00 00 00 71 00 03 00 38 12 34 03 E9 C3 00 00 00 70,4967,4967,113,4660,2026-07-30 22:56:54.755,1001,3,56,
FF FF FF FF 00 25 0B 3A 20 01 01 02 00 00 13 67 00 00 13 67 00 00 00 72 00 00 00 3B 12 34 03 EA C4 00 00 00 74,4967,4967,114,4660,2026-07-30 22:56:54.854,1002,0,59,
FF FF FF FF 00 25 0B 3B 20 01 01 02 00 00 13 67 00 00 13 67 00 00 00 73 FF FF 00 3D 12 34 03 EB C3 00 00 00 74,4967,4967,115,4660,2026-07-30 22:56:54.953,1003,-1,61,
FF FF FF FF 00 25 0B 3C 20 01 01 02 00 00 13 67 00 00 13 67 00 00 00 75 FF FF 00 3D 12 34 03 EC C3 00 00 00 72,4967,4967,117,4660,2026-07-30 22:56:55.053,1004,-1,61,
FF FF FF FF 00 25 0B 3D 20 01 01 02 00 00 13 67 00 00 13 67 00 00 00 76 FF FE 00 3D 12 34 03 ED C3 00 00 00 70,4967,4967,118,4660,2026-07-30 22:56:55.153,1005,-2,61,
FF FF FF FF 00 25 0B 3E 20 01 01 02 00 00 13 67 00 00 13 67 00 00 00 78 FF FB 00 3B 12 34 03 EE C2 00 00 00 7C,4967,4967,120,4660,2026-07-30 22:56:55.252,1006,-5,59,
FF FF FF FF 00 25 0B 3F 20 01 01 02 00 00 13 67 00 00 13 67 00 00 00 7C FF FB 00 3C 12 34 03 EF BD 00 00 00 00,4967,4967,124,4660,2026-07-30 22:56:55.352,1007,-5,60,
FF FF FF FF 00 25 0B 40 20 01 01 02 00 00 13 67 00 00 13 67 00 00 00 7F FF FC 00 3C 12 34 03 F0 C0 00 00 00 19,4967,4967,127,4660,2026-07-30 22:56:55.450,1008,-4,60,
FF FF FF FF 00 25 0B 41 20 01 01 02 00 00 13 67 00 00 13 67 00 00 00 86 FF FE 00 38 12 34 03 F1 BD 00 00 00 9B,4967,4967,134,4660,2026-07-30 22:56:55.548,1009,-2,56,
FF FF FF FF 00 25 0B 42 20 01 01 02 00 00 13 67 00 00 13 67 00 00 00 86 FF FD 00 38 12 34 03 F2 C0 00 00 00 E5,4967,4967,134,4660,2026-07-30 22:56:55.648,1010,-3,56,
FF FF FF FF 00 25 0B 43 20 01 01 02 00 00 13 67 00 00 13 67 00 00 00 85 FF F8 00 36 12 34 03 F3 BF 00 00 00 92,4967,4967,133,4660,2026-07-30 22:56:55.758,1011,-8,54,
FF FF FF FF 00 25 0B 44 20 01 01 02 00 00 13 67 00 00 13 67 00 00 00 85 FF F5 00 34 12 34 03 F4 C0 00 00 00 E2,4967,4967,133,4660,2026-07-30 22:56:55.857,1012,-11,52,
FF FF FF FF 00 25 0B 45 20 01 01 02 00 00 13 67 00 00 13 67 00 00 00 82 FF F8 00 34 12 34 03 F5 C2 00 00 00 EA,4967,4967,130,4660,2026-07-30 22:56:55.944,1013,-8,52,
FF FF FF FF 00 25 0B 46 20 01 01 02 00 00 13 67 00 00 13 67 00 00 00 87 FF FB 00 34 12 34 03 F6 C1 00 00 00 EF,4967,4967,135,4660,2026-07-30 22:56:56.055,1014,-5,52,
FF FF FF FF 00 25 0B 47 20 01 01 02 00 00 13 67 00 00 13 67 00 00 00 8A 00 00 00 33 12 34 03 F7 C1 00 00 00 E1,4967,4967,138,4660,2026-07-30 22:56:56.153,1015,0,51,
FF FF FF FF 00 25 0B 48 20 01 01 02 00 00 13 67 00 00 13 67 00 00 00 7B 00 0D 00 2F 12 34 03 F8 BE 00 00 00 7E,4967,4967,123,4660,2026-07-30 22:56:56.252,1016,13,47,
FF FF FF FF 00 25 0B 49 20 01 01 02 00 00 13 67 00 00 13 67 00 00 00 74 FF FC 00 28 12 34 03 F9 BF 00 00 00 79,4967,4967,116,4660,2026-07-30 22:56:56.352,1017,-4,40,
FF FF FF FF 00 25 0B 4A 20 01 01 02 00 00 13 67 00 00 13 67 00 00 00 67 FF FA 00 28 12 34 03 FA BE 00 00 00 6D,4967,4967,103,4660,2026-07-30 22:56:56.449,1018,-6,40,
FF FF FF FF 00 25 0B 4B 20 01 01 02 00 00 13 67 00 00 13 67 00 00 00 62 FF F3 00 25 12 34 03 FB BE 00 00 00 6C,4967,4967,98,4660,2026-07-30 22:56:56.548,1019,-13,37,
FF FF FF FF 00 25 0B 4C 20 01 01 02 00 00 13 67 00 00 13 67 00 00 00 66 FF EC 00 21 12 34 03 FC BF 00 00 00 72,4967,4967,102,4660,2026-07-30 22:56:56.647,1020,-20,33,
FF FF FF FF 00 25 0B 4D 20 01 01 02 00 00 13 67 00 00 13 67 00 00 00 71 FF EB 00 21 12 34 03 FD C0 00 00 00 1D,4967,4967,113,4660,2026-07-30 22:56:56.746,1021,-21,33,
FF FF FF FF 00 25 0B 4E 20 01 01 02 00 00 13 67 00 00 13 67 00 00 00 71 FF EC 00 23 12 34 03 FE C0 00 00 00 18,4967,4967,113,4660,2026-07-30 22:56:56.858,1022,-20,35,
FF FF FF FF 00 25 0B 4F 20 01 01 02 00 00 13 67 00 00 13 67 00 00 00 6B FF ED 00 26 12 34 03 FF C0 00 00 00 06,4967,4967,107,4660,2026-07-30 22:56:56.949,1023,-19,38,
FF FF FF FF 00 25 0B 50 20 01 01 02 00 00 13 67 00 00 13 67 00 00 00 69 FF E9 00 25 12 34 04 00 BF 00 00 00 9B,4967,4967,105,4660,2026-07-30 22:56:57.048,1024,-23,37,
FF FF FF FF 00 25 0B 51 20 01 01 02 00 00 13 67 00 00 13 67 00 00 00 69 FF EA 00 24 12 34 04 01 C0 00 00 00 E6,4967,4967,105,4660,2026-07-30 22:56:57.148,1025,-22,36,
FF FF FF FF 00 25 0B 52 20 01 01 02 00 00 13 67 00 00 13 67 00 00 00 65 FF E7 00 23 12 34 04 02 BE 00 00 00 9E,4967,4967,101,4660,2026-07-30 22:56:57.247,1026,-25,35,
FF FF FF FF 00 25 0B 53 20 01 01 02 00 00 13 67 00 00 13 67 00 00 00 61 FF DF 00 1F 12 34 04 03 BD 00 00 00 9D,4967,4967,97,4660,2026-07-30 22:56:57.345,1027,-33,31,
FF FF FF FF 00 25 0B 54 20 01 01 02 00 00 13 67 00 00 13 67 00 00 00 66 FF DA 00 1D 12 34 04 04 BD 00 00 00 9D,4967,4967,102,4660,2026-07-30 22:56:57.454,1028,-38,29,
FF FF FF FF 00 25 0B 55 20 01 01 02 00 00 13 67 00 00 13 67 00 00 00 63 FF D7 00 1C 12 34 04 05 BC 00 00 00 95,4967,4967,99,4660,2026-07-30 22:56:57.552,1029,-41,28,
FF FF FF FF 00 25 0B 56 20 01 01 02 00 00 13 67 00 00 13 67 00 00 00 66 FF D4 00 1A 12 34 04 06 BC 00 00 00 95,4967,4967,102,4660,2026-07-30 22:56:57.652,1030,-44,26,
FF FF FF FF 00 25 0B 57 20 01 01 02 00 00 13 67 00 00 13 67 00 00 00 69 FF E2 00 21 12 34 04 07 BC 00 00 00 97,4967,4967,105,4660,2026-07-30 22:56:57.752,1031,-30,33,
FF FF FF FF 00 25 0B 58 20 01 01 02 00 00 13 67 00 00 13 67 00 00 00 6C FF E5 00 25 12 34 04 08 BE 00 00 00 93,4967,4967,108,4660,2026-07-30 22:56:57.852,1032,-27,37,
FF FF FF FF 00 25 0B 59 20 01 01 02 00 00 13 67 00 00 13 67 00 00 00 6F FF D4 00 23 12 34 04 09 C0 00 00 00 D9,4967,4967,111,4660,2026-07-30 22:56:57.959,1033,-44,35,
FF FF FF FF 00 25 0B 5A 20 01 01 02 00 00 13 67 00 00 13 67 00 00 00 6E FF D9 00 26 12 34 04 0A C0 00 00 00 D0,4967,4967,110,4660,2026-07-30 22:56:58.047,1034,-39,38,
FF FF FF FF 00 25 0B 5B 20 01 01 02 00 00 13 67 00 00 13 67 00 00 00 6B FF DE 00 27 12 34 04 0B BF 00 00 00 AC,4967,4967,107,4660,2026-07-30 22:56:58.146,1035,-34,39,
FF FF FF FF 00 25 0B 5C 20 01 01 02 00 00 13 67 00 00 13 67 00 00 00 68 FF D8 00 25 12 34 04 0C BF 00 00 00 AB,4967,4967,104,4660,2026-07-30 22:56:58.256,1036,-40,37,
FF FF FF FF 00 25 0B 5D 20 01 01 02 00 00 13 67 00 00 13 67 00 00 00 65 FF D6 00 24 12 34 04 0D BD 00 00 00 AB,4967,4967,101,4660,2026-07-30 22:56:58.356,1037,-42,36,
FF FF FF FF 00 25 0B 5E 20 01 01 02 00 00 13 67 00 00 13 67 00 00 00 62 FF D8 00 26 12 34 04 0E BD 00 00 00 A0,4967,4967,98,4660,2026-07-30 22:56:58.450,1038,-40,38,
FF FF FF FF 00 25 0B 5F 20 01 01 02 00 00 13 67 00 00 13 67 00 00 00 61 FF D6 00 26 12 34 04 0F BB 00 00 00 AB,4967,4967,97,4660,2026-07-30 22:56:58.551,1039,-42,38,
FF FF FF FF 00 25 0B 60 20 01 01 02 00 00 13 67 00 00 13 67 00 00 00 5B FF D9 00 26 12 34 04 10 BB 00 00 00 BE,4967,4967,91,4660,2026-07-30 22:56:58.650,1040,-39,38,
FF FF FF FF 00 25 0B 61 20 01 01 02 00 00 13 67 00 00 13 67 00 00 00 5E FF E1 00 26 12 34 04 11 BB 00 00 00 83,4967,4967,94,4660,2026-07-30 22:56:58.760,1041,-31,38,
FF FF FF FF 00 25 0B 62 20 01 01 02 00 00 13 67 00 00 13 67 00 00 00 61 FF E3 00 25 12 34 04 12 BE 00 00 00 B8,4967,4967,97,4660,2026-07-30 22:56:58.859,1042,-29,37,
FF FF FF FF 00 25 0B 63 20 01 01 02 00 00 13 67 00 00 13 67 00 00 00 64 FF E2 00 24 12 34 04 13 BF 00 00 00 BC,4967,4967,100,4660,2026-07-30 22:56:58.952,1043,-30,36,
FF FF FF FF 00 25 0B 64 20 01 01 02 00 00 13 67 00 00 13 67 00 00 00 63 FF E2 00 22 12 34 04 14 BB 00 00 00 B9,4967,4967,99,4660,2026-07-30 22:56:59.052,1044,-30,34,
FF FF FF FF 00 25 0B 65 20 01 01 02 00 00 13 67 00 00 13 67 00 00 00 6C FF E3 00 24 12 34 04 15 B9 00 00 00 B3,4967,4967,108,4660,2026-07-30 22:56:59.154,1045,-29,36,
FF FF FF FF 00 25 0B 66 20 01 01 02 00 00 13 67 00 00 13 67 00 00 00 70 FF E9 00 27 12 34 04 16 BB 00 00 00 A4,4967,4967,112,4660,2026-07-30 22:56:59.254,1046,-23,39,
FF FF FF FF 00 25 0B 67 20 01 01 02 00 00 13 67 00 00 13 67 00 00 00 71 FF EC 00 29 12 34 04 17 BE 00 00 00 AB,4967,4967,113,4660,2026-07-30 22:56:59.352,1047,-20,41,
FF FF FF FF 00 25 0B 68 20 01 01 02 00 00 13 67 00 00 13 67 00 00 00 70 FF ED 00 29 12 34 04 18 BE 00 00 00 AB,4967,4967,112,4660,2026-07-30 22:56:59.456,1048,-19,41,
FF FF FF FF 00 25 0B 69 20 01 01 02 00 00 13 67 00 00 13 67 00 00 00 77 FF EA 00 27 12 34 04 19 BC 00 00 00 A7,4967,4967,119,4660,2026-07-30 22:56:59.550,1049,-22,39,
FF FF FF FF 00 25 0B 6A 20 01 01 02 00 00 13 67 00 00 13 67 00 00 00 72 FF E9 00 26 12 34 04 1A BC 00 00 00 A0,4967,4967,114,4660,2026-07-30 22:56:59.649,1050,-23,38,
FF FF FF FF 00 25 0B 6B 20 01 01 02 00 00 13 67 00 00 13 67 00 00 00 6D FF E9 00 26 12 34 04 1B BF 00 00 00 BC,4967,4967,109,4660,2026-07-30 22:56:59.748,1051,-23,38,
FF FF FF FF 00 25 0B 6C 20 01 01 02 00 00 13 67 00 00 13 67 00 00 00 6B FF E8 00 26 12 34 04 1C B9 00 00 00 BD,4967,4967,107,4660,2026-07-30 22:56:59.860,1052,-24,38,
FF FF FF FF 00 25 0B 6D 20 01 01 02 00 00 13 67 00 00 13 67 00 00 00 68 FF E6 00 29 12 34 04 1D BA 00 00 00 BC,4967,4967,104,4660,2026-07-30 22:56:59.951,1053,-26,41,
FF FF FF FF 00 25 0B 6E 20 01 01 02 00 00 13 67 00 00 13 67 00 00 00 66 FF E6 00 2C 12 34 04 1E B9 00 00 00 B4,4967,4967,102,4660,2026-07-30 22:57:00.055,1054,-26,44,
FF FF FF FF 00 25 0B 6F 20 01 01 02 00 00 13 67 00 00 13 67 00 00 00 68 FF E6 00 2C 12 34 04 1F BA 00 00 00 B9,4967,4967,104,4660,2026-07-30 22:57:00.154,1055,-26,44,
FF FF FF FF 00 25 0B 70 20 01 01 02 00 00 13 67 00 00 13 67 00 00 00 62 FF E4 00 2A 12 34 04 20 BA 00 00 00 97,4967,4967,98,4660,2026-07-30 22:57:00.252,1056,-28,42,
FF FF FF FF 00 25 0B 71 20 01 01 02 00 00 13 67 00 00 13 67 00 00 00 60 FF E3 00 28 12 34 04 21 B9 00 00 00 93,4967,4967,96,4660,2026-07-30 22:57:00.477,1057,-29,40,
FF FF FF FF 00 25 0B 72 20 01 01 02 00 00 13 67 00 00 13 67 00 00 00 59 FF EC 00 2D 12 34 04 22 BB 00 00 00 A2,4967,4967,89,4660,2026-07-30 22:57:00.553,1058,-20,45,
FF FF FF FF 00 25 0B 73 20 01 01 02 00 00 13 67 00 00 13 67 00 00 00 68 FF F3 00 2F 12 34 04 23 BA 00 00 00 8F,4967,4967,104,4660,2026-07-30 22:57:00.653,1059,-13,47,
FF FF FF FF 00 25 0B 74 20 01 01 02 00 00 13 67 00 00 13 67 00 00 00 6E FF F7 00 32 12 34 04 24 BA 00 00 00 90,4967,4967,110,4660,2026-07-30 22:57:00.752,1060,-9,50,
FF FF FF FF 00 25 0B 75 20 01 01 02 00 00 13 67 00 00 13 67 00 00 00 72 FF FB 00 33 12 34 04 25 BA 00 00 00 81,4967,4967,114,4660,2026-07-30 22:57:00.852,1061,-5,51,
FF FF FF FF 00 25 0B 76 20 01 01 02 00 00 13 67 00 00 13 67 00 00 00 76 FF FC 00 36 12 34 04 26 BA 00 00 00 87,4967,4967,118,4660,2026-07-30 22:57:00.952,1062,-4,54,
FF FF FF FF 00 25 0B 77 20 01 01 02 00 00 13 67 00 00 13 67 00 00 00 60 FF FC 00 37 12 34 04 27 AE 00 00 00 84,4967,4967,96,4660,2026-07-30 22:57:01.050,1063,-4,55,
FF FF FF FF 00 25 0B 78 20 01 01 02 00 00 13 67 00 00 13 67 00 00 00 65 FF F5 00 33 12 34 04 28 B0 00 00 00 92,4967,4967,101,4660,2026-07-30 22:57:03.243,1064,-11,51,
FF FF FF FF 00 25 0B 79 20 01 01 02 00 00 13 67 00 00 13 67 00 00 00 69 FF F8 00 37 12 34 04 29 B9 00 00 00 9E,4967,4967,105,4660,2026-07-30 22:57:05.450,1065,-8,55,
FF FF FF FF 00 25 0B 7A 20 01 01 02 00 00 13 67 00 00 13 67 00 00 00 62 FF F0 00 32 12 34 04 2A BA 00 00 00 9B,4967,4967,98,4660,2026-07-30 22:57:07.489,1066,-16,50,
FF FF FF FF 00 25 0B 7B 20 01 01 02 00 00 13 67 00 00 13 67 00 00 00 64 FF F3 00 35 12 34 04 2B BC 00 00 00 9F,4967,4967,100,4660,2026-07-30 22:57:09.552,1067,-13,53,
FF FF FF FF 00 25 0B 7C 20 01 01 02 00 00 13 67 00 00 13 67 00 00 00 73 FF F5 00 3C 12 34 04 2C BB 00 00 00 80,4967,4967,115,4660,2026-07-30 22:57:11.739,1068,-11,60,
FF FF FF FF 00 25 0B 7D 20 01 01 02 00 00 13 67 00 00 13 67 00 00 00 71 FF F3 00 38 12 34 04 2D BC 00 00 00 87,4967,4967,113,4660,2026-07-30 22:57:13.819,1069,-13,56,
FF FF FF FF 00 25 0B 7E 20 01 01 02 00 00 13 67 00 00 13 67 00 00 00 71 FF F6 00 38 12 34 04 2E BD 00 00 00 83,4967,4967,113,4660,2026-07-30 22:57:15.912,1070,-10,56,
FF FF FF FF 00 25 0B 7F 20 01 01 02 00 00 13 67 00 00 13 67 00 00 00 6B FF F0 00 31 12 34 04 2F BC 00 00 00 97,4967,4967,107,4660,2026-07-30 22:57:18.017,1071,-16,49,
FF FF FF FF 00 25 0B 80 20 01 01 02 00 00 13 67 00 00 13 67 00 00 00 61 FF EB 00 2C 12 34 04 30 BC 00 00 00 7B,4967,4967,97,4660,2026-07-30 22:57:20.108,1072,-21,44,
FF FF FF FF 00 25 0B 81 20 01 01 02 00 00 13 67 00 00 13 67 00 00 00 6E FF F1 00 2F 12 34 04 31 BC 00 00 00 6D,4967,4967,110,4660,2026-07-30 22:57:22.154,1073,-15,47,
FF FF FF FF 00 25 0B 82 20 01 01 02 00 00 13 67 00 00 13 67 00 00 00 71 FF F1 00 2D 12 34 04 32 BD 00 00 00 71,4967,4967,113,4660,2026-07-30 22:57:24.337,1074,-15,45,
FF FF FF FF 00 25 0B 83 20 01 01 02 00 00 13 67 00 00 13 67 00 00 00 75 FF F2 00 2D 12 34 04 33 BE 00 00 00 75,4967,4967,117,4660,2026-07-30 22:57:26.422,1075,-14,45,
FF FF FF FF 00 25 0B 84 20 01 01 02 00 00 13 67 00 00 13 67 00 00 00 7B FF F4 00 2D 12 34 04 34 BD 00 00 00 7E,4967,4967,123,4660,2026-07-30 22:57:28.467,1076,-12,45,
FF FF FF FF 00 25 0C 7E 20 01 01 02 00 00 13 67 00 00 13 67 00 00 00 42 FF CE 00 1F 12 34 00 01 CE 00 00 00 F0,4967,4967,66,4660,2026-07-30 23:00:59.380,1,-50,31,
FF FF FF FF 00 25 0C 7F 20 01 01 02 00 00 13 67 00 00 13 67 00 00 00 45 FF CF 00 20 12 34 00 02 D0 00 00 00 D5,4967,4967,69,4660,2026-07-30 23:00:59.485,2,-49,32,
FF FF FF FF 00 25 0C 80 20 01 01 02 00 00 13 67 00 00 13 67 00 00 00 45 FF D0 00 22 12 34 00 03 CD 00 00 00 2B,4967,4967,69,4660,2026-07-30 23:00:59.588,3,-48,34,
FF FF FF FF 00 25 0C 81 20 01 01 02 00 00 13 67 00 00 13 67 00 00 00 3F FF D0 00 20 12 34 00 04 C7 00 00 00 5F,4967,4967,63,4660,2026-07-30 23:00:59.687,4,-48,32,
FF FF FF FF 00 25 0C 82 20 01 01 02 00 00 13 67 00 00 13 67 00 00 00 41 FF CC 00 1C 12 34 00 05 CB 00 00 00 0F,4967,4967,65,4660,2026-07-30 23:00:59.785,5,-52,28,
FF FF FF FF 00 25 0C 83 20 01 01 02 00 00 13 67 00 00 13 67 00 00 00 3F FF CC 00 1C 12 34 00 06 CC 00 00 00 74,4967,4967,63,4660,2026-07-30 23:00:59.884,6,-52,28,
FF FF FF FF 00 25 0C 84 20 01 01 02 00 00 13 67 00 00 13 67 00 00 00 3B FF C7 00 1C 12 34 00 07 C6 00 00 00 77,4967,4967,59,4660,2026-07-30 23:00:59.990,7,-57,28,
FF FF FF FF 00 25 0C 85 20 01 01 02 00 00 13 67 00 00 13 67 00 00 00 3D FF C6 00 1C 12 34 00 08 C7 00 00 00 7F,4967,4967,61,4660,2026-07-30 23:01:00.081,8,-58,28,
FF FF FF FF 00 25 0C 86 20 01 01 02 00 00 13 67 00 00 13 67 00 00 00 47 FF CC 00 23 12 34 00 09 C7 00 00 00 32,4967,4967,71,4660,2026-07-30 23:01:00.180,9,-52,35,
FF FF FF FF 00 25 0C 7D 20 01 01 02 00 00 13 67 00 00 13 67 00 00 00 44 FF D2 00 21 12 34 00 00 C7 00 00 00 DF,4967,4967,71,4660,2026-07-30 23:01:00.180,9,-52,35,
FF FF FF FF 00 25 0C 87 20 01 01 02 00 00 13 67 00 00 13 67 00 00 00 3D FF CA 00 20 12 34 00 0A BE 00 00 00 36,4967,4967,61,4660,2026-07-30 23:01:00.292,10,-54,32,
FF FF FF FF 00 25 0C 88 20 01 01 02 00 00 13 67 00 00 13 67 00 00 00 45 FF CF 00 24 12 34 00 0B C3 00 00 00 3C,4967,4967,69,4660,2026-07-30 23:01:00.389,11,-49,36,
FF FF FF FF 00 25 0C 89 20 01 01 02 00 00 13 67 00 00 13 67 00 00 00 45 FF CD 00 23 12 34 00 0C C0 00 00 00 3C,4967,4967,69,4660,2026-07-30 23:01:00.497,12,-51,35,
FF FF FF FF 00 25 0C 8A 20 01 01 02 00 00 13 67 00 00 13 67 00 00 00 52 FF CF 00 23 12 34 00 0D BD 00 00 00 56,4967,4967,82,4660,2026-07-30 23:01:00.589,13,-49,35,
FF FF FF FF 00 25 0C 8B 20 01 01 02 00 00 13 67 00 00 13 67 00 00 00 5A FF C4 00 24 12 34 00 0E C2 00 00 00 2F,4967,4967,90,4660,2026-07-30 23:01:00.687,14,-60,36,
FF FF FF FF 00 25 0C 8C 20 01 01 02 00 00 13 67 00 00 13 67 00 00 00 56 FF C1 00 27 12 34 00 0F C1 00 00 00 20,4967,4967,86,4660,2026-07-30 23:01:00.787,15,-63,39,
FF FF FF FF 00 25 0C 8D 20 01 01 02 00 00 13 67 00 00 13 67 00 00 00 55 FF C1 00 2B 12 34 00 10 C3 00 00 00 33,4967,4967,85,4660,2026-07-30 23:01:00.886,16,-63,43,
FF FF FF FF 00 25 0C 8E 20 01 01 02 00 00 13 67 00 00 13 67 00 00 00 52 FF C0 00 2C 12 34 00 11 C4 00 00 00 37,4967,4967,82,4660,2026-07-30 23:01:00.988,17,-64,44,
FF FF FF FF 00 25 0C 8F 20 01 01 02 00 00 13 67 00 00 13 67 00 00 00 4B FF C5 00 2A 12 34 00 12 BC 00 00 00 57,4967,4967,75,4660,2026-07-30 23:01:01.085,18,-59,42,
FF FF FF FF 00 25 0C 90 20 01 01 02 00 00 13 67 00 00 13 67 00 00 00 4B FF BC 00 37 12 34 00 13 BC 00 00 00 2D,4967,4967,75,4660,2026-07-30 23:01:01.184,19,-68,55,
FF FF FF FF 00 25 0C 91 20 01 01 02 00 00 13 67 00 00 13 67 00 00 00 4B FF B7 00 37 12 34 00 14 BD 00 00 00 21,4967,4967,75,4660,2026-07-30 23:01:01.284,20,-73,55,
FF FF FF FF 00 25 0C 92 20 01 01 02 00 00 13 67 00 00 13 67 00 00 00 48 FF BB 00 36 12 34 00 15 BE 00 00 00 2E,4967,4967,72,4660,2026-07-30 23:01:01.383,21,-69,54,
FF FF FF FF 00 25 0C 93 20 01 01 02 00 00 13 67 00 00 13 67 00 00 00 48 FF C5 00 38 12 34 00 16 C0 00 00 00 22,4967,4967,72,4660,2026-07-30 23:01:01.496,22,-59,56,
FF FF FF FF 00 25 0C 94 20 01 01 02 00 00 13 67 00 00 13 67 00 00 00 47 FF CD 00 3A 12 34 00 17 BD 00 00 00 5C,4967,4967,71,4660,2026-07-30 23:01:01.588,23,-51,58,
FF FF FF FF 00 25 0C 95 20 01 01 02 00 00 13 67 00 00 13 67 00 00 00 43 FF D4 00 3C 12 34 00 18 C0 00 00 00 34,4967,4967,67,4660,2026-07-30 23:01:01.686,24,-44,60,
FF FF FF FF 00 25 0C 96 20 01 01 02 00 00 13 67 00 00 13 67 00 00 00 43 FF D7 00 3C 12 34 00 19 BA 00 00 00 4F,4967,4967,67,4660,2026-07-30 23:01:01.786,25,-41,60,
FF FF FF FF 00 25 0C 97 20 01 01 02 00 00 13 67 00 00 13 67 00 00 00 43 FF D6 00 39 12 34 00 1A BC 00 00 00 4F,4967,4967,67,4660,2026-07-30 23:01:01.885,26,-42,57,
FF FF FF FF 00 25 0C 98 20 01 01 02 00 00 13 67 00 00 13 67 00 00 00 43 FF D8 00 38 12 34 00 1B BC 00 00 00 4E,4967,4967,67,4660,2026-07-30 23:01:01.985,27,-40,56,
FF FF FF FF 00 25 0C 99 20 01 01 02 00 00 13 67 00 00 13 67 00 00 00 3F FF DA 00 38 12 34 00 1C BC 00 00 00 36,4967,4967,63,4660,2026-07-30 23:01:02.089,28,-38,56,
FF FF FF FF 00 25 0C 9A 20 01 01 02 00 00 13 67 00 00 13 67 00 00 00 3F FF DA 00 3A 12 34 00 1D BC 00 00 00 36,4967,4967,63,4660,2026-07-30 23:01:02.188,29,-38,58,
FF FF FF FF 00 25 0C 9B 20 01 01 02 00 00 13 67 00 00 13 67 00 00 00 3E FF DB 00 3B 12 34 00 1E BB 00 00 00 32,4967,4967,62,4660,2026-07-30 23:01:02.288,30,-37,59,
FF FF FF FF 00 25 0C 9C 20 01 01 02 00 00 13 67 00 00 13 67 00 00 00 47 FF DB 00 41 12 34 00 1F BE 00 00 00 32,4967,4967,71,4660,2026-07-30 23:01:02.389,31,-37,65,
FF FF FF FF 00 25 0C 9D 20 01 01 02 00 00 13 67 00 00 13 67 00 00 00 41 FF DB 00 3B 12 34 00 20 BD 00 00 00 73,4967,4967,65,4660,2026-07-30 23:01:02.488,32,-37,59,
FF FF FF FF 00 25 0C 9E 20 01 01 02 00 00 13 67 00 00 13 67 00 00 00 40 FF DC 00 3A 12 34 00 21 BE 00 00 00 75,4967,4967,64,4660,2026-07-30 23:01:02.588,33,-36,58,
FF FF FF FF 00 25 0C 9F 20 01 01 02 00 00 13 67 00 00 13 67 00 00 00 44 FF DE 00 3A 12 34 00 22 BF 00 00 00 70,4967,4967,68,4660,2026-07-30 23:01:02.686,34,-34,58,
FF FF FF FF 00 25 0C A0 20 01 01 02 00 00 13 67 00 00 13 67 00 00 00 3D FF DE 00 3B 12 34 00 23 C0 00 00 00 49,4967,4967,61,4660,2026-07-30 23:01:02.785,35,-34,59,
FF FF FF FF 00 25 0C A1 20 01 01 02 00 00 13 67 00 00 13 67 00 00 00 43 FF DE 00 41 12 34 00 24 BF 00 00 00 34,4967,4967,67,4660,2026-07-30 23:01:02.884,36,-34,65,
FF FF FF FF 00 25 0C A2 20 01 01 02 00 00 13 67 00 00 13 67 00 00 00 39 FF DD 00 3F 12 34 00 25 BE 00 00 00 30,4967,4967,57,4660,2026-07-30 23:01:02.984,37,-35,63,
FF FF FF FF 00 25 0C A3 20 01 01 02 00 00 13 67 00 00 13 67 00 00 00 48 FF DA 00 32 12 34 00 26 C0 00 00 00 37,4967,4967,72,4660,2026-07-30 23:01:03.081,38,-38,50,
FF FF FF FF 00 25 0C A4 20 01 01 02 00 00 13 67 00 00 13 67 00 00 00 4A FF DA 00 35 12 34 00 27 BD 00 00 00 49,4967,4967,74,4660,2026-07-30 23:01:03.193,39,-38,53,
FF FF FF FF 00 25 0C A5 20 01 01 02 00 00 13 67 00 00 13 67 00 00 00 4A FF DB 00 3B 12 34 00 28 BC 00 00 00 49,4967,4967,74,4660,2026-07-30 23:01:03.291,40,-37,59,
FF FF FF FF 00 25 0C A6 20 01 01 02 00 00 13 67 00 00 13 67 00 00 00 46 FF DD 00 43 12 34 00 29 BF 00 00 00 3A,4967,4967,70,4660,2026-07-30 23:01:03.388,41,-35,67,
FF FF FF FF 00 25 0C A7 20 01 01 02 00 00 13 67 00 00 13 67 00 00 00 43 FF DD 00 42 12 34 00 2A BF 00 00 00 3C,4967,4967,67,4660,2026-07-30 23:01:03.487,42,-35,66,
FF FF FF FF 00 25 0C A8 20 01 01 02 00 00 13 67 00 00 13 67 00 00 00 44 FF DD 00 40 12 34 00 2B BA 00 00 00 32,4967,4967,68,4660,2026-07-30 23:01:03.588,43,-35,64,
FF FF FF FF 00 25 0C A9 20 01 01 02 00 00 13 67 00 00 13 67 00 00 00 3F FF DD 00 3F 12 34 00 2C C0 00 00 00 4A,4967,4967,63,4660,2026-07-30 23:01:03.687,44,-35,63,
FF FF FF FF 00 25 0C AA 20 01 01 02 00 00 13 67 00 00 13 67 00 00 00 36 FF DE 00 3E 12 34 00 2D BE 00 00 00 3D,4967,4967,54,4660,2026-07-30 23:01:03.786,45,-34,62,
FF FF FF FF 00 25 0C AB 20 01 01 02 00 00 13 67 00 00 13 67 00 00 00 35 FF DE 00 3C 12 34 00 2E BD 00 00 00 3D,4967,4967,53,4660,2026-07-30 23:01:03.886,46,-34,60,
FF FF FF FF 00 25 0C AC 20 01 01 02 00 00 13 67 00 00 13 67 00 00 00 32 FF DE 00 3B 12 34 00 2F C2 00 00 00 44,4967,4967,50,4660,2026-07-30 23:01:03.986,47,-34,59,
FF FF FF FF 00 25 0C AD 20 01 01 02 00 00 13 67 00 00 13 67 00 00 00 34 FF DC 00 34 12 34 00 30 C2 00 00 00 51,4967,4967,52,4660,2026-07-30 23:01:04.092,48,-36,52,
FF FF FF FF 00 25 0C AE 20 01 01 02 00 00 13 67 00 00 13 67 00 00 00 34 FF DB 00 2F 12 34 00 31 C2 00 00 00 4F,4967,4967,52,4660,2026-07-30 23:01:04.190,49,-37,47,
FF FF FF FF 00 25 0C AF 20 01 01 02 00 00 13 67 00 00 13 67 00 00 00 2F FF DB 00 32 12 34 00 32 C0 00 00 00 49,4967,4967,47,4660,2026-07-30 23:01:04.291,50,-37,50,
FF FF FF FF 00 25 0C B0 20 01 01 02 00 00 13 67 00 00 13 67 00 00 00 2A FF DA 00 34 12 34 00 33 C2 00 00 00 57,4967,4967,42,4660,2026-07-30 23:01:04.391,51,-38,52,
FF FF FF FF 00 25 0C B1 20 01 01 02 00 00 13 67 00 00 13 67 00 00 00 29 FF DA 00 36 12 34 00 34 BF 00 00 00 2D,4967,4967,41,4660,2026-07-30 23:01:04.492,52,-38,54,
FF FF FF FF 00 25 0C B2 20 01 01 02 00 00 13 67 00 00 13 67 00 00 00 29 FF DA 00 36 12 34 00 35 BE 00 00 00 2E,4967,4967,41,4660,2026-07-30 23:01:04.590,53,-38,54,
FF FF FF FF 00 25 0C B3 20 01 01 02 00 00 13 67 00 00 13 67 00 00 00 2B FF D9 00 35 12 34 00 36 BE 00 00 00 2E,4967,4967,43,4660,2026-07-30 23:01:04.689,54,-39,53,
FF FF FF FF 00 25 0C B4 20 01 01 02 00 00 13 67 00 00 13 67 00 00 00 2F FF DA 00 37 12 34 00 37 BE 00 00 00 2D,4967,4967,47,4660,2026-07-30 23:01:04.789,55,-38,55,
FF FF FF FF 00 25 0C B5 20 01 01 02 00 00 13 67 00 00 13 67 00 00 00 36 FF DA 00 35 12 34 00 38 BB 00 00 00 3D,4967,4967,54,4660,2026-07-30 23:01:04.892,56,-38,53,
FF FF FF FF 00 25 0C B6 20 01 01 02 00 00 13 67 00 00 13 67 00 00 00 3B FF DB 00 35 12 34 00 39 BC 00 00 00 34,4967,4967,59,4660,2026-07-30 23:01:04.978,57,-37,53,
FF FF FF FF 00 25 0C B7 20 01 01 02 00 00 13 67 00 00 13 67 00 00 00 3D FF DC 00 35 12 34 00 3A BC 00 00 00 37,4967,4967,61,4660,2026-07-30 23:01:05.088,58,-36,53,
FF FF FF FF 00 25 0C B8 20 01 01 02 00 00 13 67 00 00 13 67 00 00 00 3C FF DC 00 37 12 34 00 3B BC 00 00 00 3A,4967,4967,60,4660,2026-07-30 23:01:05.187,59,-36,55,
FF FF FF FF 00 25 0C B9 20 01 01 02 00 00 13 67 00 00 13 67 00 00 00 3D FF DD 00 36 12 34 00 3C BE 00 00 00 3F,4967,4967,61,4660,2026-07-30 23:01:05.287,60,-35,54,
FF FF FF FF 00 25 0C BA 20 01 01 02 00 00 13 67 00 00 13 67 00 00 00 3B FF DD 00 36 12 34 00 3D BD 00 00 00 38,4967,4967,59,4660,2026-07-30 23:01:05.387,61,-35,54,
FF FF FF FF 00 25 0C BB 20 01 01 02 00 00 13 67 00 00 13 67 00 00 00 3D FF DD 00 37 12 34 00 3E C0 00 00 00 40,4967,4967,61,4660,2026-07-30 23:01:05.483,62,-35,55,
FF FF FF FF 00 25 0C BC 20 01 01 02 00 00 13 67 00 00 13 67 00 00 00 3D FF DE 00 37 12 34 00 3F BD 00 00 00 38,4967,4967,61,4660,2026-07-30 23:01:05.595,63,-34,55,
FF FF FF FF 00 25 0C BD 20 01 01 02 00 00 13 67 00 00 13 67 00 00 00 3D FF DE 00 36 12 34 00 40 BC 00 00 00 46,4967,4967,61,4660,2026-07-30 23:01:05.683,64,-34,54,
FF FF FF FF 00 25 0C BE 20 01 01 02 00 00 13 67 00 00 13 67 00 00 00 3C FF DF 00 39 12 34 00 41 BA 00 00 00 4D,4967,4967,60,4660,2026-07-30 23:01:05.794,65,-33,57,
FF FF FF FF 00 25 0C BF 20 01 01 02 00 00 13 67 00 00 13 67 00 00 00 3D FF DE 00 39 12 34 00 42 BC 00 00 00 49,4967,4967,61,4660,2026-07-30 23:01:05.881,66,-34,57,
FF FF FF FF 00 25 0C C0 20 01 01 02 00 00 13 67 00 00 13 67 00 00 00 3E FF DD 00 37 12 34 00 43 BE 00 00 00 3B,4967,4967,62,4660,2026-07-30 23:01:05.982,67,-35,55,
FF FF FF FF 00 25 0C C1 20 01 01 02 00 00 13 67 00 00 13 67 00 00 00 41 FF DD 00 38 12 34 00 44 C2 00 00 00 31,4967,4967,65,4660,2026-07-30 23:01:06.090,68,-35,56,
FF FF FF FF 00 25 0C C2 20 01 01 02 00 00 13 67 00 00 13 67 00 00 00 46 FF DD 00 36 12 34 00 45 BC 00 00 00 44,4967,4967,70,4660,2026-07-30 23:01:06.179,69,-35,54,
FF FF FF FF 00 25 0C C3 20 01 01 02 00 00 13 67 00 00 13 67 00 00 00 49 FF DC 00 35 12 34 00 46 BC 00 00 00 4B,4967,4967,73,4660,2026-07-30 23:01:06.291,70,-36,53,
FF FF FF FF 00 25 0C C4 20 01 01 02 00 00 13 67 00 00 13 67 00 00 00 4A FF DC 00 36 12 34 00 47 BC 00 00 00 4D,4967,4967,74,4660,2026-07-30 23:01:06.379,71,-36,54,
FF FF FF FF 00 25 0C C5 20 01 01 02 00 00 13 67 00 00 13 67 00 00 00 4A FF DC 00 37 12 34 00 48 BC 00 00 00 42,4967,4967,74,4660,2026-07-30 23:01:06.489,72,-36,55,
FF FF FF FF 00 25 0C C6 20 01 01 02 00 00 13 67 00 00 13 67 00 00 00 4A FF DC 00 38 12 34 00 49 BC 00 00 00 4F,4967,4967,74,4660,2026-07-30 23:01:06.589,73,-36,56,
FF FF FF FF 00 25 0C C7 20 01 01 02 00 00 13 67 00 00 13 67 00 00 00 4A FF DC 00 3A 12 34 00 4A BB 00 00 00 48,4967,4967,74,4660,2026-07-30 23:01:06.687,74,-36,58,
FF FF FF FF 00 25 0C C8 20 01 01 02 00 00 13 67 00 00 13 67 00 00 00 4A FF DC 00 39 12 34 00 4B BC 00 00 00 42,4967,4967,74,4660,2026-07-30 23:01:06.786,75,-36,57,
FF FF FF FF 00 25 0C C9 20 01 01 02 00 00 13 67 00 00 13 67 00 00 00 4A FF DB 00 3A 12 34 00 4C BB 00 00 00 47,4967,4967,74,4660,2026-07-30 23:01:06.887,76,-37,58,
FF FF FF FF 00 25 0C CA 20 01 01 02 00 00 13 67 00 00 13 67 00 00 00 4A FF DB 00 39 12 34 00 4D BC 00 00 00 41,4967,4967,74,4660,2026-07-30 23:01:06.986,77,-37,57,
FF FF FF FF 00 25 0C CB 20 01 01 02 00 00 13 67 00 00 13 67 00 00 00 4A FF DB 00 39 12 34 00 4E BB 00 00 00 44,4967,4967,74,4660,2026-07-30 23:01:07.090,78,-37,57,
FF FF FF FF 00 25 0C CC 20 01 01 02 00 00 13 67 00 00 13 67 00 00 00 48 FF DC 00 38 12 34 00 4F BB 00 00 00 46,4967,4967,72,4660,2026-07-30 23:01:07.184,79,-36,56,
FF FF FF FF 00 25 0C CD 20 01 01 02 00 00 13 67 00 00 13 67 00 00 00 46 FF DD 00 39 12 34 00 50 BA 00 00 00 57,4967,4967,70,4660,2026-07-30 23:01:07.283,80,-35,57,
FF FF FF FF 00 25 0C CE 20 01 01 02 00 00 13 67 00 00 13 67 00 00 00 44 FF DE 00 39 12 34 00 51 BB 00 00 00 55,4967,4967,68,4660,2026-07-30 23:01:07.383,81,-34,57,
FF FF FF FF 00 25 0C CF 20 01 01 02 00 00 13 67 00 00 13 67 00 00 00 43 FF DF 00 3A 12 34 00 52 BC 00 00 00 55,4967,4967,67,4660,2026-07-30 23:01:07.482,82,-33,58,
FF FF FF FF 00 25 0C D0 20 01 01 02 00 00 13 67 00 00 13 67 00 00 00 41 FF E0 00 3A 12 34 00 53 BC 00 00 00 76,4967,4967,65,4660,2026-07-30 23:01:07.583,83,-32,58,
FF FF FF FF 00 25 0C D1 20 01 01 02 00 00 13 67 00 00 13 67 00 00 00 40 FF E0 00 3A 12 34 00 54 BD 00 00 00 70,4967,4967,64,4660,2026-07-30 23:01:07.680,84,-32,58,
FF FF FF FF 00 25 0C D2 20 01 01 02 00 00 13 67 00 00 13 67 00 00 00 43 FF DF 00 3D 12 34 00 55 BD 00 00 00 49,4967,4967,67,4660,2026-07-30 23:01:07.779,85,-33,61,
FF FF FF FF 00 25 0C D3 20 01 01 02 00 00 13 67 00 00 13 67 00 00 00 45 FF DF 00 3F 12 34 00 56 BD 00 00 00 4F,4967,4967,69,4660,2026-07-30 23:01:07.878,86,-33,63,
FF FF FF FF 00 25 0C D4 20 01 01 02 00 00 13 67 00 00 13 67 00 00 00 45 FF DF 00 3C 12 34 00 57 BD 00 00 00 4A,4967,4967,69,4660,2026-07-30 23:01:07.990,87,-33,60,
FF FF FF FF 00 25 0C D5 20 01 01 02 00 00 13 67 00 00 13 67 00 00 00 42 FF DF 00 3C 12 34 00 58 BC 00 00 00 42,4967,4967,66,4660,2026-07-30 23:01:08.090,88,-33,60,
FF FF FF FF 00 25 0C D6 20 01 01 02 00 00 13 67 00 00 13 67 00 00 00 3F FF DF 00 3B 12 34 00 59 BC 00 00 00 3A,4967,4967,63,4660,2026-07-30 23:01:08.190,89,-33,59,
FF FF FF FF 00 25 0C D7 20 01 01 02 00 00 13 67 00 00 13 67 00 00 00 3F FF E0 00 3E 12 34 00 5A BD 00 00 00 03,4967,4967,63,4660,2026-07-30 23:01:08.288,90,-32,62,
FF FF FF FF 00 25 0C D8 20 01 01 02 00 00 13 67 00 00 13 67 00 00 00 3E FF DF 00 3D 12 34 00 5B BC 00 00 00 31,4967,4967,62,4660,2026-07-30 23:01:08.387,91,-33,61,
FF FF FF FF 00 25 0C D9 20 01 01 02 00 00 13 67 00 00 13 67 00 00 00 43 FF DF 00 3C 12 34 00 5C BC 00 00 00 4B,4967,4967,67,4660,2026-07-30 23:01:08.486,92,-33,60,
FF FF FF FF 00 25 0C DA 20 01 01 02 00 00 13 67 00 00 13 67 00 00 00 44 FF DE 00 3D 12 34 00 5D BC 00 00 00 4E,4967,4967,68,4660,2026-07-30 23:01:08.585,93,-34,61,
FF FF FF FF 00 25 0C DB 20 01 01 02 00 00 13 67 00 00 13 67 00 00 00 43 FF DF 00 3C 12 34 00 5E BC 00 00 00 4B,4967,4967,67,4660,2026-07-30 23:01:08.682,94,-33,60,
FF FF FF FF 00 25 0C DC 20 01 01 02 00 00 13 67 00 00 13 67 00 00 00 46 FF DF 00 3D 12 34 00 5F BC 00 00 00 49,4967,4967,70,4660,2026-07-30 23:01:08.783,95,-33,61,
FF FF FF FF 00 25 0C DD 20 01 01 02 00 00 13 67 00 00 13 67 00 00 00 42 FF E0 00 3C 12 34 00 60 BD 00 00 00 4C,4967,4967,66,4660,2026-07-30 23:01:08.881,96,-32,60,
FF FF FF FF 00 25 0C DE 20 01 01 02 00 00 13 67 00 00 13 67 00 00 00 41 FF E1 00 3C 12 34 00 61 BE 00 00 00 4F,4967,4967,65,4660,2026-07-30 23:01:08.982,97,-31,60,
FF FF FF FF 00 25 0C DF 20 01 01 02 00 00 13 67 00 00 13 67 00 00 00 40 FF E1 00 3D 12 34 00 62 BC 00 00 00 4F,4967,4967,64,4660,2026-07-30 23:01:09.082,98,-31,61,
FF FF FF FF 00 25 0C E0 20 01 01 02 00 00 13 67 00 00 13 67 00 00 00 3C FF E2 00 3E 12 34 00 63 BC 00 00 00 0D,4967,4967,60,4660,2026-07-30 23:01:09.180,99,-30,62,
FF FF FF FF 00 25 0C E1 20 01 01 02 00 00 13 67 00 00 13 67 00 00 00 3F FF E3 00 3F 12 34 00 64 BC 00 00 00 08,4967,4967,63,4660,2026-07-30 23:01:09.278,100,-29,63,
FF FF FF FF 00 25 0C E2 20 01 01 02 00 00 13 67 00 00 13 67 00 00 00 3F FF E3 00 3D 12 34 00 65 BD 00 00 00 09,4967,4967,63,4660,2026-07-30 23:01:09.378,101,-29,61,
FF FF FF FF 00 25 0C E3 20 01 01 02 00 00 13 67 00 00 13 67 00 00 00 41 FF E3 00 3C 12 34 00 66 BC 00 00 00 75,4967,4967,65,4660,2026-07-30 23:01:09.489,102,-29,60,
FF FF FF FF 00 25 0C E4 20 01 01 02 00 00 13 67 00 00 13 67 00 00 00 46 FF E3 00 3B 12 34 00 67 BD 00 00 00 72,4967,4967,70,4660,2026-07-30 23:01:09.590,103,-29,59,
FF FF FF FF 00 25 0C E5 20 01 01 02 00 00 13 67 00 00 13 67 00 00 00 43 FF E3 00 3B 12 34 00 68 BD 00 00 00 79,4967,4967,67,4660,2026-07-30 23:01:09.686,104,-29,59,
FF FF FF FF 00 25 0C E6 20 01 01 02 00 00 13 67 00 00 13 67 00 00 00 42 FF E4 00 3B 12 34 00 69 BD 00 00 00 7D,4967,4967,66,4660,2026-07-30 23:01:09.785,105,-28,59,
FF FF FF FF 00 25 0C E7 20 01 01 02 00 00 13 67 00 00 13 67 00 00 00 43 FF E4 00 3A 12 34 00 6A BE 00 00 00 7C,4967,4967,67,4660,2026-07-30 23:01:09.883,106,-28,58,
FF FF FF FF 00 25 0C E8 20 01 01 02 00 00 13 67 00 00 13 67 00 00 00 46 FF E3 00 3B 12 34 00 6B BD 00 00 00 72,4967,4967,70,4660,2026-07-30 23:01:09.982,107,-29,59,
FF FF FF FF 00 25 0C E9 20 01 01 02 00 00 13 67 00 00 13 67 00 00 00 4A FF E4 00 3B 12 34 00 6C BC 00 00 00 7E,4967,4967,74,4660,2026-07-30 23:01:10.082,108,-28,59,
FF FF FF FF 00 25 0C EA 20 01 01 02 00 00 13 67 00 00 13 67 00 00 00 4A FF E4 00 39 12 34 00 6D C2 00 00 00 00,4967,4967,74,4660,2026-07-30 23:01:10.180,109,-28,57,
FF FF FF FF 00 25 0C EB 20 01 01 02 00 00 13 67 00 00 13 67 00 00 00 47 FF E4 00 39 12 34 00 6E BC 00 00 00 71,4967,4967,71,4660,2026-07-30 23:01:10.279,110,-28,57,
FF FF FF FF 00 25 0C EC 20 01 01 02 00 00 13 67 00 00 13 67 00 00 00 47 FF E4 00 3A 12 34 00 6F BD 00 00 00 75,4967,4967,71,4660,2026-07-30 23:01:10.379,111,-28,58,
FF FF FF FF 00 25 0C ED 20 01 01 02 00 00 13 67 00 00 13 67 00 00 00 47 FF E4 00 39 12 34 00 70 BB 00 00 00 6E,4967,4967,71,4660,2026-07-30 23:01:10.478,112,-28,57,
FF FF FF FF 00 25 0C EE 20 01 01 02 00 00 13 67 00 00 13 67 00 00 00 45 FF E4 00 37 12 34 00 71 BE 00 00 00 65,4967,4967,69,4660,2026-07-30 23:01:10.590,113,-28,55,
FF FF FF FF 00 25 0C EF 20 01 01 02 00 00 13 67 00 00 13 67 00 00 00 43 FF DE 00 34 12 34 00 72 BE 00 00 00 58,4967,4967,67,4660,2026-07-30 23:01:10.689,114,-34,52,
FF FF FF FF 00 25 0C F0 20 01 01 02 00 00 13 67 00 00 13 67 00 00 00 42 FF DF 00 38 12 34 00 73 BD 00 00 00 49,4967,4967,66,4660,2026-07-30 23:01:10.788,115,-33,56,
FF FF FF FF 00 25 0C F1 20 01 01 02 00 00 13 67 00 00 13 67 00 00 00 44 FF E0 00 39 12 34 00 74 BB 00 00 00 71,4967,4967,68,4660,2026-07-30 23:01:10.888,116,-32,57,
FF FF FF FF 00 25 0C F2 20 01 01 02 00 00 13 67 00 00 13 67 00 00 00 43 FF DF 00 3B 12 34 00 75 BC 00 00 00 4E,4967,4967,67,4660,2026-07-30 23:01:10.987,117,-33,59,
FF FF FF FF 00 25 0C F3 20 01 01 02 00 00 13 67 00 00 13 67 00 00 00 3F FF DF 00 3C 12 34 00 76 BB 00 00 00 30,4967,4967,63,4660,2026-07-30 23:01:11.084,118,-33,60,
FF FF FF FF 00 25 0C F4 20 01 01 02 00 00 13 67 00 00 13 67 00 00 00 3E FF DF 00 3C 12 34 00 77 BC 00 00 00 30,4967,4967,62,4660,2026-07-30 23:01:11.184,119,-33,60,
FF FF FF FF 00 25 0C F5 20 01 01 02 00 00 13 67 00 00 13 67 00 00 00 43 FF E0 00 3C 12 34 00 78 BC 00 00 00 7C,4967,4967,67,4660,2026-07-30 23:01:11.282,120,-32,60,
FF FF FF FF 00 25 0C F6 20 01 01 02 00 00 13 67 00 00 13 67 00 00 00 46 FF E0 00 3B 12 34 00 79 BB 00 00 00 7B,4967,4967,70,4660,2026-07-30 23:01:11.382,121,-32,59,
FF FF FF FF 00 25 0C F7 20 01 01 02 00 00 13 67 00 00 13 67 00 00 00 46 FF E0 00 3B 12 34 00 7A BC 00 00 00 7E,4967,4967,70,4660,2026-07-30 23:01:11.482,122,-32,59,
FF FF FF FF 00 25 0C F8 20 01 01 02 00 00 13 67 00 00 13 67 00 00 00 45 FF E0 00 3C 12 34 00 7B BC 00 00 00 74,4967,4967,69,4660,2026-07-30 23:01:11.581,123,-32,60,
FF FF FF FF 00 25 0C F9 20 01 01 02 00 00 13 67 00 00 13 67 00 00 00 48 FF E0 00 3B 12 34 00 7C BB 00 00 00 7F,4967,4967,72,4660,2026-07-30 23:01:11.689,124,-32,59,
FF FF FF FF 00 25 0C FA 20 01 01 02 00 00 13 67 00 00 13 67 00 00 00 46 FF E0 00 3C 12 34 00 7D BC 00 00 00 73,4967,4967,70,4660,2026-07-30 23:01:11.788,125,-32,60,
FF FF FF FF 00 25 0C FB 20 01 01 02 00 00 13 67 00 00 13 67 00 00 00 46 FF E0 00 3C 12 34 00 7E BC 00 00 00 71,4967,4967,70,4660,2026-07-30 23:01:11.887,126,-32,60,
FF FF FF FF 00 25 0C FC 20 01 01 02 00 00 13 67 00 00 13 67 00 00 00 45 FF E0 00 3D 12 34 00 7F BB 00 00 00 72,4967,4967,69,4660,2026-07-30 23:01:11.986,127,-32,61,
FF FF FF FF 00 25 0C FD 20 01 01 02 00 00 13 67 00 00 13 67 00 00 00 48 FF E0 00 3D 12 34 00 80 BC 00 00 00 86,4967,4967,72,4660,2026-07-30 23:01:12.085,128,-32,61,
FF FF FF FF 00 25 0C FE 20 01 01 02 00 00 13 67 00 00 13 67 00 00 00 4A FF E0 00 3C 12 34 00 81 BC 00 00 00 87,4967,4967,74,4660,2026-07-30 23:01:12.193,129,-32,60,
FF FF FF FF 00 25 0C FF 20 01 01 02 00 00 13 67 00 00 13 67 00 00 00 4A FF E0 00 3B 12 34 00 82 BC 00 00 00 82,4967,4967,74,4660,2026-07-30 23:01:12.280,130,-32,59,
FF FF FF FF 00 25 0D 00 20 01 01 02 00 00 13 67 00 00 13 67 00 00 00 47 FF E0 00 3C 12 34 00 83 BC 00 00 00 77,4967,4967,71,4660,2026-07-30 23:01:12.391,131,-32,60,
FF FF FF FF 00 25 0D 01 20 01 01 02 00 00 13 67 00 00 13 67 00 00 00 42 FF E0 00 3B 12 34 00 84 BB 00 00 00 74,4967,4967,66,4660,2026-07-30 23:01:12.478,132,-32,59,
FF FF FF FF 00 25 0D 02 20 01 01 02 00 00 13 67 00 00 13 67 00 00 00 41 FF DF 00 3B 12 34 00 85 BC 00 00 00 4D,4967,4967,65,4660,2026-07-30 23:01:12.590,133,-33,59,
FF FF FF FF 00 25 0D 03 20 01 01 02 00 00 13 67 00 00 13 67 00 00 00 44 FF DF 00 3D 12 34 00 86 BD 00 00 00 4D,4967,4967,68,4660,2026-07-30 23:01:12.687,134,-33,61,
FF FF FF FF 00 25 0D 04 20 01 01 02 00 00 13 67 00 00 13 67 00 00 00 46 FF DF 00 3D 12 34 00 87 BD 00 00 00 49,4967,4967,70,4660,2026-07-30 23:01:12.787,135,-33,61,
FF FF FF FF 00 25 0D 05 20 01 01 02 00 00 13 67 00 00 13 67 00 00 00 47 FF E0 00 3D 12 34 00 88 BC 00 00 00 78,4967,4967,71,4660,2026-07-30 23:01:12.886,136,-32,61,
FF FF FF FF 00 25 0D 06 20 01 01 02 00 00 13 67 00 00 13 67 00 00 00 4C FF E0 00 3C 12 34 00 89 BD 00 00 00 71,4967,4967,76,4660,2026-07-30 23:01:12.986,137,-32,60,
FF FF FF FF 00 25 0D 07 20 01 01 02 00 00 13 67 00 00 13 67 00 00 00 48 FF E0 00 3D 12 34 00 8A BD 00 00 00 76,4967,4967,72,4660,2026-07-30 23:01:13.084,138,-32,61,
FF FF FF FF 00 25 0D 08 20 01 01 02 00 00 13 67 00 00 13 67 00 00 00 4B FF E0 00 3C 12 34 00 8B BC 00 00 00 7B,4967,4967,75,4660,2026-07-30 23:01:13.193,139,-32,60,
FF FF FF FF 00 25 0D 09 20 01 01 02 00 00 13 67 00 00 13 67 00 00 00 4C FF E1 00 3B 12 34 00 8C BD 00 00 00 7D,4967,4967,76,4660,2026-07-30 23:01:13.279,140,-31,59,
FF FF FF FF 00 25 0D 0A 20 01 01 02 00 00 13 67 00 00 13 67 00 00 00 4D FF E1 00 3B 12 34 00 8D BD 00 00 00 7E,4967,4967,77,4660,2026-07-30 23:01:13.392,141,-31,59,
FF FF FF FF 00 25 0D 0B 20 01 01 02 00 00 13 67 00 00 13 67 00 00 00 4A FF E1 00 3C 12 34 00 8E BD 00 00 00 7C,4967,4967,74,4660,2026-07-30 23:01:13.479,142,-31,60,
FF FF FF FF 00 25 0D 0C 20 01 01 02 00 00 13 67 00 00 13 67 00 00 00 4B FF E1 00 3C 12 34 00 8F BD 00 00 00 7B,4967,4967,75,4660,2026-07-30 23:01:13.578,143,-31,60,
FF FF FF FF 00 25 0D 0D 20 01 01 02 00 00 13 67 00 00 13 67 00 00 00 4A FF E1 00 3B 12 34 00 90 BC 00 00 00 62,4967,4967,74,4660,2026-07-30 23:01:13.684,144,-31,59,
FF FF FF FF 00 25 0D 0E 20 01 01 02 00 00 13 67 00 00 13 67 00 00 00 4A FF E1 00 3B 12 34 00 91 BC 00 00 00 60,4967,4967,74,4660,2026-07-30 23:01:13.785,145,-31,59,
FF FF FF FF 00 25 0D 0F 20 01 01 02 00 00 13 67 00 00 13 67 00 00 00 4A FF E1 00 3B 12 34 00 92 BB 00 00 00 65,4967,4967,74,4660,2026-07-30 23:01:13.884,146,-31,59,
FF FF FF FF 00 25 0D 10 20 01 01 02 00 00 13 67 00 00 13 67 00 00 00 48 FF E0 00 3B 12 34 00 93 BC 00 00 00 7F,4967,4967,72,4660,2026-07-30 23:01:13.984,147,-32,59,
FF FF FF FF 00 25 0D 11 20 01 01 02 00 00 13 67 00 00 13 67 00 00 00 44 FF DF 00 3B 12 34 00 94 BD 00 00 00 4B,4967,4967,68,4660,2026-07-30 23:01:14.084,148,-33,59,
FF FF FF FF 00 25 0D 12 20 01 01 02 00 00 13 67 00 00 13 67 00 00 00 47 FF DF 00 3B 12 34 00 95 BD 00 00 00 4A,4967,4967,71,4660,2026-07-30 23:01:14.189,149,-33,59,
FF FF FF FF 00 25 0D 13 20 01 01 02 00 00 13 67 00 00 13 67 00 00 00 45 FF DF 00 3A 12 34 00 96 BD 00 00 00 4B,4967,4967,69,4660,2026-07-30 23:01:14.280,150,-33,58,
FF FF FF FF 00 25 0D 14 20 01 01 02 00 00 13 67 00 00 13 67 00 00 00 45 FF DE 00 3B 12 34 00 97 BD 00 00 00 4D,4967,4967,69,4660,2026-07-30 23:01:14.387,151,-34,59,
FF FF FF FF 00 25 0D 15 20 01 01 02 00 00 13 67 00 00 13 67 00 00 00 45 FF DE 00 3A 12 34 00 98 BD 00 00 00 42,4967,4967,69,4660,2026-07-30 23:01:14.487,152,-34,58,
FF FF FF FF 00 25 0D 16 20 01 01 02 00 00 13 67 00 00 13 67 00 00 00 41 FF DF 00 3B 12 34 00 99 BD 00 00 00 44,4967,4967,65,4660,2026-07-30 23:01:14.588,153,-33,59,
FF FF FF FF 00 25 0D 17 20 01 01 02 00 00 13 67 00 00 13 67 00 00 00 43 FF DF 00 3C 12 34 00 9A BE 00 00 00 40,4967,4967,67,4660,2026-07-30 23:01:14.693,154,-33,60,
FF FF FF FF 00 25 0D 18 20 01 01 02 00 00 13 67 00 00 13 67 00 00 00 44 FF DE 00 3C 12 34 00 9B BD 00 00 00 4B,4967,4967,68,4660,2026-07-30 23:01:14.783,155,-34,60,
FF FF FF FF 00 25 0D 19 20 01 01 02 00 00 13 67 00 00 13 67 00 00 00 44 FF DE 00 3C 12 34 00 9C BD 00 00 00 4D,4967,4967,68,4660,2026-07-30 23:01:14.882,156,-34,60,
FF FF FF FF 00 25 0D 1A 20 01 01 02 00 00 13 67 00 00 13 67 00 00 00 41 FF DE 00 3C 12 34 00 9D BD 00 00 00 4A,4967,4967,65,4660,2026-07-30 23:01:14.991,157,-34,60,
FF FF FF FF 00 25 0D 1B 20 01 01 02 00 00 13 67 00 00 13 67 00 00 00 3F FF DE 00 3C 12 34 00 9E BD 00 00 00 36,4967,4967,63,4660,2026-07-30 23:01:15.090,158,-34,60,
FF FF FF FF 00 25 0D 1C 20 01 01 02 00 00 13 67 00 00 13 67 00 00 00 41 FF DE 00 3B 12 34 00 9F BE 00 00 00 4A,4967,4967,65,4660,2026-07-30 23:01:15.190,159,-34,59,
FF FF FF FF 00 25 0D 1D 20 01 01 02 00 00 13 67 00 00 13 67 00 00 00 43 FF DE 00 3A 12 34 00 A0 BD 00 00 00 74,4967,4967,67,4660,2026-07-30 23:01:15.282,160,-34,58,
FF FF FF FF 00 25 0D 1E 20 01 01 02 00 00 13 67 00 00 13 67 00 00 00 45 FF DE 00 3B 12 34 00 A1 BD 00 00 00 71,4967,4967,69,4660,2026-07-30 23:01:15.393,161,-34,59,
FF FF FF FF 00 25 0D 1F 20 01 01 02 00 00 13 67 00 00 13 67 00 00 00 45 FF DF 00 3B 12 34 00 A2 BD 00 00 00 72,4967,4967,69,4660,2026-07-30 23:01:15.480,162,-33,59,
FF FF FF FF 00 25 0D 20 20 01 01 02 00 00 13 67 00 00 13 67 00 00 00 45 FF DF 00 3A 12 34 00 A3 BD 00 00 00 4D,4967,4967,69,4660,2026-07-30 23:01:15.591,163,-33,58,
FF FF FF FF 00 25 0D 21 20 01 01 02 00 00 13 67 00 00 13 67 00 00 00 48 FF DF 00 39 12 34 00 A4 BD 00 00 00 45,4967,4967,72,4660,2026-07-30 23:01:15.695,164,-33,57,
FF FF FF FF 00 25 0D 22 20 01 01 02 00 00 13 67 00 00 13 67 00 00 00 4A FF DF 00 39 12 34 00 A5 BE 00 00 00 46,4967,4967,74,4660,2026-07-30 23:01:15.787,165,-33,57,
FF FF FF FF 00 25 0D 23 20 01 01 02 00 00 13 67 00 00 13 67 00 00 00 49 FF DF 00 39 12 34 00 A6 BD 00 00 00 44,4967,4967,73,4660,2026-07-30 23:01:15.886,166,-33,57,
FF FF FF FF 00 25 0D 24 20 01 01 02 00 00 13 67 00 00 13 67 00 00 00 48 FF DF 00 39 12 34 00 A7 BD 00 00 00 43,4967,4967,72,4660,2026-07-30 23:01:15.985,167,-33,57,
FF FF FF FF 00 25 0D 25 20 01 01 02 00 00 13 67 00 00 13 67 00 00 00 47 FF DF 00 3B 12 34 00 A8 BD 00 00 00 40,4967,4967,71,4660,2026-07-30 23:01:16.085,168,-33,59,
FF FF FF FF 00 25 0D 26 20 01 01 02 00 00 13 67 00 00 13 67 00 00 00 48 FF DF 00 3B 12 34 00 A9 BD 00 00 00 4D,4967,4967,72,4660,2026-07-30 23:01:16.183,169,-33,59,
FF FF FF FF 00 25 0D 27 20 01 01 02 00 00 13 67 00 00 13 67 00 00 00 44 FF DF 00 3B 12 34 00 AA BD 00 00 00 43,4967,4967,68,4660,2026-07-30 23:01:16.281,170,-33,59,
FF FF FF FF 00 25 0D 28 20 01 01 02 00 00 13 67 00 00 13 67 00 00 00 45 FF DF 00 3A 12 34 00 AB BE 00 00 00 4E,4967,4967,69,4660,2026-07-30 23:01:16.394,171,-33,58,
FF FF FF FF 00 25 0D 29 20 01 01 02 00 00 13 67 00 00 13 67 00 00 00 41 FF DF 00 3A 12 34 00 AC BD 00 00 00 4F,4967,4967,65,4660,2026-07-30 23:01:16.492,172,-33,58,
FF FF FF FF 00 25 0D 2A 20 01 01 02 00 00 13 67 00 00 13 67 00 00 00 46 FF DF 00 3A 12 34 00 AD BE 00 00 00 49,4967,4967,70,4660,2026-07-30 23:01:16.581,173,-33,58,
FF FF FF FF 00 25 0D 2B 20 01 01 02 00 00 13 67 00 00 13 67 00 00 00 47 FF DF 00 3A 12 34 00 AE BE 00 00 00 4A,4967,4967,71,4660,2026-07-30 23:01:16.679,174,-33,58,
FF FF FF FF 00 25 0D 2D 20 01 01 02 00 00 13 67 00 00 13 67 00 00 00 3D FF DF 00 3B 12 34 00 B0 BD 00 00 00 2A,4967,4967,61,4660,2026-07-30 23:01:16.888,176,-33,59,
FF FF FF FF 00 25 0D 2E 20 01 01 02 00 00 13 67 00 00 13 67 00 00 00 39 FF DF 00 3B 12 34 00 B1 BD 00 00 00 2C,4967,4967,57,4660,2026-07-30 23:01:16.987,177,-33,59,
FF FF FF FF 00 25 0D 2F 20 01 01 02 00 00 13 67 00 00 13 67 00 00 00 3F FF DF 00 3B 12 34 00 B2 BD 00 00 00 28,4967,4967,63,4660,2026-07-30 23:01:17.086,178,-33,59,
FF FF FF FF 00 25 0D 30 20 01 01 02 00 00 13 67 00 00 13 67 00 00 00 44 FF DF 00 3B 12 34 00 B3 BD 00 00 00 4D,4967,4967,68,4660,2026-07-30 23:01:17.666,179,-33,59,
FF FF FF FF 00 25 0D 31 20 01 01 02 00 00 13 67 00 00 13 67 00 00 00 40 FF E0 00 3B 12 34 00 B4 BD 00 00 00 70,4967,4967,64,4660,2026-07-30 23:01:18.175,180,-32,59,
FF FF FF FF 00 25 0D 32 20 01 01 02 00 00 13 67 00 00 13 67 00 00 00 45 FF E0 00 3A 12 34 00 B5 BD 00 00 00 76,4967,4967,69,4660,2026-07-30 23:01:19.168,181,-32,58,
FF FF FF FF 00 25 0D 34 20 01 01 02 00 00 13 67 00 00 13 67 00 00 00 49 FF E1 00 39 12 34 00 B7 BD 00 00 00 7C,4967,4967,73,4660,2026-07-30 23:01:20.495,183,-31,57,
FF FF FF FF 00 25 0D 35 20 01 01 02 00 00 13 67 00 00 13 67 00 00 00 48 FF E1 00 3B 12 34 00 B8 BC 00 00 00 70,4967,4967,72,4660,2026-07-30 23:01:20.586,184,-31,59,
FF FF FF FF 00 25 0D 36 20 01 01 02 00 00 13 67 00 00 13 67 00 00 00 46 FF E1 00 3B 12 34 00 B9 BB 00 00 00 7B,4967,4967,70,4660,2026-07-30 23:01:20.686,185,-31,59,
FF FF FF FF 00 25 0D 37 20 01 01 02 00 00 13 67 00 00 13 67 00 00 00 41 FF E1 00 3C 12 34 00 BA BC 00 00 00 7E,4967,4967,65,4660,2026-07-30 23:01:20.795,186,-31,60,
FF FF FF FF 00 25 0D 38 20 01 01 02 00 00 13 67 00 00 13 67 00 00 00 3E FF E1 00 3C 12 34 00 BB BC 00 00 00 0F,4967,4967,62,4660,2026-07-30 23:01:20.883,187,-31,60,
FF FF FF FF 00 25 0D 39 20 01 01 02 00 00 13 67 00 00 13 67 00 00 00 42 FF E0 00 3D 12 34 00 BC BD 00 00 00 74,4967,4967,66,4660,2026-07-30 23:01:20.992,188,-32,61,
FF FF FF FF 00 25 0D 3A 20 01 01 02 00 00 13 67 00 00 13 67 00 00 00 40 FF E0 00 3D 12 34 00 BD BF 00 00 00 76,4967,4967,64,4660,2026-07-30 23:01:21.091,189,-32,61,
FF FF FF FF 00 25 0D 3B 20 01 01 02 00 00 13 67 00 00 13 67 00 00 00 3D FF E0 00 3C 12 34 00 BE BC 00 00 00 0B,4967,4967,61,4660,2026-07-30 23:01:21.179,190,-32,60,
FF FF FF FF 00 25 0D 3C 20 01 01 02 00 00 13 67 00 00 13 67 00 00 00 3E FF E0 00 3B 12 34 00 BF BD 00 00 00 08,4967,4967,62,4660,2026-07-30 23:01:21.289,191,-32,59,
FF FF FF FF 00 25 0D 3D 20 01 01 02 00 00 13 67 00 00 13 67 00 00 00 41 FF E0 00 3B 12 34 00 C0 BD 00 00 00 09,4967,4967,65,4660,2026-07-30 23:01:21.388,192,-32,59,
FF FF FF FF 00 25 0D 3E 20 01 01 02 00 00 13 67 00 00 13 67 00 00 00 3F FF E0 00 3B 12 34 00 C1 BD 00 00 00 75,4967,4967,63,4660,2026-07-30 23:01:21.488,193,-32,59,
FF FF FF FF 00 25 0D 3F 20 01 01 02 00 00 13 67 00 00 13 67 00 00 00 3B FF E0 00 3B 12 34 00 C2 BD 00 00 00 73,4967,4967,59,4660,2026-07-30 23:01:21.588,194,-32,59,
FF FF FF FF 00 25 0D 40 20 01 01 02 00 00 13 67 00 00 13 67 00 00 00 3D FF E0 00 3B 12 34 00 C3 BE 00 00 00 08,4967,4967,61,4660,2026-07-30 23:01:21.689,195,-32,59,
FF FF FF FF 00 25 0D 41 20 01 01 02 00 00 13 67 00 00 13 67 00 00 00 38 FF E0 00 3A 12 34 00 C4 BD 00 00 00 09,4967,4967,56,4660,2026-07-30 23:01:21.796,196,-32,58,
FF FF FF FF 00 25 0D 42 20 01 01 02 00 00 13 67 00 00 13 67 00 00 00 36 FF E0 00 3A 12 34 00 C5 BD 00 00 00 05,4967,4967,54,4660,2026-07-30 23:01:21.885,197,-32,58,
FF FF FF FF 00 25 0D 43 20 01 01 02 00 00 13 67 00 00 13 67 00 00 00 34 FF E0 00 3B 12 34 00 C6 BD 00 00 00 04,4967,4967,52,4660,2026-07-30 23:01:21.993,198,-32,59,
FF FF FF FF 00 25 0D 44 20 01 01 02 00 00 13 67 00 00 13 67 00 00 00 37 FF E1 00 3A 12 34 00 C7 BE 00 00 00 02,4967,4967,55,4660,2026-07-30 23:01:22.090,199,-31,58,
FF FF FF FF 00 25 0D 45 20 01 01 02 00 00 13 67 00 00 13 67 00 00 00 33 FF E1 00 3B 12 34 00 C8 BD 00 00 00 0A,4967,4967,51,4660,2026-07-30 23:01:22.190,200,-31,59,
FF FF FF FF 00 25 0D 46 20 01 01 02 00 00 13 67 00 00 13 67 00 00 00 37 FF E1 00 3B 12 34 00 C9 BE 00 00 00 0F,4967,4967,55,4660,2026-07-30 23:01:22.282,201,-31,59,
FF FF FF FF 00 25 0D 47 20 01 01 02 00 00 13 67 00 00 13 67 00 00 00 3A FF E2 00 3B 12 34 00 CA BE 00 00 00 03,4967,4967,58,4660,2026-07-30 23:01:22.384,202,-30,59,
FF FF FF FF 00 25 0D 48 20 01 01 02 00 00 13 67 00 00 13 67 00 00 00 3C FF E1 00 3B 12 34 00 CB BD 00 00 00 0B,4967,4967,60,4660,2026-07-30 23:01:22.483,203,-31,59,
FF FF FF FF 00 25 0D 49 20 01 01 02 00 00 13 67 00 00 13 67 00 00 00 3C FF E1 00 3A 12 34 00 CC BD 00 00 00 0C,4967,4967,60,4660,2026-07-30 23:01:22.582,204,-31,58,
FF FF FF FF 00 25 0D 4A 20 01 01 02 00 00 13 67 00 00 13 67 00 00 00 3E FF E1 00 3A 12 34 00 CD BD 00 00 00 0C,4967,4967,62,4660,2026-07-30 23:01:22.682,205,-31,58,
FF FF FF FF 00 25 0D 4B 20 01 01 02 00 00 13 67 00 00 13 67 00 00 00 3E FF E0 00 3B 12 34 00 CE BD 00 00 00 0E,4967,4967,62,4660,2026-07-30 23:01:22.788,206,-32,59,
FF FF FF FF 00 25 0D 4C 20 01 01 02 00 00 13 67 00 00 13 67 00 00 00 3F FF DF 00 39 12 34 00 CF BD 00 00 00 34,4967,4967,63,4660,2026-07-30 23:01:22.891,207,-33,57,
FF FF FF FF 00 25 0D 4D 20 01 01 02 00 00 13 67 00 00 13 67 00 00 00 3F FF DF 00 39 12 34 00 D0 BD 00 00 00 2A,4967,4967,63,4660,2026-07-30 23:01:22.991,208,-33,57,
FF FF FF FF 00 25 0D 4E 20 01 01 02 00 00 13 67 00 00 13 67 00 00 00 41 FF E0 00 39 12 34 00 D1 BE 00 00 00 6A,4967,4967,65,4660,2026-07-30 23:01:23.089,209,-32,57,
FF FF FF FF 00 25 0D 4F 20 01 01 02 00 00 13 67 00 00 13 67 00 00 00 42 FF E0 00 39 12 34 00 D2 BD 00 00 00 68,4967,4967,66,4660,2026-07-30 23:01:23.189,210,-32,57,
FF FF FF FF 00 25 0D 50 20 01 01 02 00 00 13 67 00 00 13 67 00 00 00 3F FF E0 00 39 12 34 00 D3 BE 00 00 00 08,4967,4967,63,4660,2026-07-30 23:01:23.294,211,-32,57,
FF FF FF FF 00 25 0D 51 20 01 01 02 00 00 13 67 00 00 13 67 00 00 00 3C FF E0 00 39 12 34 00 D4 BE 00 00 00 0D,4967,4967,60,4660,2026-07-30 23:01:23.383,212,-32,57,
FF FF FF FF 00 25 0D 52 20 01 01 02 00 00 13 67 00 00 13 67 00 00 00 3E FF E0 00 39 12 34 00 D5 BD 00 00 00 0E,4967,4967,62,4660,2026-07-30 23:01:23.483,213,-32,57,
FF FF FF FF 00 25 0D 53 20 01 01 02 00 00 13 67 00 00 13 67 00 00 00 41 FF E0 00 38 12 34 00 D6 BB 00 00 00 74,4967,4967,65,4660,2026-07-30 23:01:23.582,214,-32,56,
FF FF FF FF 00 25 0D 54 20 01 01 02 00 00 13 67 00 00 13 67 00 00 00 44 FF DF 00 38 12 34 00 D7 BD 00 00 00 4E,4967,4967,68,4660,2026-07-30 23:01:23.681,215,-33,56,
FF FF FF FF 00 25 0D 55 20 01 01 02 00 00 13 67 00 00 13 67 00 00 00 45 FF DF 00 39 12 34 00 D8 BD 00 00 00 40,4967,4967,69,4660,2026-07-30 23:01:23.784,216,-33,57,
FF FF FF FF 00 25 0D 56 20 01 01 02 00 00 13 67 00 00 13 67 00 00 00 45 FF E0 00 39 12 34 00 D9 BE 00 00 00 7E,4967,4967,69,4660,2026-07-30 23:01:23.883,217,-32,57,
FF FF FF FF 00 25 0D 57 20 01 01 02 00 00 13 67 00 00 13 67 00 00 00 42 FF E0 00 3A 12 34 00 DA BD 00 00 00 7B,4967,4967,66,4660,2026-07-30 23:01:23.983,218,-32,58,
FF FF FF FF 00 25 0D 58 20 01 01 02 00 00 13 67 00 00 13 67 00 00 00 3C FF E0 00 3A 12 34 00 DB BE 00 00 00 08,4967,4967,60,4660,2026-07-30 23:01:24.082,219,-32,58,
FF FF FF FF 00 25 0D 59 20 01 01 02 00 00 13 67 00 00 13 67 00 00 00 3E FF E0 00 3A 12 34 00 DC BE 00 00 00 0C,4967,4967,62,4660,2026-07-30 23:01:24.181,220,-32,58,
FF FF FF FF 00 25 0E EC 20 01 01 02 00 00 13 67 00 00 13 67 00 00 00 40 FF DC 00 36 12 34 02 71 BD 00 00 00 58,4967,4967,64,4660,2026-07-30 23:02:01.856,625,-36,54,
FF FF FF FF 00 25 0E ED 20 01 01 02 00 00 13 67 00 00 13 67 00 00 00 40 FF DB 00 36 12 34 02 72 BC 00 00 00 5C,4967,4967,64,4660,2026-07-30 23:02:01.884,626,-37,54,
FF FF FF FF 00 25 0E EE 20 01 01 02 00 00 13 67 00 00 13 67 00 00 00 41 FF DA 00 36 12 34 02 73 BC 00 00 00 5E,4967,4967,65,4660,2026-07-30 23:02:01.983,627,-38,54,
FF FF FF FF 00 25 0E EF 20 01 01 02 00 00 13 67 00 00 13 67 00 00 00 40 FF DB 00 36 12 34 02 74 BC 00 00 00 58,4967,4967,64,4660,2026-07-30 23:02:02.083,628,-37,54,
FF FF FF FF 00 25 0E F0 20 01 01 02 00 00 13 67 00 00 13 67 00 00 00 42 FF DC 00 37 12 34 02 75 BC 00 00 00 42,4967,4967,66,4660,2026-07-30 23:02:02.183,629,-36,55,
FF FF FF FF 00 25 0E F1 20 01 01 02 00 00 13 67 00 00 13 67 00 00 00 43 FF DB 00 37 12 34 02 76 BC 00 00 00 46,4967,4967,67,4660,2026-07-30 23:02:02.282,630,-37,55,
FF FF FF FF 00 25 0E F2 20 01 01 02 00 00 13 67 00 00 13 67 00 00 00 47 FF DB 00 36 12 34 02 77 BD 00 00 00 40,4967,4967,71,4660,2026-07-30 23:02:02.381,631,-37,54,
FF FF FF FF 00 25 0E F3 20 01 01 02 00 00 13 67 00 00 13 67 00 00 00 4E FF DB 00 35 12 34 02 78 BE 00 00 00 47,4967,4967,78,4660,2026-07-30 23:02:02.480,632,-37,53,
FF FF FF FF 00 25 0E F4 20 01 01 02 00 00 13 67 00 00 13 67 00 00 00 58 FF DD 00 36 12 34 02 79 BE 00 00 00 52,4967,4967,88,4660,2026-07-30 23:02:02.590,633,-35,54,
FF FF FF FF 00 25 0E F5 20 01 01 02 00 00 13 67 00 00 13 67 00 00 00 4F FF DC 00 33 12 34 02 7A BF 00 00 00 42,4967,4967,79,4660,2026-07-30 23:02:02.678,634,-36,51,
FF FF FF FF 00 25 0E F6 20 01 01 02 00 00 13 67 00 00 13 67 00 00 00 4B FF DD 00 36 12 34 02 7B BE 00 00 00 41,4967,4967,75,4660,2026-07-30 23:02:02.789,635,-35,54,
FF FF FF FF 00 25 0E F7 20 01 01 02 00 00 13 67 00 00 13 67 00 00 00 4A FF DC 00 33 12 34 02 7C BE 00 00 00 42,4967,4967,74,4660,2026-07-30 23:02:02.887,636,-36,51,
FF FF FF FF 00 25 0E F8 20 01 01 02 00 00 13 67 00 00 13 67 00 00 00 4C FF DD 00 36 12 34 02 7D BE 00 00 00 4E,4967,4967,76,4660,2026-07-30 23:02:02.985,637,-35,54,
FF FF FF FF 00 25 0E F9 20 01 01 02 00 00 13 67 00 00 13 67 00 00 00 55 FF DC 00 33 12 34 02 7E BE 00 00 00 51,4967,4967,85,4660,2026-07-30 23:02:03.085,638,-36,51,
FF FF FF FF 00 25 0E FA 20 01 01 02 00 00 13 67 00 00 13 67 00 00 00 56 FF DB 00 36 12 34 02 7F BF 00 00 00 53,4967,4967,86,4660,2026-07-30 23:02:03.185,639,-37,54,
FF FF FF FF 00 25 0E FB 20 01 01 02 00 00 13 67 00 00 13 67 00 00 00 57 FF DB 00 37 12 34 02 80 BF 00 00 00 AD,4967,4967,87,4660,2026-07-30 23:02:03.283,640,-37,55,
FF FF FF FF 00 25 0E FC 20 01 01 02 00 00 13 67 00 00 13 67 00 00 00 57 FF DB 00 36 12 34 02 81 BE 00 00 00 AB,4967,4967,87,4660,2026-07-30 23:02:03.385,641,-37,54,
FF FF FF FF 00 25 0E FD 20 01 01 02 00 00 13 67 00 00 13 67 00 00 00 54 FF DB 00 36 12 34 02 82 BE 00 00 00 AA,4967,4967,84,4660,2026-07-30 23:02:03.484,642,-37,54,
FF FF FF FF 00 25 0E FE 20 01 01 02 00 00 13 67 00 00 13 67 00 00 00 52 FF DB 00 36 12 34 02 83 BD 00 00 00 AD,4967,4967,82,4660,2026-07-30 23:02:03.583,643,-37,54,
FF FF FF FF 00 25 0E FF 20 01 01 02 00 00 13 67 00 00 13 67 00 00 00 4F FF DB 00 36 12 34 02 84 BE 00 00 00 B5,4967,4967,79,4660,2026-07-30 23:02:03.683,644,-37,54,
FF FF FF FF 00 25 0F 00 20 01 01 02 00 00 13 67 00 00 13 67 00 00 00 4D FF DA 00 35 12 34 02 85 BE 00 00 00 4A,4967,4967,77,4660,2026-07-30 23:02:03.782,645,-38,53,
FF FF FF FF 00 25 0F 01 20 01 01 02 00 00 13 67 00 00 13 67 00 00 00 4C FF DA 00 36 12 34 02 86 BD 00 00 00 49,4967,4967,76,4660,2026-07-30 23:02:03.883,646,-38,54,
FF FF FF FF 00 25 0F 02 20 01 01 02 00 00 13 67 00 00 13 67 00 00 00 4B FF DA 00 37 12 34 02 87 BD 00 00 00 4D,4967,4967,75,4660,2026-07-30 23:02:03.977,647,-38,55,
FF FF FF FF 00 25 0F 03 20 01 01 02 00 00 13 67 00 00 13 67 00 00 00 4A FF DA 00 38 12 34 02 88 BC 00 00 00 4C,4967,4967,74,4660,2026-07-30 23:02:04.088,648,-38,56,
FF FF FF FF 00 25 0F 04 20 01 01 02 00 00 13 67 00 00 13 67 00 00 00 4A FF DA 00 39 12 34 02 89 BC 00 00 00 4B,4967,4967,74,4660,2026-07-30 23:02:04.187,649,-38,57,
FF FF FF FF 00 25 0F 05 20 01 01 02 00 00 13 67 00 00 13 67 00 00 00 4A FF DB 00 37 12 34 02 8A BE 00 00 00 44,4967,4967,74,4660,2026-07-30 23:02:04.287,650,-37,55,
FF FF FF FF 00 25 0F 06 20 01 01 02 00 00 13 67 00 00 13 67 00 00 00 4A FF DB 00 37 12 34 02 8B BD 00 00 00 45,4967,4967,74,4660,2026-07-30 23:02:04.386,651,-37,55,
FF FF FF FF 00 25 0F 07 20 01 01 02 00 00 13 67 00 00 13 67 00 00 00 4B FF DC 00 37 12 34 02 8C BD 00 00 00 45,4967,4967,75,4660,2026-07-30 23:02:04.482,652,-36,55,
FF FF FF FF 00 25 0F 08 20 01 01 02 00 00 13 67 00 00 13 67 00 00 00 4A FF DC 00 37 12 34 02 8D BD 00 00 00 4A,4967,4967,74,4660,2026-07-30 23:02:04.583,653,-36,55,
FF FF FF FF 00 25 0F 09 20 01 01 02 00 00 13 67 00 00 13 67 00 00 00 4A FF DC 00 37 12 34 02 8E BD 00 00 00 48,4967,4967,74,4660,2026-07-30 23:02:04.694,654,-36,55,
FF FF FF FF 00 25 0F 0A 20 01 01 02 00 00 13 67 00 00 13 67 00 00 00 4A FF DB 00 37 12 34 02 8F B9 00 00 00 49,4967,4967,74,4660,2026-07-30 23:02:04.780,655,-37,55,
FF FF FF FF 00 25 0F 0B 20 01 01 02 00 00 13 67 00 00 13 67 00 00 00 4B FF DB 00 36 12 34 02 90 BD 00 00 00 53,4967,4967,75,4660,2026-07-30 23:02:04.882,656,-37,54,
FF FF FF FF 00 25 0F 0C 20 01 01 02 00 00 13 67 00 00 13 67 00 00 00 4A FF DC 00 36 12 34 02 91 BD 00 00 00 53,4967,4967,74,4660,2026-07-30 23:02:04.988,657,-36,54,
FF FF FF FF 00 25 0F 0D 20 01 01 02 00 00 13 67 00 00 13 67 00 00 00 4A FF DE 00 36 12 34 02 92 BE 00 00 00 50,4967,4967,74,4660,2026-07-30 23:02:05.085,658,-34,54,
FF FF FF FF 00 25 0F 0E 20 01 01 02 00 00 13 67 00 00 13 67 00 00 00 4B FF E0 00 36 12 34 02 93 BD 00 00 00 6E,4967,4967,75,4660,2026-07-30 23:02:05.185,659,-32,54,
FF FF FF FF 00 25 0F 0F 20 01 01 02 00 00 13 67 00 00 13 67 00 00 00 4C FF E1 00 36 12 34 02 94 BD 00 00 00 6E,4967,4967,76,4660,2026-07-30 23:02:05.284,660,-31,54,
FF FF FF FF 00 25 0F 10 20 01 01 02 00 00 13 67 00 00 13 67 00 00 00 4D FF E2 00 35 12 34 02 95 BD 00 00 00 71,4967,4967,77,4660,2026-07-30 23:02:05.384,661,-30,53,
FF FF FF FF 00 25 0F 11 20 01 01 02 00 00 13 67 00 00 13 67 00 00 00 4D FF E3 00 34 12 34 02 96 BD 00 00 00 73,4967,4967,77,4660,2026-07-30 23:02:05.482,662,-29,52,
FF FF FF FF 00 25 0F 12 20 01 01 02 00 00 13 67 00 00 13 67 00 00 00 4D FF E3 00 34 12 34 02 97 BE 00 00 00 72,4967,4967,77,4660,2026-07-30 23:02:05.582,663,-29,52,
FF FF FF FF 00 25 0F 13 20 01 01 02 00 00 13 67 00 00 13 67 00 00 00 4C FF E3 00 34 12 34 02 98 BE 00 00 00 7D,4967,4967,76,4660,2026-07-30 23:02:05.682,664,-29,52,
FF FF FF FF 00 25 0F 14 20 01 01 02 00 00 13 67 00 00 13 67 00 00 00 4C FF E3 00 34 12 34 02 99 BD 00 00 00 78,4967,4967,76,4660,2026-07-30 23:02:05.782,665,-29,52,
FF FF FF FF 00 25 0F 15 20 01 01 02 00 00 13 67 00 00 13 67 00 00 00 4C FF E3 00 34 12 34 02 9A BD 00 00 00 7A,4967,4967,76,4660,2026-07-30 23:02:05.883,666,-29,52,
FF FF FF FF 00 25 0F 16 20 01 01 02 00 00 13 67 00 00 13 67 00 00 00 4B FF E3 00 35 12 34 02 9B BE 00 00 00 7D,4967,4967,75,4660,2026-07-30 23:02:05.993,667,-29,53,
FF FF FF FF 00 25 0F 17 20 01 01 02 00 00 13 67 00 00 13 67 00 00 00 4A FF E3 00 34 12 34 02 9C BC 00 00 00 79,4967,4967,74,4660,2026-07-30 23:02:06.079,668,-29,52,
FF FF FF FF 00 25 0F 18 20 01 01 02 00 00 13 67 00 00 13 67 00 00 00 4A FF E2 00 33 12 34 02 9D BD 00 00 00 70,4967,4967,74,4660,2026-07-30 23:02:06.179,669,-30,51,
FF FF FF FF 00 25 0F 19 20 01 01 02 00 00 13 67 00 00 13 67 00 00 00 4A FF E3 00 33 12 34 02 9E BD 00 00 00 73,4967,4967,74,4660,2026-07-30 23:02:06.278,670,-29,51,
FF FF FF FF 00 25 0F 1A 20 01 01 02 00 00 13 67 00 00 13 67 00 00 00 49 FF E3 00 33 12 34 02 9F BB 00 00 00 74,4967,4967,73,4660,2026-07-30 23:02:06.377,671,-29,51,
FF FF FF FF 00 25 0F 1B 20 01 01 02 00 00 13 67 00 00 13 67 00 00 00 48 FF E3 00 33 12 34 02 A0 BD 00 00 00 4D,4967,4967,72,4660,2026-07-30 23:02:06.486,672,-29,51,
FF FF FF FF 00 25 0F 1C 20 01 01 02 00 00 13 67 00 00 13 67 00 00 00 47 FF E3 00 34 12 34 02 A1 BC 00 00 00 42,4967,4967,71,4660,2026-07-30 23:02:06.586,673,-29,52,
FF FF FF FF 00 25 0F 1D 20 01 01 02 00 00 13 67 00 00 13 67 00 00 00 46 FF E3 00 34 12 34 02 A2 BA 00 00 00 47,4967,4967,70,4660,2026-07-30 23:02:06.685,674,-29,52,
FF FF FF FF 00 25 0F 1E 20 01 01 02 00 00 13 67 00 00 13 67 00 00 00 46 FF E3 00 34 12 34 02 A3 BD 00 00 00 42,4967,4967,70,4660,2026-07-30 23:02:06.785,675,-29,52,
FF FF FF FF 00 25 0F 1F 20 01 01 02 00 00 13 67 00 00 13 67 00 00 00 45 FF E3 00 33 12 34 02 A4 BD 00 00 00 40,4967,4967,69,4660,2026-07-30 23:02:06.883,676,-29,51,
FF FF FF FF 00 25 0F 20 20 01 01 02 00 00 13 67 00 00 13 67 00 00 00 44 FF E3 00 34 12 34 02 A5 BE 00 00 00 7B,4967,4967,68,4660,2026-07-30 23:02:06.981,677,-29,52,
FF FF FF FF 00 25 0F 21 20 01 01 02 00 00 13 67 00 00 13 67 00 00 00 43 FF E2 00 34 12 34 02 A6 BB 00 00 00 7A,4967,4967,67,4660,2026-07-30 23:02:07.080,678,-30,52,
FF FF FF FF 00 25 0F 22 20 01 01 02 00 00 13 67 00 00 13 67 00 00 00 43 FF E2 00 33 12 34 02 A7 BD 00 00 00 79,4967,4967,67,4660,2026-07-30 23:02:07.179,679,-30,51,
FF FF FF FF 00 25 0F 23 20 01 01 02 00 00 13 67 00 00 13 67 00 00 00 42 FF E1 00 34 12 34 02 A8 BD 00 00 00 72,4967,4967,66,4660,2026-07-30 23:02:07.285,680,-31,52,
FF FF FF FF 00 25 0F 24 20 01 01 02 00 00 13 67 00 00 13 67 00 00 00 41 FF E1 00 35 12 34 02 A9 BC 00 00 00 77,4967,4967,65,4660,2026-07-30 23:02:07.385,681,-31,53,
FF FF FF FF 00 25 0F 25 20 01 01 02 00 00 13 67 00 00 13 67 00 00 00 41 FF E2 00 34 12 34 02 AA BA 00 00 00 71,4967,4967,65,4660,2026-07-30 23:02:07.492,682,-30,52,
FF FF FF FF 00 25 0F 26 20 01 01 02 00 00 13 67 00 00 13 67 00 00 00 41 FF E3 00 34 12 34 02 AB BC 00 00 00 74,4967,4967,65,4660,2026-07-30 23:02:07.584,683,-29,52,
FF FF FF FF 00 25 0F 27 20 01 01 02 00 00 13 67 00 00 13 67 00 00 00 41 FF E3 00 34 12 34 02 AC BC 00 00 00 72,4967,4967,65,4660,2026-07-30 23:02:07.684,684,-29,52,
FF FF FF FF 00 25 0F 28 20 01 01 02 00 00 13 67 00 00 13 67 00 00 00 41 FF E3 00 33 12 34 02 AD BC 00 00 00 7B,4967,4967,65,4660,2026-07-30 23:02:07.784,685,-29,51,
FF FF FF FF 00 25 0F 29 20 01 01 02 00 00 13 67 00 00 13 67 00 00 00 41 FF E3 00 32 12 34 02 AE BC 00 00 00 78,4967,4967,65,4660,2026-07-30 23:02:07.884,686,-29,50,
FF FF FF FF 00 25 0F 2A 20 01 01 02 00 00 13 67 00 00 13 67 00 00 00 40 FF E2 00 31 12 34 02 AF BC 00 00 00 79,4967,4967,64,4660,2026-07-30 23:02:07.988,687,-30,49,
FF FF FF FF 00 25 0F 2B 20 01 01 02 00 00 13 67 00 00 13 67 00 00 00 40 FF E3 00 33 12 34 02 B0 BD 00 00 00 65,4967,4967,64,4660,2026-07-30 23:02:08.090,688,-29,51,
FF FF FF FF 00 25 0F 2C 20 01 01 02 00 00 13 67 00 00 13 67 00 00 00 40 FF E3 00 33 12 34 02 B1 BD 00 00 00 63,4967,4967,64,4660,2026-07-30 23:02:08.191,689,-29,51,
FF FF FF FF 00 25 0F 2D 20 01 01 02 00 00 13 67 00 00 13 67 00 00 00 40 FF E3 00 33 12 34 02 B2 BE 00 00 00 62,4967,4967,64,4660,2026-07-30 23:02:08.279,690,-29,51,
FF FF FF FF 00 25 0F 2E 20 01 01 02 00 00 13 67 00 00 13 67 00 00 00 3F FF E3 00 33 12 34 02 B3 BD 00 00 00 1C,4967,4967,63,4660,2026-07-30 23:02:08.391,691,-29,51,
FF FF FF FF 00 25 0F 2F 20 01 01 02 00 00 13 67 00 00 13 67 00 00 00 3F FF E3 00 34 12 34 02 B4 BD 00 00 00 1D,4967,4967,63,4660,2026-07-30 23:02:08.495,692,-29,52,
FF FF FF FF 00 25 0F 30 20 01 01 02 00 00 13 67 00 00 13 67 00 00 00 3D FF E3 00 34 12 34 02 B5 BE 00 00 00 02,4967,4967,61,4660,2026-07-30 23:02:08.587,693,-29,52,
FF FF FF FF 00 25 0F 31 20 01 01 02 00 00 13 67 00 00 13 67 00 00 00 3C FF E2 00 33 12 34 02 B6 C1 00 00 00 78,4967,4967,60,4660,2026-07-30 23:02:08.686,694,-30,51,
FF FF FF FF 00 25 0F 32 20 01 01 02 00 00 13 67 00 00 13 67 00 00 00 3D FF E2 00 33 12 34 02 B7 BF 00 00 00 05,4967,4967,61,4660,2026-07-30 23:02:08.785,695,-30,51,
FF FF FF FF 00 25 0F 33 20 01 01 02 00 00 13 67 00 00 13 67 00 00 00 3C FF E2 00 33 12 34 02 B8 BD 00 00 00 08,4967,4967,60,4660,2026-07-30 23:02:08.885,696,-30,51,
FF FF FF FF 00 25 0F 36 20 01 01 02 00 00 13 67 00 00 13 67 00 00 00 3C FF E2 00 33 12 34 02 BB BE 00 00 00 0D,4967,4967,60,4660,2026-07-30 23:02:09.181,699,-30,51,
FF FF FF FF 00 25 0F 38 20 01 01 02 00 00 13 67 00 00 13 67 00 00 00 3C FF E3 00 33 12 34 02 BD BF 00 00 00 05,4967,4967,60,4660,2026-07-30 23:02:09.381,701,-29,51,
FF FF FF FF 00 25 0F 37 20 01 01 02 00 00 13 67 00 00 13 67 00 00 00 3C FF E2 00 33 12 34 02 BC BD 00 00 00 08,4967,4967,60,4660,2026-07-30 23:02:09.282,700,-30,51,
FF FF FF FF 00 25 0F 39 20 01 01 02 00 00 13 67 00 00 13 67 00 00 00 3C FF E3 00 32 12 34 02 BE BE 00 00 00 07,4967,4967,60,4660,2026-07-30 23:02:09.482,702,-29,50,
FF FF FF FF 00 25 0F 3A 20 01 01 02 00 00 13 67 00 00 13 67 00 00 00 3C FF E3 00 31 12 34 02 BF BE 00 00 00 06,4967,4967,60,4660,2026-07-30 23:02:09.578,703,-29,49,
FF FF FF FF 00 25 0F 3B 20 01 01 02 00 00 13 67 00 00 13 67 00 00 00 3C FF E4 00 31 12 34 02 C0 BE 00 00 00 7F,4967,4967,60,4660,2026-07-30 23:02:09.689,704,-28,49,
FF FF FF FF 00 25 0F 3C 20 01 01 02 00 00 13 67 00 00 13 67 00 00 00 3D FF E4 00 31 12 34 02 C1 BE 00 00 00 78,4967,4967,61,4660,2026-07-30 23:02:09.790,705,-28,49,
FF FF FF FF 00 25 0F 3D 20 01 01 02 00 00 13 67 00 00 13 67 00 00 00 3E FF E4 00 32 12 34 02 C2 BE 00 00 00 7A,4967,4967,62,4660,2026-07-30 23:02:09.887,706,-28,50,
FF FF FF FF 00 25 0F 3E 20 01 01 02 00 00 13 67 00 00 13 67 00 00 00 3F FF E4 00 33 12 34 02 C3 BD 00 00 00 7B,4967,4967,63,4660,2026-07-30 23:02:09.987,707,-28,51,
FF FF FF FF 00 25 0F 3F 20 01 01 02 00 00 13 67 00 00 13 67 00 00 00 40 FF E3 00 32 12 34 02 C4 BE 00 00 00 07,4967,4967,64,4660,2026-07-30 23:02:10.086,708,-29,50,
FF FF FF FF 00 25 0F 41 20 01 01 02 00 00 13 67 00 00 13 67 00 00 00 41 FF E4 00 33 12 34 02 C6 BD 00 00 00 7F,4967,4967,65,4660,2026-07-30 23:02:10.283,710,-28,51,
FF FF FF FF 00 25 0F 42 20 01 01 02 00 00 13 67 00 00 13 67 00 00 00 41 FF E4 00 33 12 34 02 C7 C0 00 00 00 00,4967,4967,65,4660,2026-07-30 23:02:10.381,711,-28,51,
FF FF FF FF 00 25 0F 43 20 01 01 02 00 00 13 67 00 00 13 67 00 00 00 41 FF E4 00 33 12 34 02 C8 BD 00 00 00 73,4967,4967,65,4660,2026-07-30 23:02:10.480,712,-28,51,
FF FF FF FF 00 25 0F 44 20 01 01 02 00 00 13 67 00 00 13 67 00 00 00 41 FF E4 00 32 12 34 02 C9 BF 00 00 00 76,4967,4967,65,4660,2026-07-30 23:02:10.590,713,-28,50,
FF FF FF FF 00 25 0F 45 20 01 01 02 00 00 13 67 00 00 13 67 00 00 00 40 FF E4 00 32 12 34 02 CA BE 00 00 00 74,4967,4967,64,4660,2026-07-30 23:02:10.677,714,-28,50,
FF FF FF FF 00 25 0F 46 20 01 01 02 00 00 13 67 00 00 13 67 00 00 00 3F FF E4 00 32 12 34 02 CB BF 00 00 00 08,4967,4967,63,4660,2026-07-30 23:02:10.788,715,-28,50,
FF FF FF FF 00 25 0F 47 20 01 01 02 00 00 13 67 00 00 13 67 00 00 00 3F FF E4 00 31 12 34 02 CC BF 00 00 00 0D,4967,4967,63,4660,2026-07-30 23:02:10.889,716,-28,49,
FF FF FF FF 00 25 0F 48 20 01 01 02 00 00 13 67 00 00 13 67 00 00 00 40 FF E5 00 32 12 34 02 CD BF 00 00 00 7E,4967,4967,64,4660,2026-07-30 23:02:11.683,717,-27,50,
FF FF FF FF 00 25 0F 49 20 01 01 02 00 00 13 67 00 00 13 67 00 00 00 3F FF E4 00 32 12 34 02 CE BF 00 00 00 02,4967,4967,63,4660,2026-07-30 23:02:12.680,718,-28,50,
FF FF FF FF 00 25 0F 4A 20 01 01 02 00 00 13 67 00 00 13 67 00 00 00 3F FF E4 00 33 12 34 02 CF BE 00 00 00 00,4967,4967,63,4660,2026-07-30 23:02:13.184,719,-28,51,
FF FF FF FF 00 25 0F 4B 20 01 01 02 00 00 13 67 00 00 13 67 00 00 00 3F FF E4 00 33 12 34 02 D0 BE 00 00 00 1E,4967,4967,63,4660,2026-07-30 23:02:13.917,720,-28,51,
FF FF FF FF 00 25 0F 4C 20 01 01 02 00 00 13 67 00 00 13 67 00 00 00 3E FF E3 00 32 12 34 02 D1 BE 00 00 00 1F,4967,4967,62,4660,2026-07-30 23:02:13.985,721,-29,50,
FF FF FF FF 00 25 0F 4D 20 01 01 02 00 00 13 67 00 00 13 67 00 00 00 3E FF E3 00 32 12 34 02 D2 BF 00 00 00 1C,4967,4967,62,4660,2026-07-30 23:02:14.085,722,-29,50,
FF FF FF FF 00 25 0F 4E 20 01 01 02 00 00 13 67 00 00 13 67 00 00 00 3E FF E4 00 33 12 34 02 D3 BD 00 00 00 1A,4967,4967,62,4660,2026-07-30 23:02:14.184,723,-28,51,
FF FF FF FF 00 25 0F 4F 20 01 01 02 00 00 13 67 00 00 13 67 00 00 00 3E FF E4 00 32 12 34 02 D4 BE 00 00 00 1E,4967,4967,62,4660,2026-07-30 23:02:14.284,724,-28,50,
FF FF FF FF 00 25 0F 50 20 01 01 02 00 00 13 67 00 00 13 67 00 00 00 3E FF E4 00 31 12 34 02 D5 BD 00 00 00 00,4967,4967,62,4660,2026-07-30 23:02:14.383,725,-28,49,
FF FF FF FF 00 25 0F 51 20 01 01 02 00 00 13 67 00 00 13 67 00 00 00 3F FF E4 00 32 12 34 02 D6 BE 00 00 00 03,4967,4967,63,4660,2026-07-30 23:02:14.483,726,-28,50,
FF FF FF FF 00 25 0F 52 20 01 01 02 00 00 13 67 00 00 13 67 00 00 00 3E FF E5 00 32 12 34 02 D7 BE 00 00 00 01,4967,4967,62,4660,2026-07-30 23:02:14.582,727,-27,50,
FF FF FF FF 00 25 0F 53 20 01 01 02 00 00 13 67 00 00 13 67 00 00 00 3F FF E5 00 33 12 34 02 D8 BD 00 00 00 0C,4967,4967,63,4660,2026-07-30 23:02:14.682,728,-27,51,
FF FF FF FF 00 25 0F 54 20 01 01 02 00 00 13 67 00 00 13 67 00 00 00 40 FF E5 00 33 12 34 02 D9 BF 00 00 00 77,4967,4967,64,4660,2026-07-30 23:02:14.781,729,-27,51,
FF FF FF FF 00 25 0F 55 20 01 01 02 00 00 13 67 00 00 13 67 00 00 00 40 FF E5 00 33 12 34 02 DA BD 00 00 00 77,4967,4967,64,4660,2026-07-30 23:02:14.892,730,-27,51,
FF FF FF FF 00 25 0F 56 20 01 01 02 00 00 13 67 00 00 13 67 00 00 00 40 FF E4 00 33 12 34 02 DB BF 00 00 00 76,4967,4967,64,4660,2026-07-30 23:02:14.991,731,-28,51,
FF FF FF FF 00 25 0F 57 20 01 01 02 00 00 13 67 00 00 13 67 00 00 00 40 FF E4 00 33 12 34 02 DC BF 00 00 00 70,4967,4967,64,4660,2026-07-30 23:02:15.084,732,-28,51,
FF FF FF FF 00 25 0F 58 20 01 01 02 00 00 13 67 00 00 13 67 00 00 00 3F FF E4 00 32 12 34 02 DD BE 00 00 00 01,4967,4967,63,4660,2026-07-30 23:02:15.190,733,-28,50,
FF FF FF FF 00 25 0F 59 20 01 01 02 00 00 13 67 00 00 13 67 00 00 00 3E FF E4 00 32 12 34 02 DE BA 00 00 00 06,4967,4967,62,4660,2026-07-30 23:02:15.290,734,-28,50,
FF FF FF FF 00 25 0F 5A 20 01 01 02 00 00 13 67 00 00 13 67 00 00 00 3F FF E4 00 32 12 34 02 DF BE 00 00 00 01,4967,4967,63,4660,2026-07-30 23:02:15.390,735,-28,50,
FF FF FF FF 00 25 0F 5B 20 01 01 02 00 00 13 67 00 00 13 67 00 00 00 3F FF E4 00 31 12 34 02 E0 BE 00 00 00 3C,4967,4967,63,4660,2026-07-30 23:02:15.489,736,-28,49,
FF FF FF FF 00 25 0F 5C 20 01 01 02 00 00 13 67 00 00 13 67 00 00 00 3F FF E4 00 32 12 34 02 E1 BF 00 00 00 38,4967,4967,63,4660,2026-07-30 23:02:15.594,737,-28,50,
FF FF FF FF 00 25 0F 5D 20 01 01 02 00 00 13 67 00 00 13 67 00 00 00 3E FF E4 00 32 12 34 02 E2 BE 00 00 00 3A,4967,4967,62,4660,2026-07-30 23:02:15.688,738,-28,50,
FF FF FF FF 00 25 0F 5E 20 01 01 02 00 00 13 67 00 00 13 67 00 00 00 3D FF E3 00 32 12 34 02 E3 BE 00 00 00 3C,4967,4967,61,4660,2026-07-30 23:02:15.786,739,-29,50,
FF FF FF FF 00 25 0F 5F 20 01 01 02 00 00 13 67 00 00 13 67 00 00 00 3D FF E3 00 32 12 34 02 E4 BE 00 00 00 3A,4967,4967,61,4660,2026-07-30 23:02:15.887,740,-29,50,
FF FF FF FF 00 25 0F 60 20 01 01 02 00 00 13 67 00 00 13 67 00 00 00 3E FF E4 00 32 12 34 02 E5 BF 00 00 00 01,4967,4967,62,4660,2026-07-30 23:02:15.986,741,-28,50,
FF FF FF FF 00 25 0F 61 20 01 01 02 00 00 13 67 00 00 13 67 00 00 00 3F FF E4 00 32 12 34 02 E6 BA 00 00 00 07,4967,4967,63,4660,2026-07-30 23:02:16.087,742,-28,50,
FF FF FF FF 00 25 0F 62 20 01 01 02 00 00 13 67 00 00 13 67 00 00 00 3F FF E4 00 32 12 34 02 E7 BD 00 00 00 02,4967,4967,63,4660,2026-07-30 23:02:16.181,743,-28,50,
FF FF FF FF 00 25 0F 63 20 01 01 02 00 00 13 67 00 00 13 67 00 00 00 40 FF E4 00 32 12 34 02 E8 BF 00 00 00 71,4967,4967,64,4660,2026-07-30 23:02:16.293,744,-28,50,
FF FF FF FF 00 25 0F 64 20 01 01 02 00 00 13 67 00 00 13 67 00 00 00 3F FF E4 00 33 12 34 02 E9 BC 00 00 00 0A,4967,4967,63,4660,2026-07-30 23:02:16.391,745,-28,51,
FF FF FF FF 00 25 0F 65 20 01 01 02 00 00 13 67 00 00 13 67 00 00 00 3F FF E5 00 33 12 34 02 EA BE 00 00 00 0B,4967,4967,63,4660,2026-07-30 23:02:16.490,746,-27,51,
FF FF FF FF 00 25 0F 66 20 01 01 02 00 00 13 67 00 00 13 67 00 00 00 40 FF E5 00 32 12 34 02 EB BE 00 00 00 77,4967,4967,64,4660,2026-07-30 23:02:16.594,747,-27,50,
FF FF FF FF 00 25 0F 67 20 01 01 02 00 00 13 67 00 00 13 67 00 00 00 40 FF E5 00 32 12 34 02 EC BE 00 00 00 71,4967,4967,64,4660,2026-07-30 23:02:16.685,748,-27,50,
FF FF FF FF 00 25 0F 68 20 01 01 02 00 00 13 67 00 00 13 67 00 00 00 41 FF E5 00 32 12 34 02 ED BD 00 00 00 7D,4967,4967,65,4660,2026-07-30 23:02:16.784,749,-27,50,
FF FF FF FF 00 25 0F 69 20 01 01 02 00 00 13 67 00 00 13 67 00 00 00 41 FF E4 00 33 12 34 02 EE BD 00 00 00 7F,4967,4967,65,4660,2026-07-30 23:02:16.882,750,-28,51,
FF FF FF FF 00 25 0F 6A 20 01 01 02 00 00 13 67 00 00 13 67 00 00 00 41 FF E4 00 33 12 34 02 EF BF 00 00 00 7F,4967,4967,65,4660,2026-07-30 23:02:16.981,751,-28,51,
FF FF FF FF 00 25 0F 6B 20 01 01 02 00 00 13 67 00 00 13 67 00 00 00 41 FF E4 00 33 12 34 02 F0 BF 00 00 00 61,4967,4967,65,4660,2026-07-30 23:02:17.081,752,-28,51,
FF FF FF FF 00 25 0F 6C 20 01 01 02 00 00 13 67 00 00 13 67 00 00 00 42 FF E4 00 32 12 34 02 F1 BE 00 00 00 64,4967,4967,66,4660,2026-07-30 23:02:17.180,753,-28,50,
FF FF FF FF 00 25 0F 62 20 01 01 02 00 00 13 67 00 00 13 67 00 00 00 3F FF E4 00 32 12 34 02 E7 BD 00 00 00 02,4967,4967,63,4660,2026-07-30 23:02:16.181,743,-28,50,
FF FF FF FF 00 25 0F 63 20 01 01 02 00 00 13 67 00 00 13 67 00 00 00 40 FF E4 00 32 12 34 02 E8 BF 00 00 00 71,4967,4967,64,4660,2026-07-30 23:02:16.293,744,-28,50,
FF FF FF FF 00 25 0F 64 20 01 01 02 00 00 13 67 00 00 13 67 00 00 00 3F FF E4 00 33 12 34 02 E9 BC 00 00 00 0A,4967,4967,63,4660,2026-07-30 23:02:16.391,745,-28,51,
FF FF FF FF 00 25 0F 65 20 01 01 02 00 00 13 67 00 00 13 67 00 00 00 3F FF E5 00 33 12 34 02 EA BE 00 00 00 0B,4967,4967,63,4660,2026-07-30 23:02:16.490,746,-27,51,
FF FF FF FF 00 25 0F 66 20 01 01 02 00 00 13 67 00 00 13 67 00 00 00 40 FF E5 00 32 12 34 02 EB BE 00 00 00 77,4967,4967,64,4660,2026-07-30 23:02:16.594,747,-27,50,
FF FF FF FF 00 25 0F 67 20 01 01 02 00 00 13 67 00 00 13 67 00 00 00 40 FF E5 00 32 12 34 02 EC BE 00 00 00 71,4967,4967,64,4660,2026-07-30 23:02:16.685,748,-27,50,
FF FF FF FF 00 25 0F 68 20 01 01 02 00 00 13 67 00 00 13 67 00 00 00 41 FF E5 00 32 12 34 02 ED BD 00 00 00 7D,4967,4967,65,4660,2026-07-30 23:02:16.784,749,-27,50,
FF FF FF FF 00 25 0F 69 20 01 01 02 00 00 13 67 00 00 13 67 00 00 00 41 FF E4 00 33 12 34 02 EE BD 00 00 00 7F,4967,4967,65,4660,2026-07-30 23:02:16.882,750,-28,51,
FF FF FF FF 00 25 0F 6A 20 01 01 02 00 00 13 67 00 00 13 67 00 00 00 41 FF E4 00 33 12 34 02 EF BF 00 00 00 7F,4967,4967,65,4660,2026-07-30 23:02:16.981,751,-28,51,
FF FF FF FF 00 25 0F 6B 20 01 01 02 00 00 13 67 00 00 13 67 00 00 00 41 FF E4 00 33 12 34 02 F0 BF 00 00 00 61,4967,4967,65,4660,2026-07-30 23:02:17.081,752,-28,51,
FF FF FF FF 00 25 0F 6C 20 01 01 02 00 00 13 67 00 00 13 67 00 00 00 42 FF E4 00 32 12 34 02 F1 BE 00 00 00 64,4967,4967,66,4660,2026-07-30 23:02:17.180,753,-28,50,
FF FF FF FF 00 25 0F 6D 20 01 01 02 00 00 13 67 00 00 13 67 00 00 00 42 FF E4 00 32 12 34 02 F2 BE 00 00 00 66,4967,4967,66,4660,2026-07-30 23:02:17.291,754,-28,50,
FF FF FF FF 00 25 0F 6F 20 01 01 02 00 00 13 67 00 00 13 67 00 00 00 43 FF E5 00 32 12 34 02 F4 C1 00 00 00 1D,4967,4967,67,4660,2026-07-30 23:02:17.489,756,-27,50,
FF FF FF FF 00 25 0F 70 20 01 01 02 00 00 13 67 00 00 13 67 00 00 00 44 FF E5 00 32 12 34 02 F5 C2 00 00 00 07,4967,4967,68,4660,2026-07-30 23:02:17.589,757,-27,50,
FF FF FF FF 00 25 0F 71 20 01 01 02 00 00 13 67 00 00 13 67 00 00 00 44 FF E5 00 32 12 34 02 F6 C2 00 00 00 05,4967,4967,68,4660,2026-07-30 23:02:17.687,758,-27,50,
FF FF FF FF 00 25 0F 72 20 01 01 02 00 00 13 67 00 00 13 67 00 00 00 44 FF E4 00 33 12 34 02 F7 C1 00 00 00 04,4967,4967,68,4660,2026-07-30 23:02:17.786,759,-28,51,
FF FF FF FF 00 25 0F 73 20 01 01 02 00 00 13 67 00 00 13 67 00 00 00 45 FF E4 00 32 12 34 02 F8 C0 00 00 00 0B,4967,4967,69,4660,2026-07-30 23:02:17.886,760,-28,50,
FF FF FF FF 00 25 0F 74 20 01 01 02 00 00 13 67 00 00 13 67 00 00 00 44 FF E4 00 32 12 34 02 F9 C2 00 00 00 0E,4967,4967,68,4660,2026-07-30 23:02:17.986,761,-28,50,
FF FF FF FF 00 25 0F 75 20 01 01 02 00 00 13 67 00 00 13 67 00 00 00 44 FF E4 00 33 12 34 02 FA BF 00 00 00 70,4967,4967,68,4660,2026-07-30 23:02:18.086,762,-28,51,
FF FF FF FF 00 25 0F 76 20 01 01 02 00 00 13 67 00 00 13 67 00 00 00 45 FF E5 00 33 12 34 02 FB C1 00 00 00 0C,4967,4967,69,4660,2026-07-30 23:02:18.184,763,-27,51,
FF FF FF FF 00 25 0F 77 20 01 01 02 00 00 13 67 00 00 13 67 00 00 00 45 FF E5 00 33 12 34 02 FC BF 00 00 00 74,4967,4967,69,4660,2026-07-30 23:02:18.282,764,-27,51,
FF FF FF FF 00 25 0F 78 20 01 01 02 00 00 13 67 00 00 13 67 00 00 00 44 FF E6 00 33 12 34 02 FD C0 00 00 00 07,4967,4967,68,4660,2026-07-30 23:02:18.381,765,-26,51,
FF FF FF FF 00 25 0F 79 20 01 01 02 00 00 13 67 00 00 13 67 00 00 00 44 FF E6 00 34 12 34 02 FE BF 00 00 00 7D,4967,4967,68,4660,2026-07-30 23:02:18.481,766,-26,52,
FF FF FF FF 00 25 0F 6F 20 01 01 02 00 00 13 67 00 00 13 67 00 00 00 43 FF E5 00 32 12 34 02 F4 C1 00 00 00 1D,4967,4967,67,4660,2026-07-30 23:02:17.489,756,-27,50,
FF FF FF FF 00 25 0F 70 20 01 01 02 00 00 13 67 00 00 13 67 00 00 00 44 FF E5 00 32 12 34 02 F5 C2 00 00 00 07,4967,4967,68,4660,2026-07-30 23:02:17.589,757,-27,50,
FF FF FF FF 00 25 0F 71 20 01 01 02 00 00 13 67 00 00 13 67 00 00 00 44 FF E5 00 32 12 34 02 F6 C2 00 00 00 05,4967,4967,68,4660,2026-07-30 23:02:17.687,758,-27,50,
FF FF FF FF 00 25 0F 72 20 01 01 02 00 00 13 67 00 00 13 67 00 00 00 44 FF E4 00 33 12 34 02 F7 C1 00 00 00 04,4967,4967,68,4660,2026-07-30 23:02:17.786,759,-28,51,
FF FF FF FF 00 25 0F 73 20 01 01 02 00 00 13 67 00 00 13 67 00 00 00 45 FF E4 00 32 12 34 02 F8 C0 00 00 00 0B,4967,4967,69,4660,2026-07-30 23:02:17.886,760,-28,50,
FF FF FF FF 00 25 0F 74 20 01 01 02 00 00 13 67 00 00 13 67 00 00 00 44 FF E4 00 32 12 34 02 F9 C2 00 00 00 0E,4967,4967,68,4660,2026-07-30 23:02:17.986,761,-28,50,
FF FF FF FF 00 25 0F 75 20 01 01 02 00 00 13 67 00 00 13 67 00 00 00 44 FF E4 00 33 12 34 02 FA BF 00 00 00 70,4967,4967,68,4660,2026-07-30 23:02:18.086,762,-28,51,
FF FF FF FF 00 25 0F 76 20 01 01 02 00 00 13 67 00 00 13 67 00 00 00 45 FF E5 00 33 12 34 02 FB C1 00 00 00 0C,4967,4967,69,4660,2026-07-30 23:02:18.184,763,-27,51,
FF FF FF FF 00 25 0F 77 20 01 01 02 00 00 13 67 00 00 13 67 00 00 00 45 FF E5 00 33 12 34 02 FC BF 00 00 00 74,4967,4967,69,4660,2026-07-30 23:02:18.282,764,-27,51,
FF FF FF FF 00 25 0F 78 20 01 01 02 00 00 13 67 00 00 13 67 00 00 00 44 FF E6 00 33 12 34 02 FD C0 00 00 00 07,4967,4967,68,4660,2026-07-30 23:02:18.381,765,-26,51,
FF FF FF FF 00 25 0F 79 20 01 01 02 00 00 13 67 00 00 13 67 00 00 00 44 FF E6 00 34 12 34 02 FE BF 00 00 00 7D,4967,4967,68,4660,2026-07-30 23:02:18.481,766,-26,52,
FF FF FF FF 00 25 0F 7A 20 01 01 02 00 00 13 67 00 00 13 67 00 00 00 43 FF E7 00 33 12 34 02 FF BF 00 00 00 7E,4967,4967,67,4660,2026-07-30 23:02:18.593,767,-25,51,
FF FF FF FF 00 25 0F 7B 20 01 01 02 00 00 13 67 00 00 13 67 00 00 00 43 FF E7 00 34 12 34 03 00 BF 00 00 00 86,4967,4967,67,4660,2026-07-30 23:02:18.689,768,-25,52,
FF FF FF FF 00 25 0F 7C 20 01 01 02 00 00 13 67 00 00 13 67 00 00 00 44 FF E7 00 33 12 34 03 01 C0 00 00 00 FF,4967,4967,68,4660,2026-07-30 23:02:18.777,769,-25,51,
FF FF FF FF 00 25 0F 7D 20 01 01 02 00 00 13 67 00 00 13 67 00 00 00 44 FF E7 00 34 12 34 03 02 BF 00 00 00 85,4967,4967,68,4660,2026-07-30 23:02:19.686,770,-25,52,
FF FF FF FF 00 25 0F 7E 20 01 01 02 00 00 13 67 00 00 13 67 00 00 00 45 FF E7 00 34 12 34 03 03 C0 00 00 00 F9,4967,4967,69,4660,2026-07-30 23:02:20.681,771,-25,52,
FF FF FF FF 00 25 0F 81 20 01 01 02 00 00 13 67 00 00 13 67 00 00 00 46 FF E6 00 32 12 34 03 06 C0 00 00 00 07,4967,4967,70,4660,2026-07-30 23:02:21.693,774,-26,50,
FF FF FF FF 00 25 0F 82 20 01 01 02 00 00 13 67 00 00 13 67 00 00 00 46 FF E6 00 32 12 34 03 07 C0 00 00 00 05,4967,4967,70,4660,2026-07-30 23:02:21.783,775,-26,50,
FF FF FF FF 00 25 0F 83 20 01 01 02 00 00 13 67 00 00 13 67 00 00 00 47 FF E6 00 32 12 34 03 08 C0 00 00 00 0A,4967,4967,71,4660,2026-07-30 23:02:21.882,776,-26,50,
FF FF FF FF 00 25 0F 84 20 01 01 02 00 00 13 67 00 00 13 67 00 00 00 46 FF E4 00 31 12 34 03 09 C1 00 00 00 0D,4967,4967,70,4660,2026-07-30 23:02:21.981,777,-28,49,
FF FF FF FF 00 25 0F 85 20 01 01 02 00 00 13 67 00 00 13 67 00 00 00 46 FF E4 00 32 12 34 03 0A C2 00 00 00 0F,4967,4967,70,4660,2026-07-30 23:02:22.079,778,-28,50,
FF FF FF FF 00 25 0F 86 20 01 01 02 00 00 13 67 00 00 13 67 00 00 00 44 FF E8 00 3A 12 34 03 0B C1 00 00 00 08,4967,4967,68,4660,2026-07-30 23:02:22.184,779,-24,58,
FF FF FF FF 00 25 0F 87 20 01 01 02 00 00 13 67 00 00 13 67 00 00 00 44 FF D6 00 31 12 34 03 0C C3 00 00 00 39,4967,4967,68,4660,2026-07-30 23:02:22.288,780,-42,49,
FF FF FF FF 00 25 0F 88 20 01 01 02 00 00 13 67 00 00 13 67 00 00 00 42 FF E2 00 35 12 34 03 0D C0 00 00 00 02,4967,4967,66,4660,2026-07-30 23:02:22.387,781,-30,53,
FF FF FF FF 00 25 0F 89 20 01 01 02 00 00 13 67 00 00 13 67 00 00 00 42 FF F0 00 31 12 34 03 0E C2 00 00 00 14,4967,4967,66,4660,2026-07-30 23:02:22.485,782,-16,49,
FF FF FF FF 00 25 0F 8A 20 01 01 02 00 00 13 67 00 00 13 67 00 00 00 41 FF FB 00 2E 12 34 03 0F C0 00 00 00 03,4967,4967,65,4660,2026-07-30 23:02:22.583,783,-5,46,
FF FF FF FF 00 25 0F 8B 20 01 01 02 00 00 13 67 00 00 13 67 00 00 00 41 00 00 00 2D 12 34 03 10 C4 00 00 00 1E,4967,4967,65,4660,2026-07-30 23:02:22.684,784,0,45,
FF FF FF FF 00 25 0F 8C 20 01 01 02 00 00 13 67 00 00 13 67 00 00 00 3F 00 06 00 2C 12 34 03 11 C4 00 00 00 61,4967,4967,63,4660,2026-07-30 23:02:22.781,785,6,44,
FF FF FF FF 00 25 0F 8D 20 01 01 02 00 00 13 67 00 00 13 67 00 00 00 3F 00 09 00 2B 12 34 03 12 C3 00 00 00 6C,4967,4967,63,4660,2026-07-30 23:02:22.881,786,9,43,
FF FF FF FF 00 25 0F 8E 20 01 01 02 00 00 13 67 00 00 13 67 00 00 00 3E 00 0B 00 2B 12 34 03 13 C2 00 00 00 6C,4967,4967,62,4660,2026-07-30 23:02:22.992,787,11,43,
FF FF FF FF 00 25 0F 8F 20 01 01 02 00 00 13 67 00 00 13 67 00 00 00 3E 00 0D 00 2A 12 34 03 14 C1 00 00 00 6E,4967,4967,62,4660,2026-07-30 23:02:23.081,788,13,42,
FF FF FF FF 00 25 0F 90 20 01 01 02 00 00 13 67 00 00 13 67 00 00 00 3E 00 0E 00 2B 12 34 03 15 C3 00 00 00 70,4967,4967,62,4660,2026-07-30 23:02:23.183,789,14,43,
FF FF FF FF 00 25 0F 91 20 01 01 02 00 00 13 67 00 00 13 67 00 00 00 3E 00 0F 00 2A 12 34 03 16 C4 00 00 00 75,4967,4967,62,4660,2026-07-30 23:02:23.288,790,15,42,
FF FF FF FF 00 25 0F 92 20 01 01 02 00 00 13 67 00 00 13 67 00 00 00 3E 00 10 00 2A 12 34 03 17 C2 00 00 00 6E,4967,4967,62,4660,2026-07-30 23:02:23.388,791,16,42,
FF FF FF FF 00 25 0F 93 20 01 01 02 00 00 13 67 00 00 13 67 00 00 00 3D 00 11 00 29 12 34 03 18 C3 00 00 00 60,4967,4967,61,4660,2026-07-30 23:02:23.490,792,17,41,
FF FF FF FF 00 25 0F 94 20 01 01 02 00 00 13 67 00 00 13 67 00 00 00 3D 00 12 00 28 12 34 03 19 C3 00 00 00 64,4967,4967,61,4660,2026-07-30 23:02:23.576,793,18,40,
FF FF FF FF 00 25 0F 95 20 01 01 02 00 00 13 67 00 00 13 67 00 00 00 3D 00 13 00 28 12 34 03 1A C2 00 00 00 66,4967,4967,61,4660,2026-07-30 23:02:23.691,794,19,40,
FF FF FF FF 00 25 0F 96 20 01 01 02 00 00 13 67 00 00 13 67 00 00 00 3D 00 13 00 29 12 34 03 1B C2 00 00 00 65,4967,4967,61,4660,2026-07-30 23:02:23.784,795,19,41,
FF FF FF FF 00 25 0F 97 20 01 01 02 00 00 13 67 00 00 13 67 00 00 00 3D 00 14 00 28 12 34 03 1C C3 00 00 00 64,4967,4967,61,4660,2026-07-30 23:02:23.882,796,20,40,
FF FF FF FF 00 25 0F 98 20 01 01 02 00 00 13 67 00 00 13 67 00 00 00 3D 00 14 00 28 12 34 03 1D C2 00 00 00 6B,4967,4967,61,4660,2026-07-30 23:02:23.981,797,20,40,
FF FF FF FF 00 25 0F 99 20 01 01 02 00 00 13 67 00 00 13 67 00 00 00 3D 00 14 00 28 12 34 03 1E C2 00 00 00 69,4967,4967,61,4660,2026-07-30 23:02:24.080,798,20,40,
FF FF FF FF 00 25 0F 9A 20 01 01 02 00 00 13 67 00 00 13 67 00 00 00 3C 00 14 00 27 12 34 03 1F C4 00 00 00 63,4967,4967,60,4660,2026-07-30 23:02:24.179,799,20,39,
FF FF FF FF 00 25 0F 9B 20 01 01 02 00 00 13 67 00 00 13 67 00 00 00 3D 00 14 00 27 12 34 03 21 C3 00 00 00 5A,4967,4967,61,4660,2026-07-30 23:02:24.284,801,20,39,
FF FF FF FF 00 25 0F 9C 20 01 01 02 00 00 13 67 00 00 13 67 00 00 00 3D 00 13 00 27 12 34 03 22 C2 00 00 00 58,4967,4967,61,4660,2026-07-30 23:02:24.384,802,19,39,
FF FF FF FF 00 25 0F 9D 20 01 01 02 00 00 13 67 00 00 13 67 00 00 00 3D 00 13 00 27 12 34 03 23 C3 00 00 00 59,4967,4967,61,4660,2026-07-30 23:02:24.484,803,19,39,
FF FF FF FF 00 25 0F 9E 20 01 01 02 00 00 13 67 00 00 13 67 00 00 00 3D 00 13 00 28 12 34 03 24 C2 00 00 00 53,4967,4967,61,4660,2026-07-30 23:02:24.582,804,19,40,
FF FF FF FF 00 25 0F 9F 20 01 01 02 00 00 13 67 00 00 13 67 00 00 00 3D 00 13 00 28 12 34 03 25 C3 00 00 00 52,4967,4967,61,4660,2026-07-30 23:02:24.681,805,19,40,
FF FF FF FF 00 25 0F A0 20 01 01 02 00 00 13 67 00 00 13 67 00 00 00 3D 00 13 00 28 12 34 03 26 C4 00 00 00 69,4967,4967,61,4660,2026-07-30 23:02:24.779,806,19,40,
FF FF FF FF 00 25 0F A1 20 01 01 02 00 00 13 67 00 00 13 67 00 00 00 3D 00 14 00 27 12 34 03 27 C4 00 00 00 61,4967,4967,61,4660,2026-07-30 23:02:24.890,807,20,39,
FF FF FF FF 00 25 0F A2 20 01 01 02 00 00 13 67 00 00 13 67 00 00 00 3C 00 14 00 28 12 34 03 28 C4 00 00 00 63,4967,4967,60,4660,2026-07-30 23:02:24.990,808,20,40,
FF FF FF FF 00 25 0F A3 20 01 01 02 00 00 13 67 00 00 13 67 00 00 00 3C 00 13 00 29 12 34 03 29 C1 00 00 00 60,4967,4967,60,4660,2026-07-30 23:02:25.088,809,19,41,
FF FF FF FF 00 25 0F A4 20 01 01 02 00 00 13 67 00 00 13 67 00 00 00 3D 00 13 00 29 12 34 03 2A C4 00 00 00 60,4967,4967,61,4660,2026-07-30 23:02:25.190,810,19,41,
FF FF FF FF 00 25 0F A5 20 01 01 02 00 00 13 67 00 00 13 67 00 00 00 3C 00 13 00 29 12 34 03 2B C3 00 00 00 66,4967,4967,60,4660,2026-07-30 23:02:25.290,811,19,41,
FF FF FF FF 00 25 0F A6 20 01 01 02 00 00 13 67 00 00 13 67 00 00 00 3D 00 13 00 29 12 34 03 2C C3 00 00 00 63,4967,4967,61,4660,2026-07-30 23:02:25.390,812,19,41,
FF FF FF FF 00 25 0F A7 20 01 01 02 00 00 13 67 00 00 13 67 00 00 00 3D 00 12 00 2A 12 34 03 2D C2 00 00 00 60,4967,4967,61,4660,2026-07-30 23:02:25.487,813,18,42,
FF FF FF FF 00 25 0F A8 20 01 01 02 00 00 13 67 00 00 13 67 00 00 00 3D 00 12 00 2A 12 34 03 2E C4 00 00 00 6A,4967,4967,61,4660,2026-07-30 23:02:25.585,814,18,42,
FF FF FF FF 00 25 0F A9 20 01 01 02 00 00 13 67 00 00 13 67 00 00 00 3D 00 12 00 2A 12 34 03 2F C0 00 00 00 6E,4967,4967,61,4660,2026-07-30 23:02:25.684,815,18,42,
FF FF FF FF 00 25 0F AA 20 01 01 02 00 00 13 67 00 00 13 67 00 00 00 3D 00 11 00 2B 12 34 03 30 C3 00 00 00 73,4967,4967,61,4660,2026-07-30 23:02:25.790,816,17,43,
FF FF FF FF 00 25 0F AB 20 01 01 02 00 00 13 67 00 00 13 67 00 00 00 3D 00 11 00 2B 12 34 03 31 C4 00 00 00 74,4967,4967,61,4660,2026-07-30 23:02:25.889,817,17,43,
FF FF FF FF 00 25 0F AC 20 01 01 02 00 00 13 67 00 00 13 67 00 00 00 3D 00 11 00 2B 12 34 03 32 C4 00 00 00 70,4967,4967,61,4660,2026-07-30 23:02:25.989,818,17,43,
FF FF FF FF 00 25 0F AD 20 01 01 02 00 00 13 67 00 00 13 67 00 00 00 3E 00 10 00 2C 12 34 03 33 C0 00 00 00 71,4967,4967,62,4660,2026-07-30 23:02:26.087,819,16,44,
FF FF FF FF 00 25 0F AE 20 01 01 02 00 00 13 67 00 00 13 67 00 00 00 3E 00 10 00 2C 12 34 03 34 C0 00 00 00 75,4967,4967,62,4660,2026-07-30 23:02:26.187,820,16,44,
FF FF FF FF 00 25 0F AF 20 01 01 02 00 00 13 67 00 00 13 67 00 00 00 3E 00 10 00 2C 12 34 03 35 C2 00 00 00 77,4967,4967,62,4660,2026-07-30 23:02:26.283,821,16,44,
FF FF FF FF 00 25 0F B0 20 01 01 02 00 00 13 67 00 00 13 67 00 00 00 3D 00 10 00 2B 12 34 03 36 C2 00 00 00 6F,4967,4967,61,4660,2026-07-30 23:02:26.382,822,16,43,
FF FF FF FF 00 25 0F B1 20 01 01 02 00 00 13 67 00 00 13 67 00 00 00 3D 00 10 00 2B 12 34 03 37 C2 00 00 00 6F,4967,4967,61,4660,2026-07-30 23:02:26.482,823,16,43,
FF FF FF FF 00 25 0F B2 20 01 01 02 00 00 13 67 00 00 13 67 00 00 00 3D 00 0F 00 2B 12 34 03 38 C2 00 00 00 7C,4967,4967,61,4660,2026-07-30 23:02:26.581,824,15,43,
FF FF FF FF 00 25 0F B3 20 01 01 02 00 00 13 67 00 00 13 67 00 00 00 3D 00 0F 00 2C 12 34 03 39 C4 00 00 00 7D,4967,4967,61,4660,2026-07-30 23:02:26.691,825,15,44,
FF FF FF FF 00 25 0F B4 20 01 01 02 00 00 13 67 00 00 13 67 00 00 00 3C 00 0F 00 2C 12 34 03 3A C4 00 00 00 78,4967,4967,60,4660,2026-07-30 23:02:26.776,826,15,44,
FF FF FF FF 00 25 0F B5 20 01 01 02 00 00 13 67 00 00 13 67 00 00 00 3C 00 0F 00 2D 12 34 03 3B C6 00 00 00 7B,4967,4967,60,4660,2026-07-30 23:02:26.888,827,15,45,
FF FF FF FF 00 25 0F B6 20 01 01 02 00 00 13 67 00 00 13 67 00 00 00 3C 00 10 00 2D 12 34 03 3C C3 00 00 00 65,4967,4967,60,4660,2026-07-30 23:02:26.987,828,16,45,
FF FF FF FF 00 25 0F B7 20 01 01 02 00 00 13 67 00 00 13 67 00 00 00 3C 00 10 00 2D 12 34 03 3D C3 00 00 00 65,4967,4967,60,4660,2026-07-30 23:02:27.087,829,16,45,
FF FF FF FF 00 25 0F B8 20 01 01 02 00 00 13 67 00 00 13 67 00 00 00 3C 00 10 00 2C 12 34 03 3E C2 00 00 00 69,4967,4967,60,4660,2026-07-30 23:02:27.187,830,16,44,
FF FF FF FF 00 25 0F B9 20 01 01 02 00 00 13 67 00 00 13 67 00 00 00 3C 00 11 00 2C 12 34 03 3F C3 00 00 00 69,4967,4967,60,4660,2026-07-30 23:02:27.280,831,17,44,
FF FF FF FF 00 25 0F BA 20 01 01 02 00 00 13 67 00 00 13 67 00 00 00 3C 00 10 00 2C 12 34 03 40 C4 00 00 00 13,4967,4967,60,4660,2026-07-30 23:02:27.391,832,16,44,
FF FF FF FF 00 25 0F BB 20 01 01 02 00 00 13 67 00 00 13 67 00 00 00 3B 00 10 00 2C 12 34 03 41 C1 00 00 00 11,4967,4967,59,4660,2026-07-30 23:02:27.490,833,16,44,
FF FF FF FF 00 25 0F BC 20 01 01 02 00 00 13 67 00 00 13 67 00 00 00 3B 00 10 00 2D 12 34 03 42 C2 00 00 00 17,4967,4967,59,4660,2026-07-30 23:02:27.577,834,16,45,
FF FF FF FF 00 25 0F BD 20 01 01 02 00 00 13 67 00 00 13 67 00 00 00 3A 00 10 00 2D 12 34 03 43 C2 00 00 00 16,4967,4967,58,4660,2026-07-30 23:02:27.688,835,16,45,
FF FF FF FF 00 25 0F BE 20 01 01 02 00 00 13 67 00 00 13 67 00 00 00 3A 00 10 00 2D 12 34 03 44 C1 00 00 00 11,4967,4967,58,4660,2026-07-30 23:02:27.786,836,16,45,
FF FF FF FF 00 25 0F BF 20 01 01 02 00 00 13 67 00 00 13 67 00 00 00 3B 00 11 00 2B 12 34 03 45 C3 00 00 00 15,4967,4967,59,4660,2026-07-30 23:02:27.885,837,17,43,
FF FF FF FF 00 25 0F C0 20 01 01 02 00 00 13 67 00 00 13 67 00 00 00 3B 00 16 00 28 12 34 03 46 C1 00 00 00 6F,4967,4967,59,4660,2026-07-30 23:02:27.984,838,22,40,
FF FF FF FF 00 25 0F C1 20 01 01 02 00 00 13 67 00 00 13 67 00 00 00 3B 00 1B 00 23 12 34 03 47 C5 00 00 00 6D,4967,4967,59,4660,2026-07-30 23:02:28.083,839,27,35,
FF FF FF FF 00 25 0F C2 20 01 01 02 00 00 13 67 00 00 13 67 00 00 00 3A 00 0E 00 32 12 34 03 48 C2 00 00 00 63,4967,4967,58,4660,2026-07-30 23:02:28.183,840,14,50,
FF FF FF FF 00 25 0F C3 20 01 01 02 00 00 13 67 00 00 13 67 00 00 00 3E 00 17 00 2A 12 34 03 49 C0 00 00 00 64,4967,4967,62,4660,2026-07-30 23:02:28.292,841,23,42,
FF FF FF FF 00 25 0F C4 20 01 01 02 00 00 13 67 00 00 13 67 00 00 00 44 00 29 00 2B 12 34 03 4A C3 00 00 00 26,4967,4967,68,4660,2026-07-30 23:02:28.390,842,41,43,
FF FF FF FF 00 25 0F C5 20 01 01 02 00 00 13 67 00 00 13 67 00 00 00 48 00 14 00 38 12 34 03 4B C2 00 00 00 05,4967,4967,72,4660,2026-07-30 23:02:28.490,843,20,56,
FF FF FF FF 00 25 0F C8 20 01 01 02 00 00 13 67 00 00 13 67 00 00 00 51 FF EF 00 33 12 34 03 4E C1 00 00 00 18,4967,4967,81,4660,2026-07-30 23:02:28.786,846,-17,51,
FF FF FF FF 00 25 0F BD 20 01 01 02 00 00 13 67 00 00 13 67 00 00 00 3A 00 10 00 2D 12 34 03 43 C2 00 00 00 16,4967,4967,58,4660,2026-07-30 23:02:27.688,835,16,45,
FF FF FF FF 00 25 0F BE 20 01 01 02 00 00 13 67 00 00 13 67 00 00 00 3A 00 10 00 2D 12 34 03 44 C1 00 00 00 11,4967,4967,58,4660,2026-07-30 23:02:27.786,836,16,45,
FF FF FF FF 00 25 0F BF 20 01 01 02 00 00 13 67 00 00 13 67 00 00 00 3B 00 11 00 2B 12 34 03 45 C3 00 00 00 15,4967,4967,59,4660,2026-07-30 23:02:27.885,837,17,43,
FF FF FF FF 00 25 0F C0 20 01 01 02 00 00 13 67 00 00 13 67 00 00 00 3B 00 16 00 28 12 34 03 46 C1 00 00 00 6F,4967,4967,59,4660,2026-07-30 23:02:27.984,838,22,40,
FF FF FF FF 00 25 0F C1 20 01 01 02 00 00 13 67 00 00 13 67 00 00 00 3B 00 1B 00 23 12 34 03 47 C5 00 00 00 6D,4967,4967,59,4660,2026-07-30 23:02:28.083,839,27,35,
FF FF FF FF 00 25 0F C2 20 01 01 02 00 00 13 67 00 00 13 67 00 00 00 3A 00 0E 00 32 12 34 03 48 C2 00 00 00 63,4967,4967,58,4660,2026-07-30 23:02:28.183,840,14,50,
FF FF FF FF 00 25 0F C3 20 01 01 02 00 00 13 67 00 00 13 67 00 00 00 3E 00 17 00 2A 12 34 03 49 C0 00 00 00 64,4967,4967,62,4660,2026-07-30 23:02:28.292,841,23,42,
FF FF FF FF 00 25 0F C4 20 01 01 02 00 00 13 67 00 00 13 67 00 00 00 44 00 29 00 2B 12 34 03 4A C3 00 00 00 26,4967,4967,68,4660,2026-07-30 23:02:28.390,842,41,43,
FF FF FF FF 00 25 0F C5 20 01 01 02 00 00 13 67 00 00 13 67 00 00 00 48 00 14 00 38 12 34 03 4B C2 00 00 00 05,4967,4967,72,4660,2026-07-30 23:02:28.490,843,20,56,
FF FF FF FF 00 25 0F C6 20 01 01 02 00 00 13 67 00 00 13 67 00 00 00 49 00 04 00 36 12 34 03 4C C2 00 00 00 1E,4967,4967,73,4660,2026-07-30 23:02:28.588,844,4,54,
FF FF FF FF 00 25 0F C8 20 01 01 02 00 00 13 67 00 00 13 67 00 00 00 51 FF EF 00 33 12 34 03 4E C1 00 00 00 18,4967,4967,81,4660,2026-07-30 23:02:28.786,846,-17,51,
FF FF FF FF 00 25 0F C7 20 01 01 02 00 00 13 67 00 00 13 67 00 00 00 59 FF FB 00 37 12 34 03 4D C3 00 00 00 0E,4967,4967,89,4660,2026-07-30 23:02:28.677,845,-5,55,
FF FF FF FF 00 25 0F C9 20 01 01 02 00 00 13 67 00 00 13 67 00 00 00 5A FF E9 00 34 12 34 03 4F C1 00 00 00 12,4967,4967,90,4660,2026-07-30 23:02:28.884,847,-23,52,
FF FF FF FF 00 25 0F CA 20 01 01 02 00 00 13 67 00 00 13 67 00 00 00 52 FF E5 00 33 12 34 03 50 BF 00 00 00 73,4967,4967,82,4660,2026-07-30 23:02:28.984,848,-27,51,
FF FF FF FF 00 25 0F CB 20 01 01 02 00 00 13 67 00 00 13 67 00 00 00 51 FF E2 00 34 12 34 03 51 C0 00 00 00 0F,4967,4967,81,4660,2026-07-30 23:02:29.084,849,-30,52,
FF FF FF FF 00 25 0F CC 20 01 01 02 00 00 13 67 00 00 13 67 00 00 00 58 FF E1 00 39 12 34 03 52 BF 00 00 00 73,4967,4967,88,4660,2026-07-30 23:02:29.184,850,-31,57,
FF FF FF FF 00 25 0F CD 20 01 01 02 00 00 13 67 00 00 13 67 00 00 00 5E FF E0 00 3C 12 34 03 53 BF 00 00 00 71,4967,4967,94,4660,2026-07-30 23:02:29.294,851,-32,60,
FF FF FF FF 00 25 0F CE 20 01 01 02 00 00 13 67 00 00 13 67 00 00 00 61 FF E0 00 3D 12 34 03 54 C0 00 00 00 34,4967,4967,97,4660,2026-07-30 23:02:29.383,852,-32,61,
FF FF FF FF 00 25 0F CF 20 01 01 02 00 00 13 67 00 00 13 67 00 00 00 61 FF E0 00 3D 12 34 03 55 C0 00 00 00 34,4967,4967,97,4660,2026-07-30 23:02:29.483,853,-32,61,
FF FF FF FF 00 25 0F D0 20 01 01 02 00 00 13 67 00 00 13 67 00 00 00 65 FF E1 00 3D 12 34 03 56 BF 00 00 00 52,4967,4967,101,4660,2026-07-30 23:02:29.582,854,-31,61,
FF FF FF FF 00 25 0F D1 20 01 01 02 00 00 13 67 00 00 13 67 00 00 00 66 FF E2 00 3F 12 34 03 57 BF 00 00 00 50,4967,4967,102,4660,2026-07-30 23:02:30.190,855,-30,63,
FF FF FF FF 00 25 0F D2 20 01 01 02 00 00 13 67 00 00 13 67 00 00 00 66 FF E3 00 3D 12 34 03 58 BF 00 00 00 5F,4967,4967,102,4660,2026-07-30 23:02:31.183,856,-29,61,
FF FF FF FF 00 25 0F D3 20 01 01 02 00 00 13 67 00 00 13 67 00 00 00 68 FF E6 00 3F 12 34 03 59 C2 00 00 00 2B,4967,4967,104,4660,2026-07-30 23:02:32.172,857,-26,63,
FF FF FF FF 00 25 0F D4 20 01 01 02 00 00 13 67 00 00 13 67 00 00 00 6A FF E4 00 3D 12 34 03 5A C1 00 00 00 2E,4967,4967,106,4660,2026-07-30 23:02:32.181,858,-28,61,
FF FF FF FF 00 25 0F D5 20 01 01 02 00 00 13 67 00 00 13 67 00 00 00 63 FF E3 00 3E 12 34 03 5B BD 00 00 00 5F,4967,4967,99,4660,2026-07-30 23:02:32.280,859,-29,62,
FF FF FF FF 00 25 0F D6 20 01 01 02 00 00 13 67 00 00 13 67 00 00 00 61 FF E3 00 3D 12 34 03 5C BF 00 00 00 58,4967,4967,97,4660,2026-07-30 23:02:32.392,860,-29,61,
FF FF FF FF 00 25 0F D7 20 01 01 02 00 00 13 67 00 00 13 67 00 00 00 5D FF E4 00 3C 12 34 03 5D C0 00 00 00 1D,4967,4967,93,4660,2026-07-30 23:02:32.478,861,-28,60,
FF FF FF FF 00 25 0F D8 20 01 01 02 00 00 13 67 00 00 13 67 00 00 00 58 FF E1 00 39 12 34 03 5E C0 00 00 00 14,4967,4967,88,4660,2026-07-30 23:02:32.577,862,-31,57,
FF FF FF FF 00 25 0F D9 20 01 01 02 00 00 13 67 00 00 13 67 00 00 00 51 FF E2 00 38 12 34 03 5F C1 00 00 00 1E,4967,4967,81,4660,2026-07-30 23:02:32.689,863,-30,56,
FF FF FF FF 00 25 0F DA 20 01 01 02 00 00 13 67 00 00 13 67 00 00 00 55 FF E2 00 38 12 34 03 60 C1 00 00 00 26,4967,4967,85,4660,2026-07-30 23:02:32.787,864,-30,56,
FF FF FF FF 00 25 0F DB 20 01 01 02 00 00 13 67 00 00 13 67 00 00 00 58 FF E0 00 37 12 34 03 61 C0 00 00 00 27,4967,4967,88,4660,2026-07-30 23:02:32.882,865,-32,55,
FF FF FF FF 00 25 0F DC 20 01 01 02 00 00 13 67 00 00 13 67 00 00 00 5A FF E1 00 37 12 34 03 62 C0 00 00 00 20,4967,4967,90,4660,2026-07-30 23:02:32.982,866,-31,55,
FF FF FF FF 00 25 0F DD 20 01 01 02 00 00 13 67 00 00 13 67 00 00 00 5A FF E1 00 37 12 34 03 63 C1 00 00 00 21,4967,4967,90,4660,2026-07-30 23:02:33.081,867,-31,55,
FF FF FF FF 00 25 0F DE 20 01 01 02 00 00 13 67 00 00 13 67 00 00 00 57 FF E0 00 36 12 34 03 64 BF 00 00 00 56,4967,4967,87,4660,2026-07-30 23:02:33.181,868,-32,54,
FF FF FF FF 00 25 0F DF 20 01 01 02 00 00 13 67 00 00 13 67 00 00 00 59 FF E4 00 34 12 34 03 65 C0 00 00 00 21,4967,4967,89,4660,2026-07-30 23:02:33.281,869,-28,52,
FF FF FF FF 00 25 0F E0 20 01 01 02 00 00 13 67 00 00 13 67 00 00 00 5C FF E7 00 34 12 34 03 66 C0 00 00 00 1B,4967,4967,92,4660,2026-07-30 23:02:33.389,870,-25,52,
FF FF FF FF 00 25 0F E1 20 01 01 02 00 00 13 67 00 00 13 67 00 00 00 5A FF E7 00 34 12 34 03 67 C0 00 00 00 1D,4967,4967,90,4660,2026-07-30 23:02:33.488,871,-25,52,
FF FF FF FF 00 25 0F E2 20 01 01 02 00 00 13 67 00 00 13 67 00 00 00 58 FF E6 00 34 12 34 03 68 BF 00 00 00 6D,4967,4967,88,4660,2026-07-30 23:02:33.588,872,-26,52,
FF FF FF FF 00 25 0F E3 20 01 01 02 00 00 13 67 00 00 13 67 00 00 00 4E FF E5 00 34 12 34 03 69 BE 00 00 00 79,4967,4967,78,4660,2026-07-30 23:02:33.688,873,-27,52,
FF FF FF FF 00 25 0F E4 20 01 01 02 00 00 13 67 00 00 13 67 00 00 00 4B FF E5 00 34 12 34 03 6A BF 00 00 00 79,4967,4967,75,4660,2026-07-30 23:02:33.777,874,-27,52,
FF FF FF FF 00 25 0F E5 20 01 01 02 00 00 13 67 00 00 13 67 00 00 00 46 FF E4 00 34 12 34 03 6B C1 00 00 00 0B,4967,4967,70,4660,2026-07-30 23:02:33.888,875,-28,52,
FF FF FF FF 00 25 0F E6 20 01 01 02 00 00 13 67 00 00 13 67 00 00 00 44 FF E3 00 34 12 34 03 6C BF 00 00 00 74,4967,4967,68,4660,2026-07-30 23:02:33.988,876,-29,52,
FF FF FF FF 00 25 0F E7 20 01 01 02 00 00 13 67 00 00 13 67 00 00 00 41 FF E1 00 34 12 34 03 6D C1 00 00 00 0D,4967,4967,65,4660,2026-07-30 23:02:34.088,877,-31,52,
FF FF FF FF 00 25 0F E8 20 01 01 02 00 00 13 67 00 00 13 67 00 00 00 41 FF E1 00 34 12 34 03 6E C0 00 00 00 00,4967,4967,65,4660,2026-07-30 23:02:34.187,878,-31,52,
FF FF FF FF 00 25 0F E9 20 01 01 02 00 00 13 67 00 00 13 67 00 00 00 3F FF E1 00 35 12 34 03 6F BE 00 00 00 01,4967,4967,63,4660,2026-07-30 23:02:34.285,879,-31,53,
FF FF FF FF 00 25 0F EA 20 01 01 02 00 00 13 67 00 00 13 67 00 00 00 40 FF E1 00 36 12 34 03 70 BE 00 00 00 61,4967,4967,64,4660,2026-07-30 23:02:34.381,880,-31,54,
FF FF FF FF 00 25 0F EB 20 01 01 02 00 00 13 67 00 00 13 67 00 00 00 41 FF E2 00 37 12 34 03 71 C1 00 00 00 1D,4967,4967,65,4660,2026-07-30 23:02:34.482,881,-30,55,
FF FF FF FF 00 25 0F EC 20 01 01 02 00 00 13 67 00 00 13 67 00 00 00 46 FF E3 00 38 12 34 03 72 C2 00 00 00 13,4967,4967,70,4660,2026-07-30 23:02:34.592,882,-29,56,
FF FF FF FF 00 25 0F ED 20 01 01 02 00 00 13 67 00 00 13 67 00 00 00 3D FF E2 00 38 12 34 03 73 C2 00 00 00 69,4967,4967,61,4660,2026-07-30 23:02:34.678,883,-30,56,
FF FF FF FF 00 25 0F EE 20 01 01 02 00 00 13 67 00 00 13 67 00 00 00 41 FF E5 00 3A 12 34 03 74 BF 00 00 00 69,4967,4967,65,4660,2026-07-30 23:02:34.790,884,-27,58,
FF FF FF FF 00 25 0F EF 20 01 01 02 00 00 13 67 00 00 13 67 00 00 00 41 FF E3 00 39 12 34 03 75 C0 00 00 00 13,4967,4967,65,4660,2026-07-30 23:02:34.888,885,-29,57,
FF FF FF FF 00 25 0F F0 20 01 01 02 00 00 13 67 00 00 13 67 00 00 00 3E FF E3 00 38 12 34 03 76 BF 00 00 00 0E,4967,4967,62,4660,2026-07-30 23:02:34.987,886,-29,56,
FF FF FF FF 00 25 0F F1 20 01 01 02 00 00 13 67 00 00 13 67 00 00 00 40 FF E1 00 38 12 34 03 77 C2 00 00 00 0F,4967,4967,64,4660,2026-07-30 23:02:35.087,887,-31,56,
FF FF FF FF 00 25 0F F2 20 01 01 02 00 00 13 67 00 00 13 67 00 00 00 3C FF E0 00 35 12 34 03 78 C0 00 00 00 71,4967,4967,60,4660,2026-07-30 23:02:35.188,888,-32,53,
FF FF FF FF 00 25 0F F3 20 01 01 02 00 00 13 67 00 00 13 67 00 00 00 3C FF DF 00 35 12 34 03 79 C0 00 00 00 4E,4967,4967,60,4660,2026-07-30 23:02:35.288,889,-33,53,
FF FF FF FF 00 25 0F F4 20 01 01 02 00 00 13 67 00 00 13 67 00 00 00 38 FF DE 00 35 12 34 03 7A C1 00 00 00 4E,4967,4967,56,4660,2026-07-30 23:02:35.387,890,-34,53,
FF FF FF FF 00 25 0F F5 20 01 01 02 00 00 13 67 00 00 13 67 00 00 00 3C FF DD 00 34 12 34 03 7B C3 00 00 00 4A,4967,4967,60,4660,2026-07-30 23:02:35.486,891,-35,52,
FF FF FF FF 00 25 0F F6 20 01 01 02 00 00 13 67 00 00 13 67 00 00 00 3C FF DD 00 33 12 34 03 7C C1 00 00 00 4B,4967,4967,60,4660,2026-07-30 23:02:35.585,892,-35,51,
FF FF FF FF 00 25 0F F7 20 01 01 02 00 00 13 67 00 00 13 67 00 00 00 37 FF DC 00 31 12 34 03 7D C1 00 00 00 43,4967,4967,55,4660,2026-07-30 23:02:35.685,893,-36,49,
FF FF FF FF 00 25 0F F8 20 01 01 02 00 00 13 67 00 00 13 67 00 00 00 38 FF DC 00 31 12 34 03 7E C2 00 00 00 43,4967,4967,56,4660,2026-07-30 23:02:35.784,894,-36,49,
FF FF FF FF 00 25 0F F9 20 01 01 02 00 00 13 67 00 00 13 67 00 00 00 3A FF DE 00 33 12 34 03 7F C1 00 00 00 42,4967,4967,58,4660,2026-07-30 23:02:35.893,895,-34,51,
FF FF FF FF 00 25 0F FA 20 01 01 02 00 00 13 67 00 00 13 67 00 00 00 3B FF DD 00 33 12 34 03 80 C1 00 00 00 BC,4967,4967,59,4660,2026-07-30 23:02:45.152,896,-35,51,
FF FF FF FF 00 25 0F FB 20 01 01 02 00 00 13 67 00 00 13 67 00 00 00 3A FF DD 00 33 12 34 03 81 C0 00 00 00 BC,4967,4967,58,4660,2026-07-30 23:02:47.418,897,-35,51,
FF FF FF FF 00 25 0F FC 20 01 01 02 00 00 13 67 00 00 13 67 00 00 00 38 FF DE 00 32 12 34 03 82 BF 00 00 00 C7,4967,4967,56,4660,2026-07-30 23:02:48.309,898,-34,50,
FF FF FF FF 00 25 0F FD 20 01 01 02 00 00 13 67 00 00 13 67 00 00 00 37 FF DD 00 32 12 34 03 83 C0 00 00 00 B4,4967,4967,55,4660,2026-07-30 23:02:48.410,899,-35,50,
FF FF FF FF 00 25 0F FE 20 01 01 02 00 00 13 67 00 00 13 67 00 00 00 3A FF DE 00 32 12 34 03 84 C0 00 00 00 BE,4967,4967,58,4660,2026-07-30 23:02:48.644,900,-34,50,
FF FF FF FF 00 25 0F FF 20 01 01 02 00 00 13 67 00 00 13 67 00 00 00 3B FF DD 00 32 12 34 03 85 C0 00 00 00 BC,4967,4967,59,4660,2026-07-30 23:02:48.705,901,-35,50,
FF FF FF FF 00 25 10 00 20 01 01 02 00 00 13 67 00 00 13 67 00 00 00 3B FF DE 00 32 12 34 03 86 BE 00 00 00 22,4967,4967,59,4660,2026-07-30 23:02:48.805,902,-34,50,
FF FF FF FF 00 25 10 01 20 01 01 02 00 00 13 67 00 00 13 67 00 00 00 3C FF DE 00 32 12 34 03 87 BC 00 00 00 27,4967,4967,60,4660,2026-07-30 23:02:48.905,903,-34,50,
FF FF FF FF 00 25 10 02 20 01 01 02 00 00 13 67 00 00 13 67 00 00 00 3C FF DE 00 32 12 34 03 88 BF 00 00 00 28,4967,4967,60,4660,2026-07-30 23:02:49.006,904,-34,50,
FF FF FF FF 00 25 10 03 20 01 01 02 00 00 13 67 00 00 13 67 00 00 00 3D FF DD 00 32 12 34 03 89 C0 00 00 00 55,4967,4967,61,4660,2026-07-30 23:02:49.101,905,-35,50,
FF FF FF FF 00 25 10 04 20 01 01 02 00 00 13 67 00 00 13 67 00 00 00 3D FF DD 00 33 12 34 03 8A C0 00 00 00 50,4967,4967,61,4660,2026-07-30 23:02:49.201,906,-35,51,
FF FF FF FF 00 25 00 05 20 01 01 02 00 00 13 67 00 00 13 67 00 00 00 F2 00 12 00 3B 12 34 00 0B AF 00 00 00 5B,4967,4967,242,4660,2026-07-30 23:02:52.739,11,18,59,
FF FF FF FF 00 25 00 06 20 01 01 02 00 00 13 67 00 00 13 67 00 00 00 FA 00 11 00 41 12 34 00 0C B0 00 00 00 31,4967,4967,250,4660,2026-07-30 23:02:53.296,12,17,65,
FF FF FF FF 00 25 00 07 20 01 01 02 00 00 13 67 00 00 13 67 00 00 00 F9 00 0F 00 44 12 34 00 11 B4 00 00 00 31,4967,4967,249,4660,2026-07-30 23:02:53.334,17,15,68,
FF FF FF FF 00 25 00 08 20 01 01 02 00 00 13 67 00 00 13 67 00 00 00 F7 00 0E 00 46 12 34 00 12 B0 00 00 00 34,4967,4967,247,4660,2026-07-30 23:02:53.568,18,14,70,
FF FF FF FF 00 25 00 09 20 01 01 02 00 00 13 67 00 00 13 67 00 00 00 FA 00 0E 00 40 12 34 00 14 BC 00 00 00 34,4967,4967,250,4660,2026-07-30 23:02:53.637,20,14,64,
FF FF FF FF 00 25 00 0A 20 01 01 02 00 00 13 67 00 00 13 67 00 00 00 FD 00 0D 00 41 12 34 00 15 B0 00 00 00 3F,4967,4967,253,4660,2026-07-30 23:02:53.737,21,13,65,
FF FF FF FF 00 25 00 0B 20 01 01 02 00 00 13 67 00 00 13 67 00 00 00 FE 00 0D 00 14 12 34 00 16 B1 00 00 00 6A,4967,4967,254,4660,2026-07-30 23:02:53.837,22,13,20,
FF FF FF FF 00 25 00 0C 20 01 01 02 00 00 13 67 00 00 13 67 00 00 01 00 00 0C 00 21 12 34 00 17 BE 00 00 00 A8,4967,4967,256,4660,2026-07-30 23:02:53.935,23,12,33,
FF FF FF FF 00 25 00 0D 20 01 01 02 00 00 13 67 00 00 13 67 00 00 00 FE 00 0B 00 30 12 34 00 18 BA 00 00 00 4B,4967,4967,254,4660,2026-07-30 23:02:54.035,24,11,48,
FF FF FF FF 00 25 00 0E 20 01 01 02 00 00 13 67 00 00 13 67 00 00 00 FB 00 0C 00 38 12 34 00 19 B2 00 00 00 4B,4967,4967,251,4660,2026-07-30 23:02:54.139,25,12,56,
FF FF FF FF 00 25 00 0F 20 01 01 02 00 00 13 67 00 00 13 67 00 00 00 FC 00 0C 00 3B 12 34 00 1A B1 00 00 00 4E,4967,4967,252,4660,2026-07-30 23:02:54.366,26,12,59,
FF FF FF FF 00 25 00 10 20 01 01 02 00 00 13 67 00 00 13 67 00 00 01 00 00 0C 00 0B 12 34 00 1C AF 00 00 00 84,4967,4967,256,4660,2026-07-30 23:02:55.158,28,12,11,
FF FF FF FF 00 25 00 00 20 01 01 02 00 00 13 67 00 00 13 67 00 00 00 FD 00 0C 00 4A 12 34 00 01 AE 00 00 00 35,4967,4967,253,4660,2026-07-30 23:02:55.697,1,12,74,
FF FF FF FF 00 25 00 01 20 01 01 02 00 00 13 67 00 00 13 67 00 00 01 42 00 0D 00 4A 12 34 00 06 AE 00 00 00 8C,4967,4967,322,4660,2026-07-30 23:02:56.206,6,13,74,
FF FF FF FF 00 25 00 02 20 01 01 02 00 00 13 67 00 00 13 67 00 00 01 73 00 0D 00 4A 12 34 00 0B AC 00 00 00 B1,4967,4967,371,4660,2026-07-30 23:02:56.964,11,13,74,
FF FF FF FF 00 25 00 10 20 01 01 02 00 00 13 67 00 00 13 67 00 00 01 20 FF F7 00 0C 12 34 00 14 B4 00 00 00 B4,4967,4967,288,4660,2026-07-30 23:03:14.123,20,-9,12,
FF FF FF FF 00 25 00 11 20 01 01 02 00 00 13 67 00 00 13 67 00 00 01 3F FF F5 00 16 12 34 00 15 AF 00 00 00 A8,4967,4967,319,4660,2026-07-30 23:03:14.160,21,-11,22,
FF FF FF FF 00 25 00 12 20 01 01 02 00 00 13 67 00 00 13 67 00 00 01 2C FF E0 00 0A 12 34 00 16 AE 00 00 00 B3,4967,4967,300,4660,2026-07-30 23:03:14.247,22,-32,10,
FF FF FF FF 00 25 00 13 20 01 01 02 00 00 13 67 00 00 13 67 00 00 01 1D FF E9 00 15 12 34 00 17 AF 00 00 00 95,4967,4967,285,4660,2026-07-30 23:03:14.347,23,-23,21,
FF FF FF FF 00 25 00 14 20 01 01 02 00 00 13 67 00 00 13 67 00 00 01 17 FF F3 00 25 12 34 00 18 AF 00 00 00 BD,4967,4967,279,4660,2026-07-30 23:03:14.446,24,-13,37,
FF FF FF FF 00 25 00 00 20 01 01 02 00 00 13 67 00 00 13 67 00 00 01 0E 00 0F FF A6 12 34 00 03 B0 00 00 00 CB,4967,4967,270,4660,2026-07-30 23:03:15.842,3,15,-90,
FF FF FF FF 00 25 00 01 20 01 01 02 00 00 13 67 00 00 13 67 00 00 01 06 00 0F FF A6 12 34 00 04 AD 00 00 00 D8,4967,4967,262,4660,2026-07-30 23:03:15.891,4,15,-90,
FF FF FF FF 00 25 00 00 20 01 01 02 00 00 13 67 00 00 13 67 00 00 01 10 00 18 FF A6 12 34 00 01 AF 00 00 00 DF,4967,4967,272,4660,2026-07-30 23:03:16.550,1,24,-90,
FF FF FF FF 00 25 00 01 20 01 01 02 00 00 13 67 00 00 13 67 00 00 01 12 00 16 FF A6 12 34 00 02 B6 00 00 00 C8,4967,4967,274,4660,2026-07-30 23:03:16.785,2,22,-90,
FF FF FF FF 00 25 00 02 20 01 01 02 00 00 13 67 00 00 13 67 00 00 01 0D 00 0A FF FA 12 34 00 04 B9 00 00 00 9D,4967,4967,269,4660,2026-07-30 23:03:16.861,4,10,-6,
FF FF FF FF 00 25 00 03 20 01 01 02 00 00 13 67 00 00 13 67 00 00 01 09 00 04 00 12 12 34 00 05 B9 00 00 00 80,4967,4967,265,4660,2026-07-30 23:03:16.963,5,4,18,
FF FF FF FF 00 25 00 04 20 01 01 02 00 00 13 67 00 00 13 67 00 00 01 05 00 05 00 23 12 34 00 06 AF 00 00 00 AE,4967,4967,261,4660,2026-07-30 23:03:17.055,6,5,35,
FF FF FF FF 00 25 00 05 20 01 01 02 00 00 13 67 00 00 13 67 00 00 01 08 00 07 00 2E 12 34 00 07 AC 00 00 00 AF,4967,4967,264,4660,2026-07-30 23:03:17.156,7,7,46,
FF FF FF FF 00 25 00 06 20 01 01 02 00 00 13 67 00 00 13 67 00 00 01 08 00 09 00 32 12 34 00 08 AE 00 00 00 B3,4967,4967,264,4660,2026-07-30 23:03:17.256,8,9,50,
FF FF FF FF 00 25 00 07 20 01 01 02 00 00 13 67 00 00 13 67 00 00 01 03 00 06 00 35 12 34 00 09 AB 00 00 00 B5,4967,4967,259,4660,2026-07-30 23:03:17.357,9,6,53,
FF FF FF FF 00 25 00 08 20 01 01 02 00 00 13 67 00 00 13 67 00 00 01 00 00 06 00 33 12 34 00 0A AE 00 00 00 B9,4967,4967,256,4660,2026-07-30 23:03:17.458,10,6,51,
FF FF FF FF 00 25 00 09 20 01 01 02 00 00 13 67 00 00 13 67 00 00 00 FD 00 04 00 33 12 34 00 0B B0 00 00 00 59,4967,4967,253,4660,2026-07-30 23:03:17.555,11,4,51,
FF FF FF FF 00 25 00 0A 20 01 01 02 00 00 13 67 00 00 13 67 00 00 00 FD 00 03 00 35 12 34 00 0C AF 00 00 00 43,4967,4967,253,4660,2026-07-30 23:03:17.902,12,3,53,
FF FF FF FF 00 25 00 0B 20 01 01 02 00 00 13 67 00 00 13 67 00 00 00 FE 00 00 00 35 12 34 00 0F AF 00 00 00 41,4967,4967,254,4660,2026-07-30 23:03:17.964,15,0,53,
FF FF FF FF 00 25 00 0C 20 01 01 02 00 00 13 67 00 00 13 67 00 00 00 FB 00 00 00 35 12 34 00 10 B0 00 00 00 43,4967,4967,251,4660,2026-07-30 23:03:18.196,16,0,53,
FF FF FF FF 00 25 00 0D 20 01 01 02 00 00 13 67 00 00 13 67 00 00 00 F9 00 06 00 04 12 34 00 12 AF 00 00 00 6A,4967,4967,249,4660,2026-07-30 23:03:18.258,18,6,4,
FF FF FF FF 00 25 00 0E 20 01 01 02 00 00 13 67 00 00 13 67 00 00 00 F7 00 07 FF E8 12 34 00 13 AE 00 00 00 75,4967,4967,247,4660,2026-07-30 23:03:18.357,19,7,-24,
FF FF FF FF 00 25 00 0F 20 01 01 02 00 00 13 67 00 00 13 67 00 00 00 F8 00 08 00 02 12 34 00 14 AC 00 00 00 64,4967,4967,248,4660,2026-07-30 23:03:18.456,20,8,2,
FF FF FF FF 00 25 00 10 20 01 01 02 00 00 13 67 00 00 13 67 00 00 00 F9 00 0F FF E9 12 34 00 15 B0 00 00 00 74,4967,4967,249,4660,2026-07-30 23:03:18.690,21,15,-23,
FF FF FF FF 00 25 00 11 20 01 01 02 00 00 13 67 00 00 13 67 00 00 00 FF 00 14 FF D3 12 34 00 17 BD 00 00 00 5D,4967,4967,255,4660,2026-07-30 23:03:19.468,23,20,-45,
FF FF FF FF 00 25 00 00 20 01 01 02 00 00 13 67 00 00 13 67 00 00 01 04 00 08 00 40 12 34 00 01 B2 00 00 00 DF,4967,4967,260,4660,2026-07-30 23:03:19.527,1,8,64,
FF FF FF FF 00 25 00 01 20 01 01 02 00 00 13 67 00 00 13 67 00 00 01 01 00 08 00 46 12 34 00 02 B1 00 00 00 DD,4967,4967,257,4660,2026-07-30 23:03:19.627,2,8,70,
FF FF FF FF 00 25 00 02 20 01 01 02 00 00 13 67 00 00 13 67 00 00 01 01 00 0A 00 46 12 34 00 03 B0 00 00 00 DC,4967,4967,257,4660,2026-07-30 23:03:19.726,3,10,70,
FF FF FF FF 00 25 00 03 20 01 01 02 00 00 13 67 00 00 13 67 00 00 01 01 00 0B 00 46 12 34 00 04 AF 00 00 00 C4,4967,4967,257,4660,2026-07-30 23:03:19.827,4,11,70,
FF FF FF FF 00 25 00 04 20 01 01 02 00 00 13 67 00 00 13 67 00 00 01 01 00 0A 00 45 12 34 00 05 AE 00 00 00 C1,4967,4967,257,4660,2026-07-30 23:03:19.928,5,10,69,
FF FF FF FF 00 25 00 05 20 01 01 02 00 00 13 67 00 00 13 67 00 00 01 02 00 0A 00 47 12 34 00 06 B0 00 00 00 DC,4967,4967,258,4660,2026-07-30 23:03:20.037,6,10,71,
FF FF FF FF 00 25 00 06 20 01 01 02 00 00 13 67 00 00 13 67 00 00 01 02 00 0A 00 48 12 34 00 07 AD 00 00 00 CC,4967,4967,258,4660,2026-07-30 23:03:20.125,7,10,72,
FF FF FF FF 00 25 00 07 20 01 01 02 00 00 13 67 00 00 13 67 00 00 01 02 00 0A 00 4A 12 34 00 08 AC 00 00 00 C1,4967,4967,258,4660,2026-07-30 23:03:20.225,8,10,74,
FF FF FF FF 00 25 00 08 20 01 01 02 00 00 13 67 00 00 13 67 00 00 01 02 00 0A 00 49 12 34 00 09 AF 00 00 00 CF,4967,4967,258,4660,2026-07-30 23:03:20.325,9,10,73,
FF FF FF FF 00 25 00 09 20 01 01 02 00 00 13 67 00 00 13 67 00 00 01 03 00 09 00 46 12 34 00 0A B2 00 00 00 DD,4967,4967,259,4660,2026-07-30 23:03:20.425,10,9,70,
FF FF FF FF 00 25 00 0A 20 01 01 02 00 00 13 67 00 00 13 67 00 00 01 03 00 09 00 46 12 34 00 0B B2 00 00 00 DF,4967,4967,259,4660,2026-07-30 23:03:20.532,11,9,70,
FF FF FF FF 00 25 00 0B 20 01 01 02 00 00 13 67 00 00 13 67 00 00 01 02 00 08 00 48 12 34 00 0C AC 00 00 00 C9,4967,4967,258,4660,2026-07-30 23:03:20.626,12,8,72,
FF FF FF FF 00 25 00 0C 20 01 01 02 00 00 13 67 00 00 13 67 00 00 01 02 00 08 00 4A 12 34 00 0D AF 00 00 00 CE,4967,4967,258,4660,2026-07-30 23:03:20.725,13,8,74,
FF FF FF FF 00 25 00 0D 20 01 01 02 00 00 13 67 00 00 13 67 00 00 01 01 00 08 00 49 12 34 00 0E B1 00 00 00 D2,4967,4967,257,4660,2026-07-30 23:03:20.824,14,8,73,
FF FF FF FF 00 25 00 0E 20 01 01 02 00 00 13 67 00 00 13 67 00 00 01 01 00 08 00 47 12 34 00 0F B2 00 00 00 DD,4967,4967,257,4660,2026-07-30 23:03:20.924,15,8,71,
FF FF FF FF 00 25 00 0F 20 01 01 02 00 00 13 67 00 00 13 67 00 00 01 00 00 08 00 48 12 34 00 10 AE 00 00 00 D1,4967,4967,256,4660,2026-07-30 23:03:21.026,16,8,72,
FF FF FF FF 00 25 00 10 20 01 01 02 00 00 13 67 00 00 13 67 00 00 01 00 00 07 00 47 12 34 00 11 B1 00 00 00 D0,4967,4967,256,4660,2026-07-30 23:03:21.259,17,7,71,
FF FF FF FF 00 25 00 11 20 01 01 02 00 00 13 67 00 00 13 67 00 00 01 01 00 07 00 45 12 34 00 13 B3 00 00 00 D2,4967,4967,257,4660,2026-07-30 23:03:21.332,19,7,69,
FF FF FF FF 00 25 00 12 20 01 01 02 00 00 13 67 00 00 13 67 00 00 01 01 00 08 00 45 12 34 00 14 AD 00 00 00 C7,4967,4967,257,4660,2026-07-30 23:03:21.432,20,8,69,
FF FF FF FF 00 25 00 13 20 01 01 02 00 00 13 67 00 00 13 67 00 00 01 02 00 08 00 44 12 34 00 15 BC 00 00 00 D4,4967,4967,258,4660,2026-07-30 23:03:21.518,21,8,68,
FF FF FF FF 00 25 00 14 20 01 01 02 00 00 13 67 00 00 13 67 00 00 01 02 00 09 00 43 12 34 00 16 AD 00 00 00 C7,4967,4967,258,4660,2026-07-30 23:03:21.629,22,9,67,
FF FF FF FF 00 25 00 15 20 01 01 02 00 00 13 67 00 00 13 67 00 00 01 02 00 08 00 43 12 34 00 17 AE 00 00 00 C5,4967,4967,258,4660,2026-07-30 23:03:21.727,23,8,67,
FF FF FF FF 00 25 00 16 20 01 01 02 00 00 13 67 00 00 13 67 00 00 01 03 00 08 00 45 12 34 00 18 B0 00 00 00 D0,4967,4967,259,4660,2026-07-30 23:03:21.826,24,8,69,
FF FF FF FF 00 25 00 17 20 01 01 02 00 00 13 67 00 00 13 67 00 00 01 02 00 09 00 47 12 34 00 19 AD 00 00 00 CF,4967,4967,258,4660,2026-07-30 23:03:21.924,25,9,71,
FF FF FF FF 00 25 00 18 20 01 01 02 00 00 13 67 00 00 13 67 00 00 01 02 00 09 00 44 12 34 00 1A B0 00 00 00 DD,4967,4967,258,4660,2026-07-30 23:03:22.023,26,9,68,
FF FF FF FF 00 25 00 19 20 01 01 02 00 00 13 67 00 00 13 67 00 00 01 02 00 09 00 46 12 34 00 1B AD 00 00 00 C2,4967,4967,258,4660,2026-07-30 23:03:22.132,27,9,70,
FF FF FF FF 00 25 00 1A 20 01 01 02 00 00 13 67 00 00 13 67 00 00 01 02 00 09 00 45 12 34 00 1C B1 00 00 00 D9,4967,4967,258,4660,2026-07-30 23:03:22.231,28,9,69,
FF FF FF FF 00 25 00 1B 20 01 01 02 00 00 13 67 00 00 13 67 00 00 01 03 00 09 00 45 12 34 00 1D B3 00 00 00 DA,4967,4967,259,4660,2026-07-30 23:03:22.319,29,9,69,
FF FF FF FF 00 25 00 1C 20 01 01 02 00 00 13 67 00 00 13 67 00 00 01 03 00 08 00 47 12 34 00 1E AD 00 00 00 C3,4967,4967,259,4660,2026-07-30 23:03:22.418,30,8,71,
FF FF FF FF 00 25 00 1D 20 01 01 02 00 00 13 67 00 00 13 67 00 00 01 02 00 08 00 46 12 34 00 1F BC 00 00 00 D2,4967,4967,258,4660,2026-07-30 23:03:22.528,31,8,70,
FF FF FF FF 00 25 00 1E 20 01 01 02 00 00 13 67 00 00 13 67 00 00 01 01 00 09 00 46 12 34 00 20 B1 00 00 00 E1,4967,4967,257,4660,2026-07-30 23:03:22.627,32,9,70,
FF FF FF FF 00 25 00 1F 20 01 01 02 00 00 13 67 00 00 13 67 00 00 01 01 00 09 00 46 12 34 00 21 B1 00 00 00 E1,4967,4967,257,4660,2026-07-30 23:03:22.726,33,9,70,
FF FF FF FF 00 25 00 20 20 01 01 02 00 00 13 67 00 00 13 67 00 00 01 02 00 09 00 46 12 34 00 22 AF 00 00 00 C0,4967,4967,258,4660,2026-07-30 23:03:22.827,34,9,70,
FF FF FF FF 00 25 00 21 20 01 01 02 00 00 13 67 00 00 13 67 00 00 01 00 00 08 00 45 12 34 00 23 B2 00 00 00 DD,4967,4967,256,4660,2026-07-30 23:03:23.393,35,8,69,
FF FF FF FF 00 25 00 00 20 01 01 02 00 00 13 67 00 00 13 67 00 00 01 05 00 07 00 47 12 34 00 01 B3 00 00 00 D7,4967,4967,261,4660,2026-07-30 23:03:23.492,1,7,71,
FF FF FF FF 00 25 00 01 20 01 01 02 00 00 13 67 00 00 13 67 00 00 01 05 00 09 00 47 12 34 00 02 BC 00 00 00 D4,4967,4967,261,4660,2026-07-30 23:03:23.600,2,9,71,
FF FF FF FF 00 25 00 02 20 01 01 02 00 00 13 67 00 00 13 67 00 00 01 05 00 09 00 48 12 34 00 03 AD 00 00 00 C8,4967,4967,261,4660,2026-07-30 23:03:23.686,3,9,72,
FF FF FF FF 00 25 00 03 20 01 01 02 00 00 13 67 00 00 13 67 00 00 01 06 00 08 00 44 12 34 00 04 AE 00 00 00 C3,4967,4967,262,4660,2026-07-30 23:03:23.797,4,8,68,
FF FF FF FF 00 25 00 04 20 01 01 02 00 00 13 67 00 00 13 67 00 00 01 06 00 07 00 44 12 34 00 05 AE 00 00 00 CA,4967,4967,262,4660,2026-07-30 23:03:23.898,5,7,68,
FF FF FF FF 00 25 00 05 20 01 01 02 00 00 13 67 00 00 13 67 00 00 01 07 00 07 00 44 12 34 00 06 BC 00 00 00 DB,4967,4967,263,4660,2026-07-30 23:03:23.997,6,7,68,
FF FF FF FF 00 25 00 06 20 01 01 02 00 00 13 67 00 00 13 67 00 00 01 04 00 07 00 43 12 34 00 07 AF 00 00 00 CE,4967,4967,260,4660,2026-07-30 23:03:24.099,7,7,67,
FF FF FF FF 00 25 00 14 20 01 01 02 00 00 04 4C 00 00 04 4C 00 00 00 4C FF BE 00 03 12 34 00 01 C5 00 00 00 FF,1100,1100,76,4660,2026-07-30 23:24:06.186,1,-66,3,
FF FF FF FF 00 25 00 15 20 01 01 02 00 00 04 4C 00 00 04 4C 00 00 00 55 FF C4 00 04 12 34 00 02 C5 00 00 00 99,1100,1100,85,4660,2026-07-30 23:24:06.286,2,-60,4,
FF FF FF FF 00 25 00 16 20 01 01 02 00 00 04 4C 00 00 04 4C 00 00 00 58 FF D1 FF EC 12 34 00 03 CA 00 00 00 9B,1100,1100,88,4660,2026-07-30 23:24:06.386,3,-47,-20,
FF FF FF FF 00 25 00 17 20 01 01 02 00 00 04 4C 00 00 04 4C 00 00 00 50 FF CF FF F6 12 34 00 04 C4 00 00 00 9F,1100,1100,80,4660,2026-07-30 23:24:06.488,4,-49,-10,
FF FF FF FF 00 25 00 18 20 01 01 02 00 00 04 4C 00 00 04 4C 00 00 00 50 FF CD 00 00 12 34 00 05 C6 00 00 00 98,1100,1100,80,4660,2026-07-30 23:24:06.581,5,-51,0,
FF FF FF FF 00 25 00 19 20 01 01 02 00 00 04 4C 00 00 04 4C 00 00 00 3E FF C7 00 01 12 34 00 06 C0 00 00 00 F9,1100,1100,62,4660,2026-07-30 23:24:06.682,6,-57,1,
FF FF FF FF 00 25 00 1A 20 01 01 02 00 00 04 4C 00 00 04 4C 00 00 00 37 FF BE 00 00 12 34 00 07 C5 00 00 00 8F,1100,1100,55,4660,2026-07-30 23:24:06.787,7,-66,0,
FF FF FF FF 00 25 00 1B 20 01 01 02 00 00 04 4C 00 00 04 4C 00 00 00 39 FF BB 00 01 12 34 00 08 C3 00 00 00 8D,1100,1100,57,4660,2026-07-30 23:24:06.879,8,-69,1,
FF FF FF FF 00 25 00 13 20 01 01 02 00 00 04 4C 00 00 04 4C 00 00 00 61 FF A9 FF FB 12 34 00 00 C6 00 00 00 C7,1100,1100,37,4660,2026-07-30 23:24:07.091,10,-79,3,
FF FF FF FF 00 25 00 1C 20 01 01 02 00 00 04 4C 00 00 04 4C 00 00 00 2A FF B6 00 02 12 34 00 09 C4 00 00 00 91,1100,1100,42,4660,2026-07-30 23:24:06.985,9,-74,2,
FF FF FF FF 00 25 00 1E 20 01 01 02 00 00 04 4C 00 00 04 4C 00 00 00 20 FF AE 00 03 12 34 00 0B C4 00 00 00 82,1100,1100,32,4660,2026-07-30 23:24:07.183,11,-82,3,
FF FF FF FF 00 25 00 1F 20 01 01 02 00 00 04 4C 00 00 04 4C 00 00 00 25 FF AC 00 03 12 34 00 0C C6 00 00 00 81,1100,1100,37,4660,2026-07-30 23:24:07.281,12,-84,3,
FF FF FF FF 00 25 00 20 20 01 01 02 00 00 04 4C 00 00 04 4C 00 00 00 28 FF AB 00 04 12 34 00 0D C8 00 00 00 BC,1100,1100,40,4660,2026-07-30 23:24:07.379,13,-85,4,
FF FF FF FF 00 25 00 21 20 01 01 02 00 00 04 4C 00 00 04 4C 00 00 00 2D FF AA 00 0A 12 34 00 0E C5 00 00 00 B9,1100,1100,45,4660,2026-07-30 23:24:07.484,14,-86,10,
FF FF FF FF 00 25 00 22 20 01 01 02 00 00 04 4C 00 00 04 4C 00 00 00 2E FF A9 00 0C 12 34 00 0F C3 00 00 00 BB,1100,1100,46,4660,2026-07-30 23:24:07.584,15,-87,12,
FF FF FF FF 00 25 00 23 20 01 01 02 00 00 04 4C 00 00 04 4C 00 00 00 22 FF A8 00 0D 12 34 00 10 BE 00 00 00 D4,1100,1100,34,4660,2026-07-30 23:24:07.688,16,-88,13,
FF FF FF FF 00 25 00 24 20 01 01 02 00 00 04 4C 00 00 04 4C 00 00 00 2D FF A8 00 0C 12 34 00 11 C1 00 00 00 A3,1100,1100,45,4660,2026-07-30 23:24:07.782,17,-88,12,
FF FF FF FF 00 25 00 25 20 01 01 02 00 00 04 4C 00 00 04 4C 00 00 00 3B FF B1 00 0B 12 34 00 12 C2 00 00 00 AA,1100,1100,59,4660,2026-07-30 23:24:07.879,18,-79,11,
FF FF FF FF 00 25 00 26 20 01 01 02 00 00 04 4C 00 00 04 4C 00 00 00 45 FF BB 00 08 12 34 00 13 C2 00 00 00 DF,1100,1100,69,4660,2026-07-30 23:24:07.985,19,-69,8,
FF FF FF FF 00 25 00 27 20 01 01 02 00 00 04 4C 00 00 04 4C 00 00 00 3F FF BD 00 09 12 34 00 14 C3 00 00 00 A5,1100,1100,63,4660,2026-07-30 23:24:08.084,20,-67,9,
FF FF FF FF 00 25 00 28 20 01 01 02 00 00 04 4C 00 00 04 4C 00 00 00 39 FF B7 00 09 12 34 00 15 C1 00 00 00 A5,1100,1100,57,4660,2026-07-30 23:24:08.179,21,-73,9,
FF FF FF FF 00 25 00 29 20 01 01 02 00 00 04 4C 00 00 04 4C 00 00 00 41 FF B2 00 09 12 34 00 16 C1 00 00 00 DA,1100,1100,65,4660,2026-07-30 23:24:08.281,22,-78,9,
FF FF FF FF 00 25 00 2A 20 01 01 02 00 00 04 4C 00 00 04 4C 00 00 00 37 FF AF 00 09 12 34 00 17 C0 00 00 00 B2,1100,1100,55,4660,2026-07-30 23:24:08.382,23,-81,9,
FF FF FF FF 00 25 00 2B 20 01 01 02 00 00 04 4C 00 00 04 4C 00 00 00 31 FF AD 00 09 12 34 00 18 BF 00 00 00 C7,1100,1100,49,4660,2026-07-30 23:24:08.485,24,-83,9,
FF FF FF FF 00 25 00 2C 20 01 01 02 00 00 04 4C 00 00 04 4C 00 00 00 2E FF AB 00 09 12 34 00 19 C2 00 00 00 A5,1100,1100,46,4660,2026-07-30 23:24:08.584,25,-85,9,
FF FF FF FF 00 25 00 2D 20 01 01 02 00 00 04 4C 00 00 04 4C 00 00 00 2D FF AA 00 08 12 34 00 1A C4 00 00 00 A2,1100,1100,45,4660,2026-07-30 23:24:08.685,26,-86,8,
FF FF FF FF 00 25 00 2E 20 01 01 02 00 00 04 4C 00 00 04 4C 00 00 00 2A FF A9 00 08 12 34 00 1B BE 00 00 00 DE,1100,1100,42,4660,2026-07-30 23:24:08.787,27,-87,8,
FF FF FF FF 00 25 00 2F 20 01 01 02 00 00 04 4C 00 00 04 4C 00 00 00 29 FF A8 00 08 12 34 00 1C C0 00 00 00 A4,1100,1100,41,4660,2026-07-30 23:24:08.888,28,-88,8,
FF FF FF FF 00 25 00 30 20 01 01 02 00 00 04 4C 00 00 04 4C 00 00 00 28 FF A8 00 08 12 34 00 1D C0 00 00 00 BB,1100,1100,40,4660,2026-07-30 23:24:08.986,29,-88,8,
FF FF FF FF 00 25 00 31 20 01 01 02 00 00 04 4C 00 00 04 4C 00 00 00 29 FF A7 00 08 12 34 00 1E C1 00 00 00 B6,1100,1100,41,4660,2026-07-30 23:24:09.085,30,-89,8,
FF FF FF FF 00 25 00 32 20 01 01 02 00 00 04 4C 00 00 04 4C 00 00 00 2B FF A7 00 07 12 34 00 1F C4 00 00 00 BC,1100,1100,43,4660,2026-07-30 23:24:09.179,31,-89,7,
FF FF FF FF 00 25 00 33 20 01 01 02 00 00 04 4C 00 00 04 4C 00 00 00 2E FF A7 00 08 12 34 00 20 C3 00 00 00 8F,1100,1100,46,4660,2026-07-30 23:24:09.283,32,-89,8,
FF FF FF FF 00 25 00 34 20 01 01 02 00 00 04 4C 00 00 04 4C 00 00 00 33 FF A7 00 09 12 34 00 21 C3 00 00 00 95,1100,1100,51,4660,2026-07-30 23:24:09.384,33,-89,9,
FF FF FF FF 00 25 00 35 20 01 01 02 00 00 04 4C 00 00 04 4C 00 00 00 37 FF A7 00 09 12 34 00 22 C3 00 00 00 93,1100,1100,55,4660,2026-07-30 23:24:09.489,34,-89,9,
FF FF FF FF 00 25 00 36 20 01 01 02 00 00 04 4C 00 00 04 4C 00 00 00 3E FF A7 00 0A 12 34 00 23 C6 00 00 00 9E,1100,1100,62,4660,2026-07-30 23:24:09.585,35,-89,10,
FF FF FF FF 00 25 00 37 20 01 01 02 00 00 04 4C 00 00 04 4C 00 00 00 3D FF A7 00 0B 12 34 00 24 C6 00 00 00 9A,1100,1100,61,4660,2026-07-30 23:24:09.683,36,-89,11,
FF FF FF FF 00 25 00 38 20 01 01 02 00 00 04 4C 00 00 04 4C 00 00 00 3F FF A7 00 0B 12 34 00 25 C5 00 00 00 95,1100,1100,63,4660,2026-07-30 23:24:09.785,37,-89,11,
FF FF FF FF 00 25 00 39 20 01 01 02 00 00 04 4C 00 00 04 4C 00 00 00 41 FF A7 00 0C 12 34 00 26 C4 00 00 00 EF,1100,1100,65,4660,2026-07-30 23:24:09.883,38,-89,12,
FF FF FF FF 00 25 00 3A 20 01 01 02 00 00 04 4C 00 00 04 4C 00 00 00 44 FF A7 00 0C 12 34 00 27 C8 00 00 00 E4,1100,1100,68,4660,2026-07-30 23:24:09.984,39,-89,12,
FF FF FF FF 00 25 00 3B 20 01 01 02 00 00 04 4C 00 00 04 4C 00 00 00 41 FF A9 00 0A 12 34 00 28 C3 00 00 00 EC,1100,1100,65,4660,2026-07-30 23:24:10.084,40,-87,10,
FF FF FF FF 00 25 00 3C 20 01 01 02 00 00 04 4C 00 00 04 4C 00 00 00 46 FF B0 00 06 12 34 00 29 C5 00 00 00 FE,1100,1100,70,4660,2026-07-30 23:24:10.189,41,-80,6,
FF FF FF FF 00 25 00 3D 20 01 01 02 00 00 04 4C 00 00 04 4C 00 00 00 46 FF AD 00 06 12 34 00 2A C5 00 00 00 E1,1100,1100,70,4660,2026-07-30 23:24:10.281,42,-83,6,
FF FF FF FF 00 25 00 3E 20 01 01 02 00 00 04 4C 00 00 04 4C 00 00 00 48 FF AE 00 07 12 34 00 2B C5 00 00 00 EF,1100,1100,72,4660,2026-07-30 23:24:10.382,43,-82,7,
FF FF FF FF 00 25 00 3F 20 01 01 02 00 00 04 4C 00 00 04 4C 00 00 00 47 FF B1 00 08 12 34 00 2C C7 00 00 00 F4,1100,1100,71,4660,2026-07-30 23:24:10.490,44,-79,8,
FF FF FF FF 00 25 00 40 20 01 01 02 00 00 04 4C 00 00 04 4C 00 00 00 49 FF AE 00 08 12 34 00 2D C7 00 00 00 9B,1100,1100,73,4660,2026-07-30 23:24:10.587,45,-82,8,
FF FF FF FF 00 25 00 41 20 01 01 02 00 00 04 4C 00 00 04 4C 00 00 00 4A FF AC 00 0A 12 34 00 2E C6 00 00 00 9B,1100,1100,74,4660,2026-07-30 23:24:10.683,46,-84,10,
FF FF FF FF 00 25 00 42 20 01 01 02 00 00 04 4C 00 00 04 4C 00 00 00 4B FF AB 00 0B 12 34 00 2F C5 00 00 00 9D,1100,1100,75,4660,2026-07-30 23:24:10.786,47,-85,11,
FF FF FF FF 00 25 00 43 20 01 01 02 00 00 04 4C 00 00 04 4C 00 00 00 4D FF A9 00 0D 12 34 00 30 C4 00 00 00 80,1100,1100,77,4660,2026-07-30 23:24:10.887,48,-87,13,
FF FF FF FF 00 25 00 44 20 01 01 02 00 00 04 4C 00 00 04 4C 00 00 00 50 FF A9 00 0D 12 34 00 31 C5 00 00 00 9A,1100,1100,80,4660,2026-07-30 23:24:10.985,49,-87,13,
FF FF FF FF 00 25 00 45 20 01 01 02 00 00 04 4C 00 00 04 4C 00 00 00 52 FF A8 00 0E 12 34 00 32 C4 00 00 00 99,1100,1100,82,4660,2026-07-30 23:24:11.085,50,-88,14,
FF FF FF FF 00 25 00 46 20 01 01 02 00 00 04 4C 00 00 04 4C 00 00 00 53 FF A8 00 0D 12 34 00 33 C4 00 00 00 99,1100,1100,83,4660,2026-07-30 23:24:11.190,51,-88,13,
FF FF FF FF 00 25 00 47 20 01 01 02 00 00 04 4C 00 00 04 4C 00 00 00 53 FF A7 00 0C 12 34 00 34 C3 00 00 00 96,1100,1100,83,4660,2026-07-30 23:24:11.277,52,-89,12,
FF FF FF FF 00 25 00 48 20 01 01 02 00 00 04 4C 00 00 04 4C 00 00 00 50 FF A7 00 0A 12 34 00 35 C3 00 00 00 9D,1100,1100,80,4660,2026-07-30 23:24:11.383,53,-89,10,
FF FF FF FF 00 25 00 49 20 01 01 02 00 00 04 4C 00 00 04 4C 00 00 00 4E FF A7 00 08 12 34 00 36 C5 00 00 00 85,1100,1100,78,4660,2026-07-30 23:24:11.490,54,-89,8,
FF FF FF FF 00 25 00 4A 20 01 01 02 00 00 04 4C 00 00 04 4C 00 00 00 4C FF A8 00 06 12 34 00 37 C3 00 00 00 82,1100,1100,76,4660,2026-07-30 23:24:11.582,55,-88,6,
FF FF FF FF 00 25 00 4B 20 01 01 02 00 00 04 4C 00 00 04 4C 00 00 00 49 FF B0 00 02 12 34 00 38 C1 00 00 00 97,1100,1100,73,4660,2026-07-30 23:24:11.691,56,-80,2,
FF FF FF FF 00 25 00 4C 20 01 01 02 00 00 04 4C 00 00 04 4C 00 00 00 45 FF B6 00 00 12 34 00 39 C0 00 00 00 98,1100,1100,69,4660,2026-07-30 23:24:11.784,57,-74,0,
FF FF FF FF 00 25 00 4D 20 01 01 02 00 00 04 4C 00 00 04 4C 00 00 00 43 FF BE FF FC 12 34 00 3A BF 00 00 00 E8,1100,1100,67,4660,2026-07-30 23:24:11.885,58,-66,-4,
FF FF FF FF 00 25 00 4E 20 01 01 02 00 00 04 4C 00 00 04 4C 00 00 00 41 FF D8 00 04 12 34 00 3B BE 00 00 00 88,1100,1100,65,4660,2026-07-30 23:24:11.985,59,-40,4,
FF FF FF FF 00 25 00 4F 20 01 01 02 00 00 04 4C 00 00 04 4C 00 00 00 3F FF EB 00 0A 12 34 00 3C C1 00 00 00 B2,1100,1100,63,4660,2026-07-30 23:24:12.086,60,-21,10,
FF FF FF FF 00 25 00 50 20 01 01 02 00 00 04 4C 00 00 04 4C 00 00 00 3D FF F8 00 0F 12 34 00 3D BE 00 00 00 C7,1100,1100,61,4660,2026-07-30 23:24:12.186,61,-8,15,
FF FF FF FF 00 25 00 51 20 01 01 02 00 00 04 4C 00 00 04 4C 00 00 00 3E 00 00 00 13 12 34 00 3E BF 00 00 00 DC,1100,1100,62,4660,2026-07-30 23:24:12.287,62,0,19,
FF FF FF FF 00 25 00 52 20 01 01 02 00 00 04 4C 00 00 04 4C 00 00 00 40 00 07 00 15 12 34 00 3F BD 00 00 00 A3,1100,1100,64,4660,2026-07-30 23:24:12.379,63,7,21,
FF FF FF FF 00 25 00 53 20 01 01 02 00 00 04 4C 00 00 04 4C 00 00 00 42 00 0C 00 17 12 34 00 40 C0 00 00 00 AB,1100,1100,66,4660,2026-07-30 23:24:12.479,64,12,23,
FF FF FF FF 00 25 00 54 20 01 01 02 00 00 04 4C 00 00 04 4C 00 00 00 3F 00 0E 00 0C 12 34 00 41 BF 00 00 00 B6,1100,1100,63,4660,2026-07-30 23:24:12.586,65,14,12,
FF FF FF FF 00 25 00 55 20 01 01 02 00 00 04 4C 00 00 04 4C 00 00 00 3D 00 11 00 10 12 34 00 42 BE 00 00 00 B4,1100,1100,61,4660,2026-07-30 23:24:12.681,66,17,16,
FF FF FF FF 00 25 00 56 20 01 01 02 00 00 04 4C 00 00 04 4C 00 00 00 3E 00 24 00 08 12 34 00 43 C1 00 00 00 E7,1100,1100,62,4660,2026-07-30 23:24:12.785,67,36,8,
FF FF FF FF 00 25 00 57 20 01 01 02 00 00 04 4C 00 00 04 4C 00 00 00 40 00 33 00 01 12 34 00 44 BF 00 00 00 FF,1100,1100,64,4660,2026-07-30 23:24:12.878,68,51,1,
FF FF FF FF 00 25 00 58 20 01 01 02 00 00 04 4C 00 00 04 4C 00 00 00 3E 00 2C 00 08 12 34 00 45 C0 00 00 00 E6,1100,1100,62,4660,2026-07-30 23:24:12.984,69,44,8,
FF FF FF FF 00 25 00 59 20 01 01 02 00 00 04 4C 00 00 04 4C 00 00 00 40 00 2B 00 0B 12 34 00 46 BF 00 00 00 E1,1100,1100,64,4660,2026-07-30 23:24:13.087,70,43,11,
FF FF FF FF 00 25 00 5A 20 01 01 02 00 00 04 4C 00 00 04 4C 00 00 00 40 00 29 00 0E 12 34 00 47 BD 00 00 00 E6,1100,1100,64,4660,2026-07-30 23:24:13.182,71,41,14,
FF FF FF FF 00 25 00 5B 20 01 01 02 00 00 04 4C 00 00 04 4C 00 00 00 49 00 36 00 05 12 34 00 48 BF 00 00 00 F7,1100,1100,73,4660,2026-07-30 23:24:13.287,72,54,5,
FF FF FF FF 00 25 00 5C 20 01 01 02 00 00 04 4C 00 00 04 4C 00 00 00 52 00 40 00 00 12 34 00 49 BF 00 00 00 99,1100,1100,82,4660,2026-07-30 23:24:13.381,73,64,0,
FF FF FF FF 00 25 00 5D 20 01 01 02 00 00 04 4C 00 00 04 4C 00 00 00 59 00 47 FF FC 12 34 00 4A BE 00 00 00 95,1100,1100,89,4660,2026-07-30 23:24:13.489,74,71,-4,
FF FF FF FF 00 25 00 5E 20 01 01 02 00 00 04 4C 00 00 04 4C 00 00 00 5A 00 27 00 05 12 34 00 4B BF 00 00 00 F3,1100,1100,90,4660,2026-07-30 23:24:13.582,75,39,5,
FF FF FF FF 00 25 00 5F 20 01 01 02 00 00 04 4C 00 00 04 4C 00 00 00 52 00 35 00 04 12 34 00 4C C2 00 00 00 93,1100,1100,82,4660,2026-07-30 23:24:13.691,76,53,4,
FF FF FF FF 00 25 00 60 20 01 01 02 00 00 04 4C 00 00 04 4C 00 00 00 54 00 3B 00 01 12 34 00 4D C4 00 00 00 A6,1100,1100,84,4660,2026-07-30 23:24:13.784,77,59,1,
FF FF FF FF 00 25 00 61 20 01 01 02 00 00 04 4C 00 00 04 4C 00 00 00 57 00 3E 00 00 12 34 00 4E C1 00 00 00 A6,1100,1100,87,4660,2026-07-30 23:24:13.879,78,62,0,
FF FF FF FF 00 25 00 62 20 01 01 02 00 00 04 4C 00 00 04 4C 00 00 00 57 00 26 00 12 12 34 00 4F C1 00 00 00 AE,1100,1100,87,4660,2026-07-30 23:24:13.986,79,38,18,
FF FF FF FF 00 25 00 63 20 01 01 02 00 00 04 4C 00 00 04 4C 00 00 00 5C 00 15 00 1F 12 34 00 50 C2 00 00 00 86,1100,1100,92,4660,2026-07-30 23:24:14.080,80,21,31,
FF FF FF FF 00 25 00 64 20 01 01 02 00 00 04 4C 00 00 04 4C 00 00 00 59 00 0B 00 24 12 34 00 51 C2 00 00 00 A0,1100,1100,89,4660,2026-07-30 23:24:14.192,81,11,36,
FF FF FF FF 00 25 00 65 20 01 01 02 00 00 04 4C 00 00 04 4C 00 00 00 5E FF FF 00 2D 12 34 00 52 C6 00 00 00 A3,1100,1100,94,4660,2026-07-30 23:24:14.286,82,-1,45,
FF FF FF FF 00 25 00 66 20 01 01 02 00 00 04 4C 00 00 04 4C 00 00 00 5B FF EA 00 1C 12 34 00 53 C5 00 00 00 83,1100,1100,91,4660,2026-07-30 23:24:14.384,83,-22,28,
FF FF FF FF 00 25 00 67 20 01 01 02 00 00 04 4C 00 00 04 4C 00 00 00 64 FF D8 00 0D 12 34 00 54 C5 00 00 00 99,1100,1100,100,4660,2026-07-30 23:24:14.482,84,-40,13,
FF FF FF FF 00 25 00 68 20 01 01 02 00 00 04 4C 00 00 04 4C 00 00 00 65 FF CB 00 06 12 34 00 55 C3 00 00 00 88,1100,1100,101,4660,2026-07-30 23:24:14.584,85,-53,6,
FF FF FF FF 00 25 00 69 20 01 01 02 00 00 04 4C 00 00 04 4C 00 00 00 6B FF C1 00 05 12 34 00 56 C3 00 00 00 8D,1100,1100,107,4660,2026-07-30 23:24:14.681,86,-63,5,
FF FF FF FF 00 25 00 6A 20 01 01 02 00 00 04 4C 00 00 04 4C 00 00 00 70 FF BA 00 04 12 34 00 57 C3 00 00 00 EE,1100,1100,112,4660,2026-07-30 23:24:14.784,87,-70,4,
FF FF FF FF 00 25 00 6B 20 01 01 02 00 00 04 4C 00 00 04 4C 00 00 00 6E FF B5 00 02 12 34 00 58 C0 00 00 00 F4,1100,1100,110,4660,2026-07-30 23:24:14.884,88,-75,2,
FF FF FF FF 00 25 00 6C 20 01 01 02 00 00 04 4C 00 00 04 4C 00 00 00 68 FF B1 FF FF 12 34 00 59 C1 00 00 00 F3,1100,1100,104,4660,2026-07-30 23:24:14.989,89,-79,-1,
FF FF FF FF 00 25 00 6D 20 01 01 02 00 00 04 4C 00 00 04 4C 00 00 00 69 FF B1 FF FC 12 34 00 5A C3 00 00 00 F1,1100,1100,105,4660,2026-07-30 23:24:15.084,90,-79,-4,
FF FF FF FF 00 25 00 6E 20 01 01 02 00 00 04 4C 00 00 04 4C 00 00 00 65 FF AE FF FB 12 34 00 5B C2 00 00 00 E6,1100,1100,101,4660,2026-07-30 23:24:15.185,91,-82,-5,
FF FF FF FF 00 25 00 6F 20 01 01 02 00 00 04 4C 00 00 04 4C 00 00 00 63 FF AC FF F7 12 34 00 5C C1 00 00 00 EB,1100,1100,99,4660,2026-07-30 23:24:15.283,92,-84,-9,
FF FF FF FF 00 25 00 70 20 01 01 02 00 00 04 4C 00 00 04 4C 00 00 00 5C FF AB FF F8 12 34 00 5D C3 00 00 00 C0,1100,1100,92,4660,2026-07-30 23:24:15.379,93,-85,-8,
FF FF FF FF 00 25 00 71 20 01 01 02 00 00 04 4C 00 00 04 4C 00 00 00 59 FF AA FF F3 12 34 00 5E C5 00 00 00 CB,1100,1100,89,4660,2026-07-30 23:24:15.484,94,-86,-13,
FF FF FF FF 00 25 00 72 20 01 01 02 00 00 04 4C 00 00 04 4C 00 00 00 55 FF A9 FF F2 12 34 00 5F C3 00 00 00 C1,1100,1100,85,4660,2026-07-30 23:24:15.593,95,-87,-14,
FF FF FF FF 00 25 00 73 20 01 01 02 00 00 04 4C 00 00 04 4C 00 00 00 56 FF B2 FF DE 12 34 00 60 C1 00 00 00 C9,1100,1100,86,4660,2026-07-30 23:24:15.693,96,-78,-34,
FF FF FF FF 00 25 00 74 20 01 01 02 00 00 04 4C 00 00 04 4C 00 00 00 5D FF B5 FF CF 12 34 00 61 C3 00 00 00 D0,1100,1100,93,4660,2026-07-30 23:24:15.782,97,-75,-49,
FF FF FF FF 00 25 00 75 20 01 01 02 00 00 04 4C 00 00 04 4C 00 00 00 63 FF B1 FF D8 12 34 00 62 C4 00 00 00 F8,1100,1100,99,4660,2026-07-30 23:24:15.884,98,-79,-40,
FF FF FF FF 00 25 00 76 20 01 01 02 00 00 04 4C 00 00 04 4C 00 00 00 61 FF AE FF E0 12 34 00 63 C6 00 00 00 DD,1100,1100,97,4660,2026-07-30 23:24:15.987,99,-82,-32,
FF FF FF FF 00 25 00 77 20 01 01 02 00 00 04 4C 00 00 04 4C 00 00 00 53 FF AC FF E4 12 34 00 64 C4 00 00 00 ED,1100,1100,83,4660,2026-07-30 23:24:16.083,100,-84,-28,
FF FF FF FF 00 25 00 78 20 01 01 02 00 00 04 4C 00 00 04 4C 00 00 00 5C FF B7 FF D4 12 34 00 65 C5 00 00 00 C6,1100,1100,92,4660,2026-07-30 23:24:16.186,101,-73,-44,
FF FF FF FF 00 25 00 79 20 01 01 02 00 00 04 4C 00 00 04 4C 00 00 00 4F FF B3 FF DC 12 34 00 66 C4 00 00 00 DA,1100,1100,79,4660,2026-07-30 23:24:16.289,102,-77,-36,
FF FF FF FF 00 25 00 7A 20 01 01 02 00 00 04 4C 00 00 04 4C 00 00 00 53 FF AF FF E2 12 34 00 67 C2 00 00 00 E0,1100,1100,83,4660,2026-07-30 23:24:16.379,103,-81,-30,
FF FF FF FF 00 25 00 7B 20 01 01 02 00 00 04 4C 00 00 04 4C 00 00 00 56 FF B3 FF E6 12 34 00 68 C4 00 00 00 F5,1100,1100,86,4660,2026-07-30 23:24:16.486,104,-77,-26,
FF FF FF FF 00 25 00 7C 20 01 01 02 00 00 04 4C 00 00 04 4C 00 00 00 4B FF CC FF E7 12 34 00 69 C4 00 00 00 90,1100,1100,75,4660,2026-07-30 23:24:16.579,105,-52,-25,
FF FF FF FF 00 25 00 7D 20 01 01 02 00 00 04 4C 00 00 04 4C 00 00 00 45 FF C2 FF E9 12 34 00 6A C4 00 00 00 9C,1100,1100,69,4660,2026-07-30 23:24:16.683,106,-62,-23,
FF FF FF FF 00 25 00 7E 20 01 01 02 00 00 04 4C 00 00 04 4C 00 00 00 4F FF BA FF EC 12 34 00 6B C5 00 00 00 E8,1100,1100,79,4660,2026-07-30 23:24:16.779,107,-70,-20,
FF FF FF FF 00 25 00 7F 20 01 01 02 00 00 04 4C 00 00 04 4C 00 00 00 53 FF B5 FF EF 12 34 00 6C C2 00 00 00 F9,1100,1100,83,4660,2026-07-30 23:24:16.888,108,-75,-17,
FF FF FF FF 00 25 00 80 20 01 01 02 00 00 04 4C 00 00 04 4C 00 00 00 4C FF B7 FF EC 12 34 00 6D C8 00 00 00 13,1100,1100,76,4660,2026-07-30 23:24:16.980,109,-73,-20,
FF FF FF FF 00 25 00 81 20 01 01 02 00 00 04 4C 00 00 04 4C 00 00 00 5E FF B2 FF F1 12 34 00 6E C4 00 00 00 17,1100,1100,94,4660,2026-07-30 23:24:17.082,110,-78,-15,
FF FF FF FF 00 25 00 82 20 01 01 02 00 00 04 4C 00 00 04 4C 00 00 00 66 FF C1 FF F3 12 34 00 6F C3 00 00 00 5B,1100,1100,102,4660,2026-07-30 23:24:17.189,111,-63,-13,
FF FF FF FF 00 25 00 83 20 01 01 02 00 00 04 4C 00 00 04 4C 00 00 00 63 FF BA FF F5 12 34 00 70 C2 00 00 00 3C,1100,1100,99,4660,2026-07-30 23:24:17.291,112,-70,-11,
FF FF FF FF 00 25 00 84 20 01 01 02 00 00 04 4C 00 00 04 4C 00 00 00 65 FF CC 00 03 12 34 00 71 C1 00 00 00 40,1100,1100,101,4660,2026-07-30 23:24:17.385,113,-52,3,
FF FF FF FF 00 25 00 85 20 01 01 02 00 00 04 4C 00 00 04 4C 00 00 00 6D FF C2 00 00 12 34 00 72 C5 00 00 00 43,1100,1100,109,4660,2026-07-30 23:24:17.482,114,-62,0,
FF FF FF FF 00 25 00 86 20 01 01 02 00 00 04 4C 00 00 04 4C 00 00 00 70 FF C5 FF F9 12 34 00 73 C7 00 00 00 5F,1100,1100,112,4660,2026-07-30 23:24:17.581,115,-59,-7,
FF FF FF FF 00 25 00 87 20 01 01 02 00 00 04 4C 00 00 04 4C 00 00 00 78 FF D3 00 05 12 34 00 74 C2 00 00 00 41,1100,1100,120,4660,2026-07-30 23:24:17.681,116,-45,5,
FF FF FF FF 00 25 00 88 20 01 01 02 00 00 04 4C 00 00 04 4C 00 00 00 69 FF C7 00 04 12 34 00 75 C0 00 00 00 49,1100,1100,105,4660,2026-07-30 23:24:17.787,117,-57,4,
FF FF FF FF 00 25 00 89 20 01 01 02 00 00 04 4C 00 00 04 4C 00 00 00 72 FF D5 00 0E 12 34 00 76 C1 00 00 00 49,1100,1100,114,4660,2026-07-30 23:24:17.877,118,-43,14,
FF FF FF FF 00 25 00 8A 20 01 01 02 00 00 04 4C 00 00 04 4C 00 00 00 60 FF C8 00 08 12 34 00 77 C4 00 00 00 47,1100,1100,96,4660,2026-07-30 23:24:17.989,119,-56,8,
FF FF FF FF 00 25 00 8B 20 01 01 02 00 00 04 4C 00 00 04 4C 00 00 00 5A FF BF 00 01 12 34 00 78 C5 00 00 00 0C,1100,1100,90,4660,2026-07-30 23:24:18.090,120,-65,1,
FF FF FF FF 00 25 00 8C 20 01 01 02 00 00 04 4C 00 00 04 4C 00 00 00 5C FF BB FF FF 12 34 00 79 C4 00 00 00 08,1100,1100,92,4660,2026-07-30 23:24:18.191,121,-69,-1,
FF FF FF FF 00 25 00 8D 20 01 01 02 00 00 04 4C 00 00 04 4C 00 00 00 62 FF BC FF FF 12 34 00 7A C5 00 00 00 32,1100,1100,98,4660,2026-07-30 23:24:18.280,122,-68,-1,
FF FF FF FF 00 25 00 8E 20 01 01 02 00 00 04 4C 00 00 04 4C 00 00 00 67 FF B6 FF FD 12 34 00 7B C5 00 00 00 3D,1100,1100,103,4660,2026-07-30 23:24:18.382,123,-74,-3,
FF FF FF FF 00 25 00 8F 20 01 01 02 00 00 04 4C 00 00 04 4C 00 00 00 70 FF B2 00 00 12 34 00 7C C2 00 00 00 2D,1100,1100,112,4660,2026-07-30 23:24:18.489,124,-78,0,
FF FF FF FF 00 25 00 90 20 01 01 02 00 00 04 4C 00 00 04 4C 00 00 00 5A FF AF FF FE 12 34 00 7D C3 00 00 00 04,1100,1100,90,4660,2026-07-30 23:24:18.583,125,-81,-2,
FF FF FF FF 00 25 00 91 20 01 01 02 00 00 04 4C 00 00 04 4C 00 00 00 4E FF AD FF F9 12 34 00 7E C0 00 00 00 14,1100,1100,78,4660,2026-07-30 23:24:18.689,126,-83,-7,
FF FF FF FF 00 25 00 92 20 01 01 02 00 00 04 4C 00 00 04 4C 00 00 00 5D FF AB FF FD 12 34 00 7F C2 00 00 00 05,1100,1100,93,4660,2026-07-30 23:24:18.785,127,-85,-3,
FF FF FF FF 00 25 00 93 20 01 01 02 00 00 04 4C 00 00 04 4C 00 00 00 66 FF CE FF FE 12 34 00 80 C2 00 00 00 A6,1100,1100,102,4660,2026-07-30 23:24:18.878,128,-50,-2,
FF FF FF FF 00 25 00 94 20 01 01 02 00 00 04 4C 00 00 04 4C 00 00 00 5B FF C3 FF FB 12 34 00 81 C2 00 00 00 95,1100,1100,91,4660,2026-07-30 23:24:18.986,129,-61,-5,
FF FF FF FF 00 25 00 95 20 01 01 02 00 00 04 4C 00 00 04 4C 00 00 00 54 FF C4 FF EF 12 34 00 82 C3 00 00 00 8A,1100,1100,84,4660,2026-07-30 23:24:19.080,130,-60,-17,
FF FF FF FF 00 25 00 96 20 01 01 02 00 00 04 4C 00 00 04 4C 00 00 00 55 FF BC FF F6 12 34 00 83 C4 00 00 00 EF,1100,1100,85,4660,2026-07-30 23:24:19.186,131,-68,-10,
FF FF FF FF 00 25 00 97 20 01 01 02 00 00 04 4C 00 00 04 4C 00 00 00 54 FF C0 FF EF 12 34 00 84 C5 00 00 00 8C,1100,1100,84,4660,2026-07-30 23:24:19.289,132,-64,-17,
FF FF FF FF 00 25 00 98 20 01 01 02 00 00 04 4C 00 00 04 4C 00 00 00 4C FF C1 FF EC 12 34 00 85 C3 00 00 00 9E,1100,1100,76,4660,2026-07-30 23:24:19.384,133,-63,-20,
FF FF FF FF 00 25 00 99 20 01 01 02 00 00 04 4C 00 00 04 4C 00 00 00 4C FF C3 FF E9 12 34 00 86 C6 00 00 00 9E,1100,1100,76,4660,2026-07-30 23:24:19.479,134,-61,-23,
FF FF FF FF 00 25 00 9A 20 01 01 02 00 00 04 4C 00 00 04 4C 00 00 00 48 FF C4 FF E7 12 34 00 87 C2 00 00 00 95,1100,1100,72,4660,2026-07-30 23:24:19.581,135,-60,-25,
FF FF FF FF 00 25 00 9B 20 01 01 02 00 00 04 4C 00 00 04 4C 00 00 00 47 FF C6 FF E5 12 34 00 88 C5 00 00 00 93,1100,1100,71,4660,2026-07-30 23:24:19.684,136,-58,-27,
FF FF FF FF 00 25 00 9C 20 01 01 02 00 00 04 4C 00 00 04 4C 00 00 00 4B FF C8 FF E3 12 34 00 89 C7 00 00 00 93,1100,1100,75,4660,2026-07-30 23:24:19.787,137,-56,-29,
FF FF FF FF 00 25 00 9D 20 01 01 02 00 00 04 4C 00 00 04 4C 00 00 00 4D FF CA FF DF 12 34 00 8A C4 00 00 00 AA,1100,1100,77,4660,2026-07-30 23:24:19.884,138,-54,-33,
FF FF FF FF 00 25 00 9E 20 01 01 02 00 00 04 4C 00 00 04 4C 00 00 00 58 FF CC FF E0 12 34 00 8B C2 00 00 00 82,1100,1100,88,4660,2026-07-30 23:24:19.988,139,-52,-32,
FF FF FF FF 00 25 00 9F 20 01 01 02 00 00 04 4C 00 00 04 4C 00 00 00 60 FF CC FF E2 12 34 00 8C C5 00 00 00 B9,1100,1100,96,4660,2026-07-30 23:24:20.081,140,-52,-30,
FF FF FF FF 00 25 00 A0 20 01 01 02 00 00 04 4C 00 00 04 4C 00 00 00 63 FF CB FF E3 12 34 00 8D C6 00 00 00 81,1100,1100,99,4660,2026-07-30 23:24:20.183,141,-53,-29,
FF FF FF FF 00 25 00 A1 20 01 01 02 00 00 04 4C 00 00 04 4C 00 00 00 66 FF C9 FF E4 12 34 00 8E C5 00 00 00 80,1100,1100,102,4660,2026-07-30 23:24:20.294,142,-55,-28,
FF FF FF FF 00 25 00 A2 20 01 01 02 00 00 04 4C 00 00 04 4C 00 00 00 69 FF C8 FF E6 12 34 00 8F C7 00 00 00 8C,1100,1100,105,4660,2026-07-30 23:24:20.384,143,-56,-26,
FF FF FF FF 00 25 00 A3 20 01 01 02 00 00 04 4C 00 00 04 4C 00 00 00 6A FF C7 FF E9 12 34 00 90 C5 00 00 00 93,1100,1100,106,4660,2026-07-30 23:24:20.482,144,-57,-23,
FF FF FF FF 00 25 00 A4 20 01 01 02 00 00 04 4C 00 00 04 4C 00 00 00 6C FF C7 FF EB 12 34 00 91 C5 00 00 00 91,1100,1100,108,4660,2026-07-30 23:24:20.585,145,-57,-21,
FF FF FF FF 00 25 00 A5 20 01 01 02 00 00 04 4C 00 00 04 4C 00 00 00 6E FF C8 FF EC 12 34 00 92 C5 00 00 00 99,1100,1100,110,4660,2026-07-30 23:24:20.688,146,-56,-20,
FF FF FF FF 00 25 00 A6 20 01 01 02 00 00 04 4C 00 00 04 4C 00 00 00 71 FF E1 FF F8 12 34 00 93 C4 00 00 00 B8,1100,1100,113,4660,2026-07-30 23:24:20.788,147,-31,-8,
FF FF FF FF 00 25 00 A7 20 01 01 02 00 00 04 4C 00 00 04 4C 00 00 00 73 FF F2 00 01 12 34 00 94 C3 00 00 00 AE,1100,1100,115,4660,2026-07-30 23:24:20.884,148,-14,1,
FF FF FF FF 00 25 00 A8 20 01 01 02 00 00 04 4C 00 00 04 4C 00 00 00 6E FF E5 FF FE 12 34 00 95 C0 00 00 00 A9,1100,1100,110,4660,2026-07-30 23:24:20.986,149,-27,-2,
FF FF FF FF 00 25 00 A9 20 01 01 02 00 00 04 4C 00 00 04 4C 00 00 00 6E FF D9 FF FB 12 34 00 96 C2 00 00 00 90,1100,1100,110,4660,2026-07-30 23:24:21.078,150,-39,-5,
FF FF FF FF 00 25 00 AA 20 01 01 02 00 00 04 4C 00 00 04 4C 00 00 00 6E FF D6 FF F6 12 34 00 97 C4 00 00 00 96,1100,1100,110,4660,2026-07-30 23:24:21.184,151,-42,-10,
FF FF FF FF 00 25 00 AB 20 01 01 02 00 00 04 4C 00 00 04 4C 00 00 00 6F FF D0 FF F5 12 34 00 98 C2 00 00 00 9A,1100,1100,111,4660,2026-07-30 23:24:21.287,152,-48,-11,
FF FF FF FF 00 25 00 AC 20 01 01 02 00 00 04 4C 00 00 04 4C 00 00 00 6F FF C5 FF F8 12 34 00 99 C7 00 00 00 81,1100,1100,111,4660,2026-07-30 23:24:21.389,153,-59,-8,
FF FF FF FF 00 25 00 AD 20 01 01 02 00 00 04 4C 00 00 04 4C 00 00 00 5A FF BD FF F7 12 34 00 9A C6 00 00 00 C0,1100,1100,90,4660,2026-07-30 23:24:21.489,154,-67,-9,
FF FF FF FF 00 25 00 AE 20 01 01 02 00 00 04 4C 00 00 04 4C 00 00 00 54 FF B7 FF F6 12 34 00 9B C3 00 00 00 C2,1100,1100,84,4660,2026-07-30 23:24:21.593,155,-73,-10,
FF FF FF FF 00 25 00 AF 20 01 01 02 00 00 04 4C 00 00 04 4C 00 00 00 51 FF B6 FF F4 12 34 00 9C C5 00 00 00 C4,1100,1100,81,4660,2026-07-30 23:24:21.684,156,-74,-12,
FF FF FF FF 00 25 00 B0 20 01 01 02 00 00 04 4C 00 00 04 4C 00 00 00 4E FF B2 FF F2 12 34 00 9D C4 00 00 00 C6,1100,1100,78,4660,2026-07-30 23:24:21.781,157,-78,-14,
FF FF FF FF 00 25 00 B1 20 01 01 02 00 00 04 4C 00 00 04 4C 00 00 00 4D FF B2 FF F1 12 34 00 9E C6 00 00 00 C6,1100,1100,77,4660,2026-07-30 23:24:21.883,158,-78,-15,
FF FF FF FF 00 25 00 B2 20 01 01 02 00 00 04 4C 00 00 04 4C 00 00 00 4B FF AF FF F3 12 34 00 9F C0 00 00 00 DB,1100,1100,75,4660,2026-07-30 23:24:21.983,159,-81,-13,
FF FF FF FF 00 25 00 B3 20 01 01 02 00 00 04 4C 00 00 04 4C 00 00 00 4D FF D1 FF FB 12 34 00 A0 C9 00 00 00 9C,1100,1100,77,4660,2026-07-30 23:24:22.082,160,-47,-5,
FF FF FF FF 00 25 00 B4 20 01 01 02 00 00 04 4C 00 00 04 4C 00 00 00 50 FF CB FF FB 12 34 00 A1 C4 00 00 00 90,1100,1100,80,4660,2026-07-30 23:24:22.184,161,-53,-5,
FF FF FF FF 00 25 00 B5 20 01 01 02 00 00 04 4C 00 00 04 4C 00 00 00 4F FF C9 00 02 12 34 00 A2 C4 00 00 00 89,1100,1100,79,4660,2026-07-30 23:24:22.281,162,-55,2,
FF FF FF FF 00 25 00 B6 20 01 01 02 00 00 04 4C 00 00 04 4C 00 00 00 51 FF BF 00 04 12 34 00 A3 C9 00 00 00 E8,1100,1100,81,4660,2026-07-30 23:24:22.383,163,-65,4,
FF FF FF FF 00 25 00 B7 20 01 01 02 00 00 04 4C 00 00 04 4C 00 00 00 54 FF BE 00 0A 12 34 00 A4 CB 00 00 00 E6,1100,1100,84,4660,2026-07-30 23:24:22.482,164,-66,10,
FF FF FF FF 00 25 00 B8 20 01 01 02 00 00 04 4C 00 00 04 4C 00 00 00 51 FF BB 00 10 12 34 00 A5 CB 00 00 00 F2,1100,1100,81,4660,2026-07-30 23:24:22.590,165,-69,16,
FF FF FF FF 00 25 00 B9 20 01 01 02 00 00 04 4C 00 00 04 4C 00 00 00 56 FF BB 00 16 12 34 00 A6 CB 00 00 00 F1,1100,1100,86,4660,2026-07-30 23:24:22.681,166,-69,22,
FF FF FF FF 00 25 00 BA 20 01 01 02 00 00 04 4C 00 00 04 4C 00 00 00 5A FF B6 00 1A 12 34 00 A7 C8 00 00 00 FD,1100,1100,90,4660,2026-07-30 23:24:22.789,167,-74,26,
FF FF FF FF 00 25 00 BB 20 01 01 02 00 00 04 4C 00 00 04 4C 00 00 00 62 FF B1 00 1E 12 34 00 A8 CE 00 00 00 CE,1100,1100,98,4660,2026-07-30 23:24:22.882,168,-79,30,
FF FF FF FF 00 25 00 BC 20 01 01 02 00 00 04 4C 00 00 04 4C 00 00 00 6C FF B4 00 21 12 34 00 A9 CA 00 00 00 F8,1100,1100,108,4660,2026-07-30 23:24:22.990,169,-76,33,
FF FF FF FF 00 25 00 BD 20 01 01 02 00 00 04 4C 00 00 04 4C 00 00 00 71 FF B1 00 23 12 34 00 AA CB 00 00 00 E1,1100,1100,113,4660,2026-07-30 23:24:23.080,170,-79,35,
FF FF FF FF 00 25 00 BE 20 01 01 02 00 00 04 4C 00 00 04 4C 00 00 00 71 FF AE 00 22 12 34 00 AB C8 00 00 00 FE,1100,1100,113,4660,2026-07-30 23:24:23.191,171,-82,34,
FF FF FF FF 00 25 00 BF 20 01 01 02 00 00 04 4C 00 00 04 4C 00 00 00 6F FF AE 00 20 12 34 00 AC C6 00 00 00 EA,1100,1100,111,4660,2026-07-30 23:24:23.279,172,-82,32,
FF FF FF FF 00 25 00 C0 20 01 01 02 00 00 04 4C 00 00 04 4C 00 00 00 6A FF AD 00 1E 12 34 00 AD C4 00 00 00 AE,1100,1100,106,4660,2026-07-30 23:24:23.380,173,-83,30,
FF FF FF FF 00 25 00 C1 20 01 01 02 00 00 04 4C 00 00 04 4C 00 00 00 6C FF AB 00 19 12 34 00 AE C7 00 00 00 A8,1100,1100,108,4660,2026-07-30 23:24:23.488,174,-85,25,
FF FF FF FF 00 25 00 C2 20 01 01 02 00 00 04 4C 00 00 04 4C 00 00 00 76 FF AA 00 14 12 34 00 AF C2 00 00 00 B9,1100,1100,118,4660,2026-07-30 23:24:23.579,175,-86,20,
FF FF FF FF 00 25 00 C3 20 01 01 02 00 00 04 4C 00 00 04 4C 00 00 00 85 FF AF 00 11 12 34 00 B0 C1 00 00 00 57,1100,1100,133,4660,2026-07-30 23:24:23.690,176,-81,17,
FF FF FF FF 00 25 00 C4 20 01 01 02 00 00 04 4C 00 00 04 4C 00 00 00 88 FF AD 00 0E 12 34 00 B1 C0 00 00 00 40,1100,1100,136,4660,2026-07-30 23:24:23.782,177,-83,14,
FF FF FF FF 00 25 00 C5 20 01 01 02 00 00 04 4C 00 00 04 4C 00 00 00 90 FF AE 00 09 12 34 00 B2 C2 00 00 00 5C,1100,1100,144,4660,2026-07-30 23:24:23.881,178,-82,9,
FF FF FF FF 00 25 00 C6 20 01 01 02 00 00 04 4C 00 00 04 4C 00 00 00 94 FF AC 00 05 12 34 00 B3 BE 00 00 00 28,1100,1100,148,4660,2026-07-30 23:24:23.987,179,-84,5,
FF FF FF FF 00 25 00 C7 20 01 01 02 00 00 04 4C 00 00 04 4C 00 00 00 9B FF AA 00 03 12 34 00 B4 BD 00 00 00 22,1100,1100,155,4660,2026-07-30 23:24:24.080,180,-86,3,
FF FF FF FF 00 25 00 C8 20 01 01 02 00 00 04 4C 00 00 04 4C 00 00 00 A6 FF A9 00 02 12 34 00 B5 C1 00 00 00 6F,1100,1100,166,4660,2026-07-30 23:24:24.184,181,-87,2,
FF FF FF FF 00 25 00 C9 20 01 01 02 00 00 04 4C 00 00 04 4C 00 00 00 AF FF A9 00 00 12 34 00 B6 C2 00 00 00 65,1100,1100,175,4660,2026-07-30 23:24:24.288,182,-87,0,
FF FF FF FF 00 25 00 CA 20 01 01 02 00 00 04 4C 00 00 04 4C 00 00 00 AF FF A8 FF FF 12 34 00 B7 BE 00 00 00 1A,1100,1100,175,4660,2026-07-30 23:24:24.393,183,-88,-1,
FF FF FF FF 00 25 00 CB 20 01 01 02 00 00 04 4C 00 00 04 4C 00 00 00 BD FF A8 FF FE 12 34 00 B8 BA 00 00 00 03,1100,1100,189,4660,2026-07-30 23:24:24.489,184,-88,-2,
FF FF FF FF 00 25 00 CC 20 01 01 02 00 00 04 4C 00 00 04 4C 00 00 00 C4 FF A7 FF FD 12 34 00 B9 BE 00 00 00 74,1100,1100,196,4660,2026-07-30 23:24:24.581,185,-89,-3,
FF FF FF FF 00 25 00 CD 20 01 01 02 00 00 04 4C 00 00 04 4C 00 00 00 D3 FF A7 FF FE 12 34 00 BA BC 00 00 00 60,1100,1100,211,4660,2026-07-30 23:24:24.680,186,-89,-2,
FF FF FF FF 00 25 00 CE 20 01 01 02 00 00 04 4C 00 00 04 4C 00 00 00 DE FF A7 FF FE 12 34 00 BB BF 00 00 00 6C,1100,1100,222,4660,2026-07-30 23:24:24.780,187,-89,-2,
FF FF FF FF 00 25 00 CF 20 01 01 02 00 00 04 4C 00 00 04 4C 00 00 00 D8 FF A7 FF FC 12 34 00 BC BC 00 00 00 6D,1100,1100,216,4660,2026-07-30 23:24:24.891,188,-89,-4,
FF FF FF FF 00 25 00 D0 20 01 01 02 00 00 04 4C 00 00 04 4C 00 00 00 DD FF A7 FF FA 12 34 00 BD BE 00 00 00 72,1100,1100,221,4660,2026-07-30 23:24:24.985,189,-89,-6,
FF FF FF FF 00 25 00 D1 20 01 01 02 00 00 04 4C 00 00 04 4C 00 00 00 E1 FF A7 FF F7 12 34 00 BE BF 00 00 00 40,1100,1100,225,4660,2026-07-30 23:24:25.082,190,-89,-9,
FF FF FF FF 00 25 00 D2 20 01 01 02 00 00 04 4C 00 00 04 4C 00 00 00 E6 FF A7 FF F5 12 34 00 BF BB 00 00 00 43,1100,1100,230,4660,2026-07-30 23:24:25.190,191,-89,-11,
FF FF FF FF 00 25 00 D3 20 01 01 02 00 00 04 4C 00 00 04 4C 00 00 00 EC FF A7 FF F7 12 34 00 C0 BD 00 00 00 33,1100,1100,236,4660,2026-07-30 23:24:25.285,192,-89,-9,
FF FF FF FF 00 25 00 D4 20 01 01 02 00 00 04 4C 00 00 04 4C 00 00 00 EB FF A7 FF F0 12 34 00 C1 B2 00 00 00 3A,1100,1100,235,4660,2026-07-30 23:24:25.385,193,-89,-16,
FF FF FF FF 00 25 00 D5 20 01 01 02 00 00 04 4C 00 00 04 4C 00 00 00 F2 FF A7 FF ED 12 34 00 C2 BD 00 00 00 33,1100,1100,242,4660,2026-07-30 23:24:25.481,194,-89,-19,
FF FF FF FF 00 25 00 D6 20 01 01 02 00 00 04 4C 00 00 04 4C 00 00 00 F8 FF A7 FF EB 12 34 00 C3 BE 00 00 00 3E,1100,1100,248,4660,2026-07-30 23:24:25.585,195,-89,-21,
FF FF FF FF 00 25 00 D7 20 01 01 02 00 00 04 4C 00 00 04 4C 00 00 01 0D FF AE FF EA 12 34 00 C4 BC 00 00 00 C6,1100,1100,269,4660,2026-07-30 23:24:25.689,196,-82,-22,
FF FF FF FF 00 25 00 D8 20 01 01 02 00 00 04 4C 00 00 04 4C 00 00 01 18 FF B4 FF E8 12 34 00 C5 BD 00 00 00 C4,1100,1100,280,4660,2026-07-30 23:24:25.787,197,-76,-24,
FF FF FF FF 00 25 00 D9 20 01 01 02 00 00 04 4C 00 00 04 4C 00 00 01 1D FF B1 FF EA 12 34 00 C6 BE 00 00 00 C7,1100,1100,285,4660,2026-07-30 23:24:25.891,198,-79,-22,
FF FF FF FF 00 25 00 DA 20 01 01 02 00 00 04 4C 00 00 04 4C 00 00 01 26 FF AE FF E7 12 34 00 C7 B1 00 00 00 E3,1100,1100,294,4660,2026-07-30 23:24:25.987,199,-82,-25,
FF FF FF FF 00 25 00 DB 20 01 01 02 00 00 04 4C 00 00 04 4C 00 00 01 2F FF C2 FF DC 12 34 00 C8 BA 00 00 00 B8,1100,1100,303,4660,2026-07-30 23:24:26.080,200,-62,-36,
FF FF FF FF 00 25 00 DC 20 01 01 02 00 00 04 4C 00 00 04 4C 00 00 01 37 FF BB FF E4 12 34 00 C9 BD 00 00 00 E0,1100,1100,311,4660,2026-07-30 23:24:26.188,201,-69,-28,
FF FF FF FF 00 25 00 DD 20 01 01 02 00 00 04 4C 00 00 04 4C 00 00 01 3D FF BA FF E6 12 34 00 CA B9 00 00 00 EF,1100,1100,317,4660,2026-07-30 23:24:26.286,202,-70,-26,
FF FF FF FF 00 25 00 DE 20 01 01 02 00 00 04 4C 00 00 04 4C 00 00 01 3E FF B4 FF E7 12 34 00 CB BB 00 00 00 E3,1100,1100,318,4660,2026-07-30 23:24:26.377,203,-76,-25,
FF FF FF FF 00 25 00 DF 20 01 01 02 00 00 04 4C 00 00 04 4C 00 00 01 40 FF B1 FF E9 12 34 00 CC BC 00 00 00 97,1100,1100,320,4660,2026-07-30 23:24:26.485,204,-79,-23,
FF FF FF FF 00 25 00 E0 20 01 01 02 00 00 04 4C 00 00 04 4C 00 00 01 46 FF C1 FF D7 12 34 00 CD C0 00 00 00 9D,1100,1100,326,4660,2026-07-30 23:24:26.584,205,-63,-41,
FF FF FF FF 00 25 00 E1 20 01 01 02 00 00 04 4C 00 00 04 4C 00 00 01 4C FF C7 FF DB 12 34 00 CE BB 00 00 00 E4,1100,1100,332,4660,2026-07-30 23:24:26.682,206,-57,-37,
FF FF FF FF 00 25 00 E2 20 01 01 02 00 00 04 4C 00 00 04 4C 00 00 01 50 FF BE FF E0 12 34 00 CF BE 00 00 00 BD,1100,1100,336,4660,2026-07-30 23:24:26.786,207,-66,-32,
FF FF FF FF 00 25 00 E3 20 01 01 02 00 00 04 4C 00 00 04 4C 00 00 01 56 FF B8 FF E3 12 34 00 D0 B9 00 00 00 A7,1100,1100,342,4660,2026-07-30 23:24:26.892,208,-72,-29,
FF FF FF FF 00 25 00 E4 20 01 01 02 00 00 04 4C 00 00 04 4C 00 00 01 5B FF BA FF E4 12 34 00 D1 BA 00 00 00 AA,1100,1100,347,4660,2026-07-30 23:24:26.983,209,-70,-28,
FF FF FF FF 00 25 00 E5 20 01 01 02 00 00 04 4C 00 00 04 4C 00 00 01 62 FF BE FF E4 12 34 00 D2 AF 00 00 00 80,1100,1100,354,4660,2026-07-30 23:24:27.085,210,-66,-28,
FF FF FF FF 00 25 00 E6 20 01 01 02 00 00 04 4C 00 00 04 4C 00 00 01 69 FF C4 FF E3 12 34 00 D3 B8 00 00 00 E3,1100,1100,361,4660,2026-07-30 23:24:27.184,211,-60,-29,
FF FF FF FF 00 25 00 E7 20 01 01 02 00 00 04 4C 00 00 04 4C 00 00 01 6B FF BC FF E6 12 34 00 D4 BD 00 00 00 9F,1100,1100,363,4660,2026-07-30 23:24:27.280,212,-68,-26,
FF FF FF FF 00 25 00 E8 20 01 01 02 00 00 04 4C 00 00 04 4C 00 00 01 6A FF B6 FF E8 12 34 00 D5 B8 00 00 00 91,1100,1100,362,4660,2026-07-30 23:24:27.386,213,-74,-24,
FF FF FF FF 00 25 00 E9 20 01 01 02 00 00 04 4C 00 00 04 4C 00 00 01 63 FF B9 FF E9 12 34 00 D6 BC 00 00 00 90,1100,1100,355,4660,2026-07-30 23:24:27.482,214,-71,-23,
FF FF FF FF 00 25 00 EA 20 01 01 02 00 00 04 4C 00 00 04 4C 00 00 01 5C FF B4 FF E8 12 34 00 D7 B9 00 00 00 A4,1100,1100,348,4660,2026-07-30 23:24:27.585,215,-76,-24,
FF FF FF FF 00 25 00 EB 20 01 01 02 00 00 04 4C 00 00 04 4C 00 00 01 45 FF B0 FF EB 12 34 00 D8 BA 00 00 00 B7,1100,1100,325,4660,2026-07-30 23:24:27.687,216,-80,-21,
FF FF FF FF 00 25 00 EC 20 01 01 02 00 00 04 4C 00 00 04 4C 00 00 01 2D FF AE FF EE 12 34 00 D9 BA 00 00 00 C2,1100,1100,301,4660,2026-07-30 23:24:27.786,217,-82,-18,
FF FF FF FF 00 25 00 ED 20 01 01 02 00 00 04 4C 00 00 04 4C 00 00 01 1D FF AC FF F0 12 34 00 DA BB 00 00 00 ED,1100,1100,285,4660,2026-07-30 23:24:27.883,218,-84,-16,
FF FF FF FF 00 25 00 EE 20 01 01 02 00 00 04 4C 00 00 04 4C 00 00 01 11 FF AA FF F2 12 34 00 DB BF 00 00 00 E3,1100,1100,273,4660,2026-07-30 23:24:27.987,219,-86,-14,
FF FF FF FF 00 25 00 EF 20 01 01 02 00 00 04 4C 00 00 04 4C 00 00 01 08 FF A9 FF F6 12 34 00 DC BE 00 00 00 FA,1100,1100,264,4660,2026-07-30 23:24:28.085,220,-87,-10,
FF FF FF FF 00 25 00 F0 20 01 01 02 00 00 04 4C 00 00 04 4C 00 00 01 00 FF AA FF F8 12 34 00 DD BE 00 00 00 E1,1100,1100,256,4660,2026-07-30 23:24:28.187,221,-86,-8,
FF FF FF FF 00 25 00 F1 20 01 01 02 00 00 04 4C 00 00 04 4C 00 00 00 F3 FF A9 FF F8 12 34 00 DE BF 00 00 00 13,1100,1100,243,4660,2026-07-30 23:24:28.285,222,-87,-8,
FF FF FF FF 00 25 00 F2 20 01 01 02 00 00 04 4C 00 00 04 4C 00 00 00 E5 FF A9 FF F9 12 34 00 DF C1 00 00 00 78,1100,1100,229,4660,2026-07-30 23:24:28.379,223,-87,-7,
FF FF FF FF 00 25 00 F3 20 01 01 02 00 00 04 4C 00 00 04 4C 00 00 00 D7 FF A8 FF FA 12 34 00 E0 C1 00 00 00 76,1100,1100,215,4660,2026-07-30 23:24:28.488,224,-88,-6,
FF FF FF FF 00 25 00 F4 20 01 01 02 00 00 04 4C 00 00 04 4C 00 00 00 C9 FF A8 FF FD 12 34 00 E1 C4 00 00 00 6C,1100,1100,201,4660,2026-07-30 23:24:28.580,225,-88,-3,
FF FF FF FF 00 25 00 F5 20 01 01 02 00 00 04 4C 00 00 04 4C 00 00 00 BC FF A7 FF FF 12 34 00 E2 C4 00 00 00 16,1100,1100,188,4660,2026-07-30 23:24:28.682,226,-89,-1,
FF FF FF FF 00 25 00 F6 20 01 01 02 00 00 04 4C 00 00 04 4C 00 00 00 B0 FF AA 00 01 12 34 00 E3 C1 00 00 00 11,1100,1100,176,4660,2026-07-30 23:24:28.786,227,-86,1,
FF FF FF FF 00 25 00 F7 20 01 01 02 00 00 04 4C 00 00 04 4C 00 00 00 A7 FF A9 00 05 12 34 00 E4 C5 00 00 00 03,1100,1100,167,4660,2026-07-30 23:24:28.884,228,-87,5,
FF FF FF FF 00 25 00 F8 20 01 01 02 00 00 04 4C 00 00 04 4C 00 00 00 9C FF AB 00 06 12 34 00 E5 C4 00 00 00 36,1100,1100,156,4660,2026-07-30 23:24:28.980,229,-85,6,
FF FF FF FF 00 25 00 F9 20 01 01 02 00 00 04 4C 00 00 04 4C 00 00 00 93 FF AF 00 08 12 34 00 E6 C3 00 00 00 36,1100,1100,147,4660,2026-07-30 23:24:29.084,230,-81,8,
FF FF FF FF 00 25 00 FA 20 01 01 02 00 00 04 4C 00 00 04 4C 00 00 00 8B FF AC 00 08 12 34 00 E7 C7 00 00 00 2B,1100,1100,139,4660,2026-07-30 23:24:29.189,231,-84,8,
FF FF FF FF 00 25 00 FB 20 01 01 02 00 00 04 4C 00 00 04 4C 00 00 00 82 FF AB 00 0B 12 34 00 E8 C5 00 00 00 2A,1100,1100,130,4660,2026-07-30 23:24:29.284,232,-85,11,
FF FF FF FF 00 25 00 FC 20 01 01 02 00 00 04 4C 00 00 04 4C 00 00 00 7C FF C5 00 19 12 34 00 E9 C2 00 00 00 A9,1100,1100,124,4660,2026-07-30 23:24:29.378,233,-59,25,
FF FF FF FF 00 25 00 FD 20 01 01 02 00 00 04 4C 00 00 04 4C 00 00 00 74 FF BD 00 1B 12 34 00 EA C2 00 00 00 D9,1100,1100,116,4660,2026-07-30 23:24:29.492,234,-67,27,
FF FF FF FF 00 25 00 FE 20 01 01 02 00 00 04 4C 00 00 04 4C 00 00 00 6A FF B7 00 17 12 34 00 EB C6 00 00 00 C7,1100,1100,106,4660,2026-07-30 23:24:29.581,235,-73,23,
FF FF FF FF 00 25 00 FF 20 01 01 02 00 00 04 4C 00 00 04 4C 00 00 00 64 FF B2 00 10 12 34 00 EC C8 00 00 00 C3,1100,1100,100,4660,2026-07-30 23:24:29.687,236,-78,16,
FF FF FF FF 00 25 01 00 20 01 01 02 00 00 04 4C 00 00 04 4C 00 00 00 5F FF AF 00 0F 12 34 00 ED C8 00 00 00 05,1100,1100,95,4660,2026-07-30 23:24:29.784,237,-81,15,
FF FF FF FF 00 25 01 01 20 01 01 02 00 00 04 4C 00 00 04 4C 00 00 00 65 FF B5 00 0D 12 34 00 EE C4 00 00 00 29,1100,1100,101,4660,2026-07-30 23:24:29.889,238,-75,13,
FF FF FF FF 00 25 01 02 20 01 01 02 00 00 04 4C 00 00 04 4C 00 00 00 62 FF B1 00 1B 12 34 00 EF C0 00 00 00 3A,1100,1100,98,4660,2026-07-30 23:24:29.990,239,-79,27,
FF FF FF FF 00 25 01 03 20 01 01 02 00 00 04 4C 00 00 04 4C 00 00 00 66 FF B2 00 13 12 34 00 F0 C5 00 00 00 2E,1100,1100,102,4660,2026-07-30 23:24:30.085,240,-78,19,
FF FF FF FF 00 25 01 04 20 01 01 02 00 00 04 4C 00 00 04 4C 00 00 00 60 FF B1 00 10 12 34 00 F1 C5 00 00 00 2E,1100,1100,96,4660,2026-07-30 23:24:30.191,241,-79,16,
FF FF FF FF 00 25 01 05 20 01 01 02 00 00 04 4C 00 00 04 4C 00 00 00 59 FF AE 00 10 12 34 00 F2 C9 00 00 00 06,1100,1100,89,4660,2026-07-30 23:24:30.284,242,-82,16,
FF FF FF FF 00 25 01 06 20 01 01 02 00 00 04 4C 00 00 04 4C 00 00 00 53 FF AC 00 10 12 34 00 F3 C8 00 00 00 0D,1100,1100,83,4660,2026-07-30 23:24:30.389,243,-84,16,
FF FF FF FF 00 25 01 07 20 01 01 02 00 00 04 4C 00 00 04 4C 00 00 00 51 FF AB 00 10 12 34 00 F4 C9 00 00 00 0F,1100,1100,81,4660,2026-07-30 23:24:30.490,244,-85,16,
FF FF FF FF 00 25 01 08 20 01 01 02 00 00 04 4C 00 00 04 4C 00 00 00 52 FF A9 00 1D 12 34 00 F5 C3 00 00 00 07,1100,1100,82,4660,2026-07-30 23:24:30.585,245,-87,29,
FF FF FF FF 00 25 01 09 20 01 01 02 00 00 04 4C 00 00 04 4C 00 00 00 51 FF C6 00 24 12 34 00 F6 C4 00 00 00 57,1100,1100,81,4660,2026-07-30 23:24:30.683,246,-58,36,
FF FF FF FF 00 25 01 0A 20 01 01 02 00 00 04 4C 00 00 04 4C 00 00 00 4F FF BD 00 20 12 34 00 F7 C7 00 00 00 37,1100,1100,79,4660,2026-07-30 23:24:30.780,247,-67,32,
FF FF FF FF 00 25 01 0B 20 01 01 02 00 00 04 4C 00 00 04 4C 00 00 00 52 FF B7 00 19 12 34 00 F8 CA 00 00 00 1A,1100,1100,82,4660,2026-07-30 23:24:30.883,248,-73,25,
FF FF FF FF 00 25 01 0C 20 01 01 02 00 00 04 4C 00 00 04 4C 00 00 00 55 FF B3 00 17 12 34 00 F9 C8 00 00 00 13,1100,1100,85,4660,2026-07-30 23:24:30.985,249,-77,23,
FF FF FF FF 00 25 01 0D 20 01 01 02 00 00 04 4C 00 00 04 4C 00 00 00 59 FF D0 00 19 12 34 00 FA C7 00 00 00 7F,1100,1100,89,4660,2026-07-30 23:24:31.080,250,-48,25,
FF FF FF FF 00 25 01 0E 20 01 01 02 00 00 04 4C 00 00 04 4C 00 00 00 5B FF DD 00 2A 12 34 00 FB C3 00 00 00 45,1100,1100,91,4660,2026-07-30 23:24:31.184,251,-35,42,
FF FF FF FF 00 25 01 0F 20 01 01 02 00 00 04 4C 00 00 04 4C 00 00 00 5E FF F0 00 26 12 34 00 FC C7 00 00 00 63,1100,1100,94,4660,2026-07-30 23:24:31.287,252,-16,38,
FF FF FF FF 00 25 01 10 20 01 01 02 00 00 04 4C 00 00 04 4C 00 00 00 5E 00 00 00 20 12 34 00 FD C5 00 00 00 76,1100,1100,94,4660,2026-07-30 23:24:31.381,253,0,32,
FF FF FF FF 00 25 01 11 20 01 01 02 00 00 04 4C 00 00 04 4C 00 00 00 60 00 10 00 19 12 34 00 FE C6 00 00 00 60,1100,1100,96,4660,2026-07-30 23:24:31.482,254,16,25,
FF FF FF FF 00 25 01 12 20 01 01 02 00 00 04 4C 00 00 04 4C 00 00 00 61 00 1D 00 15 12 34 00 FF C4 00 00 00 60,1100,1100,97,4660,2026-07-30 23:24:31.581,255,29,21,
FF FF FF FF 00 25 01 13 20 01 01 02 00 00 04 4C 00 00 04 4C 00 00 00 64 00 27 00 13 12 34 01 00 C5 00 00 00 A7,1100,1100,100,4660,2026-07-30 23:24:31.690,256,39,19,
FF FF FF FF 00 25 01 14 20 01 01 02 00 00 04 4C 00 00 04 4C 00 00 00 65 00 2E 00 10 12 34 01 01 C6 00 00 00 A9,1100,1100,101,4660,2026-07-30 23:24:31.787,257,46,16,
FF FF FF FF 00 25 01 15 20 01 01 02 00 00 04 4C 00 00 04 4C 00 00 00 66 00 3A 00 0E 12 34 01 02 C4 00 00 00 A0,1100,1100,102,4660,2026-07-30 23:24:31.888,258,58,14,
FF FF FF FF 00 25 01 16 20 01 01 02 00 00 04 4C 00 00 04 4C 00 00 00 63 00 42 00 0C 12 34 01 03 C7 00 00 00 DE,1100,1100,99,4660,2026-07-30 23:24:31.985,259,66,12,
FF FF FF FF 00 25 01 17 20 01 01 02 00 00 04 4C 00 00 04 4C 00 00 00 65 00 49 00 0A 12 34 01 04 C3 00 00 00 D7,1100,1100,101,4660,2026-07-30 23:24:32.086,260,73,10,
FF FF FF FF 00 25 01 18 20 01 01 02 00 00 04 4C 00 00 04 4C 00 00 00 68 00 4D 00 0B 12 34 01 05 C3 00 00 00 D1,1100,1100,104,4660,2026-07-30 23:24:32.190,261,77,11,
FF FF FF FF 00 25 01 19 20 01 01 02 00 00 04 4C 00 00 04 4C 00 00 00 69 00 50 00 0C 12 34 01 06 C3 00 00 00 C8,1100,1100,105,4660,2026-07-30 23:24:32.288,262,80,12,
FF FF FF FF 00 25 01 1A 20 01 01 02 00 00 04 4C 00 00 04 4C 00 00 00 6A 00 53 00 0B 12 34 01 07 C5 00 00 00 CB,1100,1100,106,4660,2026-07-30 23:24:32.385,263,83,11,
FF FF FF FF 00 25 01 1B 20 01 01 02 00 00 04 4C 00 00 04 4C 00 00 00 6B 00 55 00 0B 12 34 01 08 C4 00 00 00 C3,1100,1100,107,4660,2026-07-30 23:24:32.487,264,85,11,
FF FF FF FF 00 25 01 1C 20 01 01 02 00 00 04 4C 00 00 04 4C 00 00 00 70 00 56 00 0A 12 34 01 09 C3 00 00 00 DB,1100,1100,112,4660,2026-07-30 23:24:32.585,265,86,10,
FF FF FF FF 00 25 01 1D 20 01 01 02 00 00 04 4C 00 00 04 4C 00 00 00 75 00 4F 00 09 12 34 01 0A C7 00 00 00 C2,1100,1100,117,4660,2026-07-30 23:24:32.682,266,79,9,
FF FF FF FF 00 25 01 1E 20 01 01 02 00 00 04 4C 00 00 04 4C 00 00 00 73 00 52 00 09 12 34 01 0B C3 00 00 00 DF,1100,1100,115,4660,2026-07-30 23:24:32.785,267,82,9,
FF FF FF FF 00 25 01 1F 20 01 01 02 00 00 04 4C 00 00 04 4C 00 00 00 72 00 54 00 09 12 34 01 0C C2 00 00 00 DF,1100,1100,114,4660,2026-07-30 23:24:32.884,268,84,9,
FF FF FF FF 00 25 01 20 20 01 01 02 00 00 04 4C 00 00 04 4C 00 00 00 6A 00 56 00 0A 12 34 01 0D C3 00 00 00 F9,1100,1100,106,4660,2026-07-30 23:24:32.981,269,86,10,
FF FF FF FF 00 25 01 21 20 01 01 02 00 00 04 4C 00 00 04 4C 00 00 00 6E 00 4D 00 0A 12 34 01 0E C7 00 00 00 E0,1100,1100,110,4660,2026-07-30 23:24:33.086,270,77,10,
FF FF FF FF 00 25 01 22 20 01 01 02 00 00 04 4C 00 00 04 4C 00 00 00 6F 00 4C 00 09 12 34 01 0F C6 00 00 00 E0,1100,1100,111,4660,2026-07-30 23:24:33.184,271,76,9,
FF FF FF FF 00 25 01 23 20 01 01 02 00 00 04 4C 00 00 04 4C 00 00 00 70 00 4F 00 0B 12 34 01 10 C6 00 00 00 E0,1100,1100,112,4660,2026-07-30 23:24:33.278,272,79,11,
FF FF FF FF 00 25 01 24 20 01 01 02 00 00 04 4C 00 00 04 4C 00 00 00 6C 00 52 00 0C 12 34 01 11 C2 00 00 00 E4,1100,1100,108,4660,2026-07-30 23:24:33.379,273,82,12,
FF FF FF FF 00 25 01 25 20 01 01 02 00 00 04 4C 00 00 04 4C 00 00 00 69 00 54 00 0B 12 34 01 12 C4 00 00 00 E4,1100,1100,105,4660,2026-07-30 23:24:33.489,274,84,11,
FF FF FF FF 00 25 01 26 20 01 01 02 00 00 04 4C 00 00 04 4C 00 00 00 6A 00 56 00 0C 12 34 01 13 C1 00 00 00 E5,1100,1100,106,4660,2026-07-30 23:24:33.579,275,86,12,
FF FF FF FF 00 25 01 27 20 01 01 02 00 00 04 4C 00 00 04 4C 00 00 00 70 00 55 00 0E 12 34 01 14 C6 00 00 00 FF,1100,1100,112,4660,2026-07-30 23:24:33.687,276,85,14,
FF FF FF FF 00 25 01 28 20 01 01 02 00 00 04 4C 00 00 04 4C 00 00 00 71 00 50 00 0D 12 34 01 15 C2 00 00 00 F2,1100,1100,113,4660,2026-07-30 23:24:33.786,277,80,13,
FF FF FF FF 00 25 01 29 20 01 01 02 00 00 04 4C 00 00 04 4C 00 00 00 73 00 52 00 0E 12 34 01 16 C6 00 00 00 F7,1100,1100,115,4660,2026-07-30 23:24:33.884,278,82,14,
FF FF FF FF 00 25 01 2A 20 01 01 02 00 00 04 4C 00 00 04 4C 00 00 00 77 00 54 00 0E 12 34 01 17 C8 00 00 00 F9,1100,1100,119,4660,2026-07-30 23:24:33.986,279,84,14,
FF FF FF FF 00 25 01 2B 20 01 01 02 00 00 04 4C 00 00 04 4C 00 00 00 7A 00 56 00 0D 12 34 01 18 C7 00 00 00 F4,1100,1100,122,4660,2026-07-30 23:24:34.082,280,86,13,
FF FF FF FF 00 25 01 2C 20 01 01 02 00 00 04 4C 00 00 04 4C 00 00 00 78 00 57 00 0D 12 34 01 19 C5 00 00 00 F3,1100,1100,120,4660,2026-07-30 23:24:34.184,281,87,13,
FF FF FF FF 00 25 01 2D 20 01 01 02 00 00 04 4C 00 00 04 4C 00 00 00 79 00 4F 00 0E 12 34 01 1A C3 00 00 00 ED,1100,1100,121,4660,2026-07-30 23:24:34.286,282,79,14,
FF FF FF FF 00 25 01 2E 20 01 01 02 00 00 04 4C 00 00 04 4C 00 00 00 7B 00 4E 00 0D 12 34 01 1B C8 00 00 00 E4,1100,1100,123,4660,2026-07-30 23:24:34.391,283,78,13,
FF FF FF FF 00 25 01 2F 20 01 01 02 00 00 04 4C 00 00 04 4C 00 00 00 7B 00 51 00 0D 12 34 01 1C C4 00 00 00 F1,1100,1100,123,4660,2026-07-30 23:24:34.478,284,81,13,
FF FF FF FF 00 25 01 30 20 01 01 02 00 00 04 4C 00 00 04 4C 00 00 00 79 00 53 00 0C 12 34 01 1D C3 00 00 00 E9,1100,1100,121,4660,2026-07-30 23:24:34.590,285,83,12,
FF FF FF FF 00 25 01 31 20 01 01 02 00 00 04 4C 00 00 04 4C 00 00 00 7C 00 55 00 0D 12 34 01 1E C7 00 00 00 ED,1100,1100,124,4660,2026-07-30 23:24:34.690,286,85,13,
FF FF FF FF 00 25 01 32 20 01 01 02 00 00 04 4C 00 00 04 4C 00 00 00 81 00 56 00 11 12 34 01 1F C5 00 00 00 0F,1100,1100,129,4660,2026-07-30 23:24:34.784,287,86,17,
FF FF FF FF 00 25 01 33 20 01 01 02 00 00 04 4C 00 00 04 4C 00 00 00 82 00 57 00 12 12 34 01 20 BF 00 00 00 4A,1100,1100,130,4660,2026-07-30 23:24:34.885,288,87,18,
FF FF FF FF 00 25 01 34 20 01 01 02 00 00 04 4C 00 00 04 4C 00 00 00 86 00 46 00 17 12 34 01 21 C0 00 00 00 23,1100,1100,134,4660,2026-07-30 23:24:34.987,289,70,23,
FF FF FF FF 00 25 01 35 20 01 01 02 00 00 04 4C 00 00 04 4C 00 00 00 89 00 27 00 1A 12 34 01 22 BD 00 00 00 3F,1100,1100,137,4660,2026-07-30 23:24:35.083,290,39,26,
FF FF FF FF 00 25 01 36 20 01 01 02 00 00 04 4C 00 00 04 4C 00 00 00 8D 00 35 00 16 12 34 01 23 B3 00 00 00 29,1100,1100,141,4660,2026-07-30 23:24:35.190,291,53,22,
FF FF FF FF 00 25 01 37 20 01 01 02 00 00 04 4C 00 00 04 4C 00 00 00 90 00 25 00 1F 12 34 01 24 B2 00 00 00 2A,1100,1100,144,4660,2026-07-30 23:24:35.281,292,37,31,
FF FF FF FF 00 25 01 38 20 01 01 02 00 00 04 4C 00 00 04 4C 00 00 00 99 00 19 00 1F 12 34 01 25 B2 00 00 00 11,1100,1100,153,4660,2026-07-30 23:24:35.379,293,25,31,
FF FF FF FF 00 25 01 39 20 01 01 02 00 00 04 4C 00 00 04 4C 00 00 00 A2 00 18 00 1F 12 34 01 26 AF 00 00 00 34,1100,1100,162,4660,2026-07-30 23:24:35.488,294,24,31,
FF FF FF FF 00 25 01 3A 20 01 01 02 00 00 04 4C 00 00 04 4C 00 00 00 A3 00 18 00 1F 12 34 01 27 AE 00 00 00 36,1100,1100,163,4660,2026-07-30 23:24:35.580,295,24,31,
FF FF FF FF 00 25 01 3B 20 01 01 02 00 00 04 4C 00 00 04 4C 00 00 00 AA 00 06 00 19 12 34 01 28 AA 00 00 00 2D,1100,1100,170,4660,2026-07-30 23:24:35.688,296,6,25,
FF FF FF FF 00 25 01 3C 20 01 01 02 00 00 04 4C 00 00 04 4C 00 00 00 AE FF F9 00 19 12 34 01 29 AC 00 00 00 29,1100,1100,174,4660,2026-07-30 23:24:35.779,297,-7,25,
FF FF FF FF 00 25 01 3D 20 01 01 02 00 00 04 4C 00 00 04 4C 00 00 00 B1 FF EE 00 17 12 34 01 2A AC 00 00 00 2D,1100,1100,177,4660,2026-07-30 23:24:35.883,298,-18,23,
FF FF FF FF 00 25 02 56 20 01 01 02 00 00 04 4C 00 00 04 4C 00 00 00 57 00 15 FF EE 12 34 01 06 CD 00 00 00 EC,1100,1100,87,4660,2026-07-30 23:25:42.209,262,21,-18,
FF FF FF FF 00 25 02 57 20 01 01 02 00 00 04 4C 00 00 04 4C 00 00 00 5D 00 0E FF F1 12 34 01 07 C7 00 00 00 E8,1100,1100,93,4660,2026-07-30 23:25:42.278,263,14,-15,
FF FF FF FF 00 25 02 58 20 01 01 02 00 00 04 4C 00 00 04 4C 00 00 00 60 00 02 FF F4 12 34 01 08 C9 00 00 00 D2,1100,1100,96,4660,2026-07-30 23:25:42.376,264,2,-12,
FF FF FF FF 00 25 02 59 20 01 01 02 00 00 04 4C 00 00 04 4C 00 00 00 62 FF F9 FF F4 12 34 01 09 CC 00 00 00 D1,1100,1100,98,4660,2026-07-30 23:25:42.473,265,-7,-12,
FF FF FF FF 00 25 02 5A 20 01 01 02 00 00 04 4C 00 00 04 4C 00 00 00 64 FF EF FF F7 12 34 01 0A C9 00 00 00 C7,1100,1100,100,4660,2026-07-30 23:25:42.576,266,-17,-9,
FF FF FF FF 00 25 02 5B 20 01 01 02 00 00 04 4C 00 00 04 4C 00 00 00 68 FF EB FF F7 12 34 01 0B C9 00 00 00 CF,1100,1100,104,4660,2026-07-30 23:25:42.674,267,-21,-9,
FF FF FF FF 00 25 02 5C 20 01 01 02 00 00 04 4C 00 00 04 4C 00 00 00 68 FF E9 FF F5 12 34 01 0C CD 00 00 00 CB,1100,1100,104,4660,2026-07-30 23:25:42.768,268,-23,-11,
FF FF FF FF 00 25 02 5D 20 01 01 02 00 00 04 4C 00 00 04 4C 00 00 00 64 FF EF FF F6 12 34 01 0D C8 00 00 00 C7,1100,1100,100,4660,2026-07-30 23:25:42.881,269,-17,-10,
FF FF FF FF 00 25 02 5E 20 01 01 02 00 00 04 4C 00 00 04 4C 00 00 00 68 FF DD FF F2 12 34 01 0E CD 00 00 00 F8,1100,1100,104,4660,2026-07-30 23:25:42.968,270,-35,-14,
FF FF FF FF 00 25 02 5F 20 01 01 02 00 00 04 4C 00 00 04 4C 00 00 00 6A FF DE FF F7 12 34 01 0F CA 00 00 00 FB,1100,1100,106,4660,2026-07-30 23:25:43.077,271,-34,-9,
FF FF FF FF 00 25 02 60 20 01 01 02 00 00 04 4C 00 00 04 4C 00 00 00 6B FF E1 FF F3 12 34 01 10 CC 00 00 00 E7,1100,1100,107,4660,2026-07-30 23:25:43.174,272,-31,-13,
FF FF FF FF 00 25 02 61 20 01 01 02 00 00 04 4C 00 00 04 4C 00 00 00 6A FF E1 FF F0 12 34 01 11 CB 00 00 00 E2,1100,1100,106,4660,2026-07-30 23:25:43.271,273,-31,-16,
FF FF FF FF 00 25 02 62 20 01 01 02 00 00 04 4C 00 00 04 4C 00 00 00 68 FF EA FF F7 12 34 01 12 CF 00 00 00 E8,1100,1100,104,4660,2026-07-30 23:25:43.375,274,-22,-9,
FF FF FF FF 00 25 02 63 20 01 01 02 00 00 04 4C 00 00 04 4C 00 00 00 6A FF EA FF FB 12 34 01 13 C8 00 00 00 E1,1100,1100,106,4660,2026-07-30 23:25:43.472,275,-22,-5,
FF FF FF FF 00 25 02 64 20 01 01 02 00 00 04 4C 00 00 04 4C 00 00 00 76 FF D8 FF F6 12 34 01 14 C8 00 00 00 C2,1100,1100,118,4660,2026-07-30 23:25:43.571,276,-40,-10,
FF FF FF FF 00 25 02 65 20 01 01 02 00 00 04 4C 00 00 04 4C 00 00 00 73 FF E2 FF F9 12 34 01 15 CD 00 00 00 F7,1100,1100,115,4660,2026-07-30 23:25:43.668,277,-30,-7,
FF FF FF FF 00 25 02 66 20 01 01 02 00 00 04 4C 00 00 04 4C 00 00 00 62 FF E8 FF FB 12 34 01 16 C9 00 00 00 EA,1100,1100,98,4660,2026-07-30 23:25:43.768,278,-24,-5,
FF FF FF FF 00 25 02 67 20 01 01 02 00 00 04 4C 00 00 04 4C 00 00 00 6B FF FD FF F8 12 34 01 17 CC 00 00 00 F0,1100,1100,107,4660,2026-07-30 23:25:43.877,279,-3,-8,
FF FF FF FF 00 25 02 68 20 01 01 02 00 00 04 4C 00 00 04 4C 00 00 00 6D 00 05 FF F7 12 34 01 18 D0 00 00 00 E2,1100,1100,109,4660,2026-07-30 23:25:43.973,280,5,-9,
FF FF FF FF 00 25 02 69 20 01 01 02 00 00 04 4C 00 00 04 4C 00 00 00 69 00 06 FF F8 12 34 01 19 CB 00 00 00 F1,1100,1100,105,4660,2026-07-30 23:25:44.077,281,6,-8,
FF FF FF FF 00 25 02 6A 20 01 01 02 00 00 04 4C 00 00 04 4C 00 00 00 6B FF FC FF E4 12 34 01 1A CA 00 00 00 EB,1100,1100,107,4660,2026-07-30 23:25:44.182,282,-4,-28,
FF FF FF FF 00 25 02 6B 20 01 01 02 00 00 04 4C 00 00 04 4C 00 00 00 67 00 00 FF E8 12 34 01 1B CF 00 00 00 ED,1100,1100,103,4660,2026-07-30 23:25:44.271,283,0,-24,
FF FF FF FF 00 25 02 6C 20 01 01 02 00 00 04 4C 00 00 04 4C 00 00 00 64 00 00 FF EA 12 34 01 1C CC 00 00 00 EF,1100,1100,100,4660,2026-07-30 23:25:44.375,284,0,-22,
FF FF FF FF 00 25 02 6D 20 01 01 02 00 00 04 4C 00 00 04 4C 00 00 00 61 00 07 FF ED 12 34 01 1D CC 00 00 00 EA,1100,1100,97,4660,2026-07-30 23:25:44.480,285,7,-19,
FF FF FF FF 00 25 02 6E 20 01 01 02 00 00 04 4C 00 00 04 4C 00 00 00 5E 00 0B FF EF 12 34 01 1E CC 00 00 00 DB,1100,1100,94,4660,2026-07-30 23:25:44.570,286,11,-17,
FF FF FF FF 00 25 02 6F 20 01 01 02 00 00 04 4C 00 00 04 4C 00 00 00 63 00 0E FF F0 12 34 01 1F CF 00 00 00 FF,1100,1100,99,4660,2026-07-30 23:25:44.674,287,14,-16,
FF FF FF FF 00 25 02 70 20 01 01 02 00 00 04 4C 00 00 04 4C 00 00 00 62 00 0E FF EF 12 34 01 20 CD 00 00 00 C3,1100,1100,98,4660,2026-07-30 23:25:44.777,288,14,-17,
FF FF FF FF 00 25 02 71 20 01 01 02 00 00 04 4C 00 00 04 4C 00 00 00 63 00 11 FF EF 12 34 01 21 CA 00 00 00 DA,1100,1100,99,4660,2026-07-30 23:25:44.875,289,17,-17,
FF FF FF FF 00 25 02 72 20 01 01 02 00 00 04 4C 00 00 04 4C 00 00 00 66 00 15 FF F0 12 34 01 22 C9 00 00 00 C7,1100,1100,102,4660,2026-07-30 23:25:44.980,290,21,-16,
FF FF FF FF 00 25 02 73 20 01 01 02 00 00 04 4C 00 00 04 4C 00 00 00 5E 00 15 FF F0 12 34 01 23 CE 00 00 00 F8,1100,1100,94,4660,2026-07-30 23:25:45.070,291,21,-16,
FF FF FF FF 00 25 02 74 20 01 01 02 00 00 04 4C 00 00 04 4C 00 00 00 5D 00 13 FF EF 12 34 01 24 CE 00 00 00 E2,1100,1100,93,4660,2026-07-30 23:25:45.171,292,19,-17,
FF FF FF FF 00 25 02 75 20 01 01 02 00 00 04 4C 00 00 04 4C 00 00 00 5B 00 13 FF EE 12 34 01 25 CD 00 00 00 E6,1100,1100,91,4660,2026-07-30 23:25:45.272,293,19,-18,
FF FF FF FF 00 25 02 76 20 01 01 02 00 00 04 4C 00 00 04 4C 00 00 00 5C 00 16 FF EE 12 34 01 26 C8 00 00 00 E1,1100,1100,92,4660,2026-07-30 23:25:45.375,294,22,-18,
FF FF FF FF 00 25 02 77 20 01 01 02 00 00 04 4C 00 00 04 4C 00 00 00 5F 00 19 FF EE 12 34 01 27 C7 00 00 00 E2,1100,1100,95,4660,2026-07-30 23:25:45.466,295,25,-18,
FF FF FF FF 00 25 02 78 20 01 01 02 00 00 04 4C 00 00 04 4C 00 00 00 60 00 17 FF EE 12 34 01 28 CC 00 00 00 D8,1100,1100,96,4660,2026-07-30 23:25:45.570,296,23,-18,
FF FF FF FF 00 25 02 79 20 01 01 02 00 00 04 4C 00 00 04 4C 00 00 00 5B 00 13 FF ED 12 34 01 29 CE 00 00 00 E6,1100,1100,91,4660,2026-07-30 23:25:45.669,297,19,-19,
FF FF FF FF 00 25 02 7A 20 01 01 02 00 00 04 4C 00 00 04 4C 00 00 00 56 00 11 FF EC 12 34 01 2A CA 00 00 00 EC,1100,1100,86,4660,2026-07-30 23:25:45.779,298,17,-20,
FF FF FF FF 00 25 02 7B 20 01 01 02 00 00 04 4C 00 00 04 4C 00 00 00 50 00 11 FF EB 12 34 01 2B C5 00 00 00 E2,1100,1100,80,4660,2026-07-30 23:25:45.869,299,17,-21,
FF FF FF FF 00 25 02 7C 20 01 01 02 00 00 04 4C 00 00 04 4C 00 00 00 4C 00 10 FF EB 12 34 01 2C C5 00 00 00 FF,1100,1100,76,4660,2026-07-30 23:25:45.980,300,16,-21,
FF FF FF FF 00 25 02 7D 20 01 01 02 00 00 04 4C 00 00 04 4C 00 00 00 4C 00 0E FF EB 12 34 01 2D CA 00 00 00 EE,1100,1100,76,4660,2026-07-30 23:25:46.077,301,14,-21,
FF FF FF FF 00 25 02 7E 20 01 01 02 00 00 04 4C 00 00 04 4C 00 00 00 4C 00 0D FF EC 12 34 01 2E CC 00 00 00 EC,1100,1100,76,4660,2026-07-30 23:25:46.169,302,13,-20,
FF FF FF FF 00 25 02 7F 20 01 01 02 00 00 04 4C 00 00 04 4C 00 00 00 4D 00 0C FF EE 12 34 01 2F CA 00 00 00 E8,1100,1100,77,4660,2026-07-30 23:25:46.272,303,12,-18,
FF FF FF FF 00 25 02 80 20 01 01 02 00 00 04 4C 00 00 04 4C 00 00 00 51 00 0D FF F2 12 34 01 30 C7 00 00 00 04,1100,1100,81,4660,2026-07-30 23:25:46.368,304,13,-14,
FF FF FF FF 00 25 02 81 20 01 01 02 00 00 04 4C 00 00 04 4C 00 00 00 59 00 0E FF F3 12 34 01 31 C9 00 00 00 00,1100,1100,89,4660,2026-07-30 23:25:46.466,305,14,-13,
FF FF FF FF 00 25 02 82 20 01 01 02 00 00 04 4C 00 00 04 4C 00 00 00 59 00 0E FF F2 12 34 01 32 CA 00 00 00 02,1100,1100,89,4660,2026-07-30 23:25:46.577,306,14,-14,
FF FF FF FF 00 25 02 83 20 01 01 02 00 00 04 4C 00 00 04 4C 00 00 00 58 00 0F FF F1 12 34 01 33 CC 00 00 00 07,1100,1100,88,4660,2026-07-30 23:25:46.676,307,15,-15,
FF FF FF FF 00 25 02 84 20 01 01 02 00 00 04 4C 00 00 04 4C 00 00 00 59 00 10 FF F1 12 34 01 34 CC 00 00 00 19,1100,1100,89,4660,2026-07-30 23:25:46.779,308,16,-15,
FF FF FF FF 00 25 02 85 20 01 01 02 00 00 04 4C 00 00 04 4C 00 00 00 5E 00 1D FF F0 12 34 01 35 CC 00 00 00 12,1100,1100,94,4660,2026-07-30 23:25:46.871,309,29,-16,
FF FF FF FF 00 25 02 86 20 01 01 02 00 00 04 4C 00 00 04 4C 00 00 00 61 00 23 FF F0 12 34 01 36 CB 00 00 00 14,1100,1100,97,4660,2026-07-30 23:25:46.981,310,35,-16,
FF FF FF FF 00 25 02 87 20 01 01 02 00 00 04 4C 00 00 04 4C 00 00 00 6C 00 0F FF FC 12 34 01 37 C7 00 00 00 35,1100,1100,108,4660,2026-07-30 23:25:47.077,311,15,-4,
FF FF FF FF 00 25 02 88 20 01 01 02 00 00 04 4C 00 00 04 4C 00 00 00 6C 00 23 FF F3 12 34 01 38 CB 00 00 00 1A,1100,1100,108,4660,2026-07-30 23:25:47.166,312,35,-13,
FF FF FF FF 00 25 02 89 20 01 01 02 00 00 04 4C 00 00 04 4C 00 00 00 67 00 16 FF F4 12 34 01 39 CB 00 00 00 23,1100,1100,103,4660,2026-07-30 23:25:47.267,313,22,-12,
FF FF FF FF 00 25 02 8A 20 01 01 02 00 00 04 4C 00 00 04 4C 00 00 00 6B 00 09 FF F4 12 34 01 3A CD 00 00 00 36,1100,1100,107,4660,2026-07-30 23:25:47.377,314,9,-12,
FF FF FF FF 00 25 02 8B 20 01 01 02 00 00 04 4C 00 00 04 4C 00 00 00 66 00 03 FF F7 12 34 01 3B CA 00 00 00 35,1100,1100,102,4660,2026-07-30 23:25:47.465,315,3,-9,
FF FF FF FF 00 25 02 8C 20 01 01 02 00 00 04 4C 00 00 04 4C 00 00 00 67 FF FE FF FB 12 34 01 3C CD 00 00 00 3D,1100,1100,103,4660,2026-07-30 23:25:47.568,316,-2,-5,
FF FF FF FF 00 25 02 8D 20 01 01 02 00 00 04 4C 00 00 04 4C 00 00 00 66 FF FD FF FF 12 34 01 3D CD 00 00 00 3B,1100,1100,102,4660,2026-07-30 23:25:47.671,317,-3,-1,
FF FF FF FF 00 25 02 8E 20 01 01 02 00 00 04 4C 00 00 04 4C 00 00 00 5F FF FE FF FE 12 34 01 3E CE 00 00 00 03,1100,1100,95,4660,2026-07-30 23:25:47.771,318,-2,-2,
FF FF FF FF 00 25 02 8F 20 01 01 02 00 00 04 4C 00 00 04 4C 00 00 00 5F 00 05 FF FA 12 34 01 3F CE 00 00 00 03,1100,1100,95,4660,2026-07-30 23:25:47.868,319,5,-6,
FF FF FF FF 00 25 02 90 20 01 01 02 00 00 04 4C 00 00 04 4C 00 00 00 5D 00 03 FF FA 12 34 01 40 CF 00 00 00 66,1100,1100,93,4660,2026-07-30 23:25:47.980,320,3,-6,
FF FF FF FF 00 25 02 91 20 01 01 02 00 00 04 4C 00 00 04 4C 00 00 00 5C 00 01 00 06 12 34 01 41 D3 00 00 00 7A,1100,1100,92,4660,2026-07-30 23:25:48.070,321,1,6,
FF FF FF FF 00 25 02 92 20 01 01 02 00 00 04 4C 00 00 04 4C 00 00 00 58 FF F0 00 00 12 34 01 42 CB 00 00 00 6E,1100,1100,88,4660,2026-07-30 23:25:48.167,322,-16,0,
FF FF FF FF 00 25 02 93 20 01 01 02 00 00 04 4C 00 00 04 4C 00 00 00 57 FF EF 00 08 12 34 01 43 D1 00 00 00 6C,1100,1100,87,4660,2026-07-30 23:25:48.271,323,-17,8,
FF FF FF FF 00 25 02 94 20 01 01 02 00 00 04 4C 00 00 04 4C 00 00 00 53 FF EB 00 0A 12 34 01 44 C9 00 00 00 76,1100,1100,83,4660,2026-07-30 23:25:48.381,324,-21,10,
FF FF FF FF 00 25 02 95 20 01 01 02 00 00 04 4C 00 00 04 4C 00 00 00 50 FF EA 00 10 12 34 01 45 CD 00 00 00 6A,1100,1100,80,4660,2026-07-30 23:25:48.476,325,-22,16,
FF FF FF FF 00 25 02 96 20 01 01 02 00 00 04 4C 00 00 04 4C 00 00 00 50 FF EA 00 14 12 34 01 46 CD 00 00 00 6E,1100,1100,80,4660,2026-07-30 23:25:48.576,326,-22,20,
FF FF FF FF 00 25 02 97 20 01 01 02 00 00 04 4C 00 00 04 4C 00 00 00 50 FF E7 00 16 12 34 01 47 CA 00 00 00 66,1100,1100,80,4660,2026-07-30 23:25:48.674,327,-25,22,
FF FF FF FF 00 25 02 98 20 01 01 02 00 00 04 4C 00 00 04 4C 00 00 00 53 FF E4 00 17 12 34 01 48 CE 00 00 00 63,1100,1100,83,4660,2026-07-30 23:25:48.778,328,-28,23,
FF FF FF FF 00 25 02 99 20 01 01 02 00 00 04 4C 00 00 04 4C 00 00 00 54 FF E3 00 18 12 34 01 49 CE 00 00 00 6C,1100,1100,84,4660,2026-07-30 23:25:48.871,329,-29,24,
FF FF FF FF 00 25 02 9A 20 01 01 02 00 00 04 4C 00 00 04 4C 00 00 00 52 FF E2 00 19 12 34 01 4A CE 00 00 00 6A,1100,1100,82,4660,2026-07-30 23:25:48.965,330,-30,25,
FF FF FF FF 00 25 02 9B 20 01 01 02 00 00 04 4C 00 00 04 4C 00 00 00 50 FF E2 00 19 12 34 01 4B CD 00 00 00 6B,1100,1100,80,4660,2026-07-30 23:25:49.069,331,-30,25,
FF FF FF FF 00 25 02 A0 20 01 01 02 00 00 04 4C 00 00 04 4C 00 00 00 54 FF DF 00 19 12 34 01 50 CF 00 00 00 70,1100,1100,84,4660,2026-07-30 23:25:49.579,336,-33,25,
FF FF FF FF 00 25 02 A1 20 01 01 02 00 00 04 4C 00 00 04 4C 00 00 00 56 FF DE 00 18 12 34 01 51 CE 00 00 00 73,1100,1100,86,4660,2026-07-30 23:25:49.674,337,-34,24,
FF FF FF FF 00 25 02 A2 20 01 01 02 00 00 04 4C 00 00 04 4C 00 00 00 58 FF DD 00 18 12 34 01 52 CE 00 00 00 7E,1100,1100,88,4660,2026-07-30 23:25:49.775,338,-35,24,
FF FF FF FF 00 25 02 A3 20 01 01 02 00 00 04 4C 00 00 04 4C 00 00 00 57 FF DD 00 19 12 34 01 53 CF 00 00 00 71,1100,1100,87,4660,2026-07-30 23:25:49.868,339,-35,25,
FF FF FF FF 00 25 02 A4 20 01 01 02 00 00 04 4C 00 00 04 4C 00 00 00 55 FF DF 00 19 12 34 01 54 CF 00 00 00 71,1100,1100,85,4660,2026-07-30 23:25:49.980,340,-33,25,
FF FF FF FF 00 25 02 A5 20 01 01 02 00 00 04 4C 00 00 04 4C 00 00 00 55 FF DF 00 19 12 34 01 55 CE 00 00 00 70,1100,1100,85,4660,2026-07-30 23:25:50.069,341,-33,25,
FF FF FF FF 00 25 02 A6 20 01 01 02 00 00 04 4C 00 00 04 4C 00 00 00 57 FF DE 00 18 12 34 01 56 CE 00 00 00 72,1100,1100,87,4660,2026-07-30 23:25:50.168,342,-34,24,
FF FF FF FF 00 25 02 A7 20 01 01 02 00 00 04 4C 00 00 04 4C 00 00 00 59 FF DD 00 18 12 34 01 57 CF 00 00 00 7E,1100,1100,89,4660,2026-07-30 23:25:50.276,343,-35,24,
FF FF FF FF 00 25 02 A8 20 01 01 02 00 00 04 4C 00 00 04 4C 00 00 00 58 FF DD 00 18 12 34 01 58 CE 00 00 00 7E,1100,1100,88,4660,2026-07-30 23:25:50.375,344,-35,24,
FF FF FF FF 00 25 02 A9 20 01 01 02 00 00 04 4C 00 00 04 4C 00 00 00 56 FF DF 00 18 12 34 01 59 CF 00 00 00 73,1100,1100,86,4660,2026-07-30 23:25:50.473,345,-33,24,
FF FF FF FF 00 25 02 AA 20 01 01 02 00 00 04 4C 00 00 04 4C 00 00 00 55 FF E0 00 19 12 34 01 5A CF 00 00 00 4E,1100,1100,85,4660,2026-07-30 23:25:50.570,346,-32,25,
FF FF FF FF 00 25 02 AB 20 01 01 02 00 00 04 4C 00 00 04 4C 00 00 00 56 FF E0 00 19 12 34 01 5B CC 00 00 00 4E,1100,1100,86,4660,2026-07-30 23:25:50.674,347,-32,25,
FF FF FF FF 00 25 02 AC 20 01 01 02 00 00 04 4C 00 00 04 4C 00 00 00 59 FF DE 00 18 12 34 01 5C CC 00 00 00 7E,1100,1100,89,4660,2026-07-30 23:25:50.771,348,-34,24,
FF FF FF FF 00 25 02 AD 20 01 01 02 00 00 04 4C 00 00 04 4C 00 00 00 5A FF DD 00 17 12 34 01 5D CC 00 00 00 71,1100,1100,90,4660,2026-07-30 23:25:50.875,349,-35,23,
FF FF FF FF 00 25 02 AE 20 01 01 02 00 00 04 4C 00 00 04 4C 00 00 00 58 FF DD 00 17 12 34 01 5E CD 00 00 00 72,1100,1100,88,4660,2026-07-30 23:25:50.980,350,-35,23,
FF FF FF FF 00 25 02 AF 20 01 01 02 00 00 04 4C 00 00 04 4C 00 00 00 54 FF E0 00 16 12 34 01 5F CE 00 00 00 41,1100,1100,84,4660,2026-07-30 23:25:51.077,351,-32,22,
FF FF FF FF 00 25 02 B0 20 01 01 02 00 00 04 4C 00 00 04 4C 00 00 00 52 FF E2 00 16 12 34 01 60 CF 00 00 00 64,1100,1100,82,4660,2026-07-30 23:25:51.180,352,-30,22,
FF FF FF FF 00 25 02 B1 20 01 01 02 00 00 04 4C 00 00 04 4C 00 00 00 52 FF E2 00 15 12 34 01 61 CD 00 00 00 65,1100,1100,82,4660,2026-07-30 23:25:51.270,353,-30,21,
FF FF FF FF 00 25 02 B2 20 01 01 02 00 00 04 4C 00 00 04 4C 00 00 00 53 FF E1 00 15 12 34 01 62 CE 00 00 00 64,1100,1100,83,4660,2026-07-30 23:25:51.375,354,-31,21,
FF FF FF FF 00 25 02 B3 20 01 01 02 00 00 04 4C 00 00 04 4C 00 00 00 55 FF E1 00 14 12 34 01 63 CE 00 00 00 63,1100,1100,85,4660,2026-07-30 23:25:51.476,355,-31,20,
FF FF FF FF 00 25 02 B4 20 01 01 02 00 00 04 4C 00 00 04 4C 00 00 00 54 FF E0 00 13 12 34 01 64 CD 00 00 00 67,1100,1100,84,4660,2026-07-30 23:25:51.581,356,-32,19,
FF FF FF FF 00 25 02 B5 20 01 01 02 00 00 04 4C 00 00 04 4C 00 00 00 52 FF E1 00 14 12 34 01 65 CE 00 00 00 64,1100,1100,82,4660,2026-07-30 23:25:51.672,357,-31,20,
FF FF FF FF 00 25 02 B6 20 01 01 02 00 00 04 4C 00 00 04 4C 00 00 00 51 FF E1 00 14 12 34 01 66 CC 00 00 00 65,1100,1100,81,4660,2026-07-30 23:25:51.776,358,-31,20,
FF FF FF FF 00 25 02 B7 20 01 01 02 00 00 04 4C 00 00 04 4C 00 00 00 50 FF E2 00 14 12 34 01 67 CE 00 00 00 65,1100,1100,80,4660,2026-07-30 23:25:51.875,359,-30,20,
FF FF FF FF 00 25 02 B8 20 01 01 02 00 00 04 4C 00 00 04 4C 00 00 00 52 FF E1 00 14 12 34 01 68 CC 00 00 00 66,1100,1100,82,4660,2026-07-30 23:25:51.966,360,-31,20,
FF FF FF FF 00 25 02 B9 20 01 01 02 00 00 04 4C 00 00 04 4C 00 00 00 52 FF E0 00 14 12 34 01 69 CC 00 00 00 67,1100,1100,82,4660,2026-07-30 23:25:52.076,361,-32,20,
FF FF FF FF 00 25 02 BA 20 01 01 02 00 00 04 4C 00 00 04 4C 00 00 00 52 FF E1 00 14 12 34 01 6A CD 00 00 00 67,1100,1100,82,4660,2026-07-30 23:25:52.174,362,-31,20,
FF FF FF FF 00 25 02 BB 20 01 01 02 00 00 04 4C 00 00 04 4C 00 00 00 50 FF E2 00 14 12 34 01 6B CC 00 00 00 67,1100,1100,80,4660,2026-07-30 23:25:52.268,363,-30,20,
FF FF FF FF 00 25 02 BC 20 01 01 02 00 00 04 4C 00 00 04 4C 00 00 00 50 FF E2 00 14 12 34 01 6C CC 00 00 00 67,1100,1100,80,4660,2026-07-30 23:25:52.368,364,-30,20,
FF FF FF FF 00 25 02 BD 20 01 01 02 00 00 04 4C 00 00 04 4C 00 00 00 4F FF E2 00 14 12 34 01 6D CC 00 00 00 78,1100,1100,79,4660,2026-07-30 23:25:52.465,365,-30,20,
FF FF FF FF 00 25 02 BE 20 01 01 02 00 00 04 4C 00 00 04 4C 00 00 00 4F FF E1 00 14 12 34 01 6E CB 00 00 00 7C,1100,1100,79,4660,2026-07-30 23:25:52.576,366,-31,20,
FF FF FF FF 00 25 02 BF 20 01 01 02 00 00 04 4C 00 00 04 4C 00 00 00 4E FF E2 00 14 12 34 01 6F CD 00 00 00 78,1100,1100,78,4660,2026-07-30 23:25:52.667,367,-30,20,
FF FF FF FF 00 25 02 C0 20 01 01 02 00 00 04 4C 00 00 04 4C 00 00 00 4D FF E3 00 14 12 34 01 70 CB 00 00 00 1C,1100,1100,77,4660,2026-07-30 23:25:52.768,368,-29,20,
FF FF FF FF 00 25 02 C1 20 01 01 02 00 00 04 4C 00 00 04 4C 00 00 00 4C FF E4 00 14 12 34 01 71 CC 00 00 00 1D,1100,1100,76,4660,2026-07-30 23:25:52.871,369,-28,20,
FF FF FF FF 00 25 02 C2 20 01 01 02 00 00 04 4C 00 00 04 4C 00 00 00 4C FF E4 00 14 12 34 01 72 CC 00 00 00 1D,1100,1100,76,4660,2026-07-30 23:25:52.972,370,-28,20,
FF FF FF FF 00 25 02 C3 20 01 01 02 00 00 04 4C 00 00 04 4C 00 00 00 4C FF E4 00 14 12 34 01 73 CC 00 00 00 1D,1100,1100,76,4660,2026-07-30 23:25:53.069,371,-28,20,
FF FF FF FF 00 25 02 C4 20 01 01 02 00 00 04 4C 00 00 04 4C 00 00 00 4B FF E5 00 14 12 34 01 74 CD 00 00 00 1A,1100,1100,75,4660,2026-07-30 23:25:53.167,372,-27,20,
FF FF FF FF 00 25 02 C5 20 01 01 02 00 00 04 4C 00 00 04 4C 00 00 00 4B FF E6 00 14 12 34 01 75 CD 00 00 00 19,1100,1100,75,4660,2026-07-30 23:25:53.274,373,-26,20,
FF FF FF FF 00 25 02 C6 20 01 01 02 00 00 04 4C 00 00 04 4C 00 00 00 4B FF E7 00 15 12 34 01 76 CE 00 00 00 1A,1100,1100,75,4660,2026-07-30 23:25:53.368,374,-25,21,
FF FF FF FF 00 25 02 C7 20 01 01 02 00 00 04 4C 00 00 04 4C 00 00 00 4B FF E8 00 14 12 34 01 77 CD 00 00 00 17,1100,1100,75,4660,2026-07-30 23:25:53.472,375,-24,20,
FF FF FF FF 00 25 02 C8 20 01 01 02 00 00 04 4C 00 00 04 4C 00 00 00 4A FF E8 00 15 12 34 01 78 CE 00 00 00 14,1100,1100,74,4660,2026-07-30 23:25:53.577,376,-24,21,
FF FF FF FF 00 25 02 C9 20 01 01 02 00 00 04 4C 00 00 04 4C 00 00 00 4A FF E8 00 14 12 34 01 79 CC 00 00 00 17,1100,1100,74,4660,2026-07-30 23:25:53.678,377,-24,20,
FF FF FF FF 00 25 02 CA 20 01 01 02 00 00 04 4C 00 00 04 4C 00 00 00 4B FF E9 00 15 12 34 01 7A CE 00 00 00 14,1100,1100,75,4660,2026-07-30 23:25:53.779,378,-23,21,
FF FF FF FF 00 25 02 CB 20 01 01 02 00 00 04 4C 00 00 04 4C 00 00 00 4A FF EA 00 15 12 34 01 7B CF 00 00 00 17,1100,1100,74,4660,2026-07-30 23:25:53.871,379,-22,21,
FF FF FF FF 00 25 02 CC 20 01 01 02 00 00 04 4C 00 00 04 4C 00 00 00 4B FF EA 00 15 12 34 01 7C CD 00 00 00 14,1100,1100,75,4660,2026-07-30 23:25:53.971,380,-22,21,
FF FF FF FF 00 25 02 CD 20 01 01 02 00 00 04 4C 00 00 04 4C 00 00 00 4B FF EB 00 15 12 34 01 7D CE 00 00 00 16,1100,1100,75,4660,2026-07-30 23:25:54.070,381,-21,21,
FF FF FF FF 00 25 02 CE 20 01 01 02 00 00 04 4C 00 00 04 4C 00 00 00 4A FF EA 00 15 12 34 01 7E CF 00 00 00 17,1100,1100,74,4660,2026-07-30 23:25:54.174,382,-22,21,
FF FF FF FF 00 25 02 CF 20 01 01 02 00 00 04 4C 00 00 04 4C 00 00 00 4A FF EA 00 16 12 34 01 7F CE 00 00 00 15,1100,1100,74,4660,2026-07-30 23:25:54.281,383,-22,22,
FF FF FF FF 00 25 02 D0 20 01 01 02 00 00 04 4C 00 00 04 4C 00 00 00 4A FF EB 00 16 12 34 01 80 CF 00 00 00 F5,1100,1100,74,4660,2026-07-30 23:25:54.368,384,-21,22,
FF FF FF FF 00 25 02 D1 20 01 01 02 00 00 04 4C 00 00 04 4C 00 00 00 4B FF EB 00 16 12 34 01 81 CF 00 00 00 F4,1100,1100,75,4660,2026-07-30 23:25:54.465,385,-21,22,
FF FF FF FF 00 25 02 D2 20 01 01 02 00 00 04 4C 00 00 04 4C 00 00 00 4B FF EC 00 16 12 34 01 82 CE 00 00 00 F2,1100,1100,75,4660,2026-07-30 23:25:54.570,386,-20,22,
FF FF FF FF 00 25 02 D3 20 01 01 02 00 00 04 4C 00 00 04 4C 00 00 00 4C FF EB 00 15 12 34 01 83 CF 00 00 00 F0,1100,1100,76,4660,2026-07-30 23:25:54.667,387,-21,21,
FF FF FF FF 00 25 02 D4 20 01 01 02 00 00 04 4C 00 00 04 4C 00 00 00 4B FF EA 00 15 12 34 01 84 CE 00 00 00 F7,1100,1100,75,4660,2026-07-30 23:25:54.780,388,-22,21,
FF FF FF FF 00 25 02 D5 20 01 01 02 00 00 04 4C 00 00 04 4C 00 00 00 4B FF EA 00 15 12 34 01 85 CD 00 00 00 F4,1100,1100,75,4660,2026-07-30 23:25:54.868,389,-22,21,
FF FF FF FF 00 25 02 D6 20 01 01 02 00 00 04 4C 00 00 04 4C 00 00 00 4C FF EB 00 15 12 34 01 86 CE 00 00 00 F1,1100,1100,76,4660,2026-07-30 23:25:54.966,390,-21,21,
FF FF FF FF 00 25 02 D7 20 01 01 02 00 00 04 4C 00 00 04 4C 00 00 00 4C FF EB 00 15 12 34 01 87 CF 00 00 00 F0,1100,1100,76,4660,2026-07-30 23:25:55.076,391,-21,21,
FF FF FF FF 00 25 02 D8 20 01 01 02 00 00 04 4C 00 00 04 4C 00 00 00 4C FF EB 00 15 12 34 01 88 CF 00 00 00 F0,1100,1100,76,4660,2026-07-30 23:25:55.174,392,-21,21,
FF FF FF FF 00 25 02 D9 20 01 01 02 00 00 04 4C 00 00 04 4C 00 00 00 4C FF EB 00 15 12 34 01 89 CE 00 00 00 F1,1100,1100,76,4660,2026-07-30 23:25:55.278,393,-21,21,
FF FF FF FF 00 25 02 DA 20 01 01 02 00 00 04 4C 00 00 04 4C 00 00 00 4C FF EA 00 14 12 34 01 8A CF 00 00 00 F0,1100,1100,76,4660,2026-07-30 23:25:55.368,394,-22,20,
FF FF FF FF 00 25 02 DB 20 01 01 02 00 00 04 4C 00 00 04 4C 00 00 00 4C FF EB 00 14 12 34 01 8B CD 00 00 00 F3,1100,1100,76,4660,2026-07-30 23:25:55.466,395,-21,20,
FF FF FF FF 00 25 02 DC 20 01 01 02 00 00 04 4C 00 00 04 4C 00 00 00 4C FF EA 00 14 12 34 01 8C CD 00 00 00 F2,1100,1100,76,4660,2026-07-30 23:25:55.576,396,-22,20,
FF FF FF FF 00 25 02 DD 20 01 01 02 00 00 04 4C 00 00 04 4C 00 00 00 4C FF E9 00 13 12 34 01 8D CD 00 00 00 F6,1100,1100,76,4660,2026-07-30 23:25:55.667,397,-23,19,
FF FF FF FF 00 25 02 DE 20 01 01 02 00 00 04 4C 00 00 04 4C 00 00 00 4C FF E8 00 13 12 34 01 8E CD 00 00 00 F7,1100,1100,76,4660,2026-07-30 23:25:55.765,398,-24,19,
FF FF FF FF 00 25 02 DF 20 01 01 02 00 00 04 4C 00 00 04 4C 00 00 00 4C FF E7 00 13 12 34 01 8F CC 00 00 00 F9,1100,1100,76,4660,2026-07-30 23:25:55.868,399,-25,19,
FF FF FF FF 00 25 02 E0 20 01 01 02 00 00 04 4C 00 00 04 4C 00 00 00 4B FF E8 00 12 12 34 01 90 CD 00 00 00 D1,1100,1100,75,4660,2026-07-30 23:25:55.980,400,-24,18,
FF FF FF FF 00 25 02 E1 20 01 01 02 00 00 04 4C 00 00 04 4C 00 00 00 4C FF E9 00 13 12 34 01 91 CE 00 00 00 D5,1100,1100,76,4660,2026-07-30 23:25:56.070,401,-23,19,
FF FF FF FF 00 25 02 E2 20 01 01 02 00 00 04 4C 00 00 04 4C 00 00 00 4D FF E9 00 13 12 34 01 92 CE 00 00 00 D4,1100,1100,77,4660,2026-07-30 23:25:56.173,402,-23,19,
FF FF FF FF 00 25 02 E3 20 01 01 02 00 00 04 4C 00 00 04 4C 00 00 00 4C FF E9 00 12 12 34 01 93 CB 00 00 00 D1,1100,1100,76,4660,2026-07-30 23:25:56.270,403,-23,18,
FF FF FF FF 00 25 02 E4 20 01 01 02 00 00 04 4C 00 00 04 4C 00 00 00 4D FF E9 00 12 12 34 01 94 CC 00 00 00 D7,1100,1100,77,4660,2026-07-30 23:25:56.369,404,-23,18,
FF FF FF FF 00 25 02 E5 20 01 01 02 00 00 04 4C 00 00 04 4C 00 00 00 4C FF EA 00 12 12 34 01 95 D0 00 00 00 C9,1100,1100,76,4660,2026-07-30 23:25:56.466,405,-22,18,
FF FF FF FF 00 25 02 E6 20 01 01 02 00 00 04 4C 00 00 04 4C 00 00 00 4D FF EB 00 11 12 34 01 96 CC 00 00 00 D6,1100,1100,77,4660,2026-07-30 23:25:56.567,406,-21,17,
FF FF FF FF 00 25 02 E7 20 01 01 02 00 00 04 4C 00 00 04 4C 00 00 00 4F FF EC 00 11 12 34 01 97 D0 00 00 00 CF,1100,1100,79,4660,2026-07-30 23:25:56.673,407,-20,17,
FF FF FF FF 00 25 02 E8 20 01 01 02 00 00 04 4C 00 00 04 4C 00 00 00 4F FF ED 00 10 12 34 01 98 CF 00 00 00 D0,1100,1100,79,4660,2026-07-30 23:25:56.778,408,-19,16,
FF FF FF FF 00 25 02 E9 20 01 01 02 00 00 04 4C 00 00 04 4C 00 00 00 50 FF ED 00 0F 12 34 01 99 CE 00 00 00 D1,1100,1100,80,4660,2026-07-30 23:25:56.875,409,-19,15,
FF FF FF FF 00 25 02 EA 20 01 01 02 00 00 04 4C 00 00 04 4C 00 00 00 4F FF EC 00 0E 12 34 01 9A D0 00 00 00 D0,1100,1100,79,4660,2026-07-30 23:25:56.978,410,-20,14,
FF FF FF FF 00 25 02 EB 20 01 01 02 00 00 04 4C 00 00 04 4C 00 00 00 4F FF EC 00 0D 12 34 01 9B CF 00 00 00 CC,1100,1100,79,4660,2026-07-30 23:25:57.070,411,-20,13,
FF FF FF FF 00 25 02 EC 20 01 01 02 00 00 04 4C 00 00 04 4C 00 00 00 4F FF ED 00 0C 12 34 01 9C D0 00 00 00 D3,1100,1100,79,4660,2026-07-30 23:25:57.182,412,-19,12,
FF FF FF FF 00 25 02 ED 20 01 01 02 00 00 04 4C 00 00 04 4C 00 00 00 50 FF ED 00 0A 12 34 01 9D CF 00 00 00 D5,1100,1100,80,4660,2026-07-30 23:25:57.277,413,-19,10,
FF FF FF FF 00 25 02 EE 20 01 01 02 00 00 04 4C 00 00 04 4C 00 00 00 4F FF ED 00 0A 12 34 01 9E D0 00 00 00 D5,1100,1100,79,4660,2026-07-30 23:25:57.375,414,-19,10,
FF FF FF FF 00 25 02 EF 20 01 01 02 00 00 04 4C 00 00 04 4C 00 00 00 50 FF ED 00 0A 12 34 01 9F CF 00 00 00 D5,1100,1100,80,4660,2026-07-30 23:25:57.477,415,-19,10,
FF FF FF FF 00 25 02 F0 20 01 01 02 00 00 04 4C 00 00 04 4C 00 00 00 51 FF EE 00 0B 12 34 01 A0 D1 00 00 00 E8,1100,1100,81,4660,2026-07-30 23:25:57.576,416,-18,11,
FF FF FF FF 00 25 02 F1 20 01 01 02 00 00 04 4C 00 00 04 4C 00 00 00 51 FF EE 00 0B 12 34 01 A1 CF 00 00 00 F6,1100,1100,81,4660,2026-07-30 23:25:57.681,417,-18,11,
FF FF FF FF 00 25 02 F2 20 01 01 02 00 00 04 4C 00 00 04 4C 00 00 00 51 FF EF 00 0C 12 34 01 A2 D1 00 00 00 EE,1100,1100,81,4660,2026-07-30 23:25:57.778,418,-17,12,
FF FF FF FF 00 25 02 F3 20 01 01 02 00 00 04 4C 00 00 04 4C 00 00 00 52 FF EE 00 0C 12 34 01 A3 D0 00 00 00 ED,1100,1100,82,4660,2026-07-30 23:25:57.868,419,-18,12,
FF FF FF FF 00 25 02 F4 20 01 01 02 00 00 04 4C 00 00 04 4C 00 00 00 51 FF ED 00 0C 12 34 01 A4 CF 00 00 00 F2,1100,1100,81,4660,2026-07-30 23:25:57.968,420,-19,12,
FF FF FF FF 00 25 02 F5 20 01 01 02 00 00 04 4C 00 00 04 4C 00 00 00 52 FF ED 00 0C 12 34 01 A5 CF 00 00 00 F1,1100,1100,82,4660,2026-07-30 23:25:58.069,421,-19,12,
FF FF FF FF 00 25 02 F6 20 01 01 02 00 00 04 4C 00 00 04 4C 00 00 00 52 FF EC 00 0C 12 34 01 A6 CF 00 00 00 F0,1100,1100,82,4660,2026-07-30 23:25:58.174,422,-20,12,
FF FF FF FF 00 25 02 F7 20 01 01 02 00 00 04 4C 00 00 04 4C 00 00 00 52 FF ED 00 0C 12 34 01 A7 D0 00 00 00 EE,1100,1100,82,4660,2026-07-30 23:25:58.271,423,-19,12,
FF FF FF FF 00 25 02 F8 20 01 01 02 00 00 04 4C 00 00 04 4C 00 00 00 53 FF ED 00 0C 12 34 01 A8 D0 00 00 00 EF,1100,1100,83,4660,2026-07-30 23:25:58.374,424,-19,12,
FF FF FF FF 00 25 02 F9 20 01 01 02 00 00 04 4C 00 00 04 4C 00 00 00 53 FF EC 00 0C 12 34 01 A9 D0 00 00 00 EE,1100,1100,83,4660,2026-07-30 23:25:58.468,425,-20,12,
FF FF FF FF 00 25 02 FA 20 01 01 02 00 00 04 4C 00 00 04 4C 00 00 00 53 FF EC 00 0C 12 34 01 AA CF 00 00 00 F1,1100,1100,83,4660,2026-07-30 23:25:58.569,426,-20,12,
FF FF FF FF 00 25 02 FB 20 01 01 02 00 00 04 4C 00 00 04 4C 00 00 00 53 FF EC 00 0C 12 34 01 AB D0 00 00 00 EE,1100,1100,83,4660,2026-07-30 23:25:58.667,427,-20,12,
FF FF FF FF 00 25 02 FC 20 01 01 02 00 00 04 4C 00 00 04 4C 00 00 00 53 FF ED 00 0C 12 34 01 AC D0 00 00 00 EF,1100,1100,83,4660,2026-07-30 23:25:58.776,428,-19,12,
FF FF FF FF 00 25 02 FD 20 01 01 02 00 00 04 4C 00 00 04 4C 00 00 00 53 FF ED 00 0C 12 34 01 AD D2 00 00 00 ED,1100,1100,83,4660,2026-07-30 23:25:58.873,429,-19,12,
FF FF FF FF 00 25 02 FE 20 01 01 02 00 00 04 4C 00 00 04 4C 00 00 00 53 FF EC 00 0C 12 34 01 AE D0 00 00 00 EE,1100,1100,83,4660,2026-07-30 23:25:58.981,430,-20,12,
FF FF FF FF 00 25 02 FF 20 01 01 02 00 00 04 4C 00 00 04 4C 00 00 00 53 FF ED 00 0C 12 34 01 AF CF 00 00 00 F0,1100,1100,83,4660,2026-07-30 23:25:59.076,431,-19,12,
FF FF FF FF 00 25 03 00 20 01 01 02 00 00 04 4C 00 00 04 4C 00 00 00 53 FF EE 00 0C 12 34 01 B0 D1 00 00 00 0C,1100,1100,83,4660,2026-07-30 23:25:59.172,432,-18,12,
FF FF FF FF 00 25 03 01 20 01 01 02 00 00 04 4C 00 00 04 4C 00 00 00 53 FF EE 00 0C 12 34 01 B1 D0 00 00 00 0D,1100,1100,83,4660,2026-07-30 23:25:59.271,433,-18,12,
FF FF FF FF 00 25 03 02 20 01 01 02 00 00 04 4C 00 00 04 4C 00 00 00 54 FF EF 00 0D 12 34 01 B2 D1 00 00 00 0B,1100,1100,84,4660,2026-07-30 23:25:59.371,434,-17,13,
FF FF FF FF 00 25 03 03 20 01 01 02 00 00 04 4C 00 00 04 4C 00 00 00 54 FF EF 00 0C 12 34 01 B3 D3 00 00 00 08,1100,1100,84,4660,2026-07-30 23:25:59.471,435,-17,12,
FF FF FF FF 00 25 03 04 20 01 01 02 00 00 04 4C 00 00 04 4C 00 00 00 53 FF F0 00 0D 12 34 01 B4 D1 00 00 00 13,1100,1100,83,4660,2026-07-30 23:25:59.576,436,-16,13,
FF FF FF FF 00 25 03 05 20 01 01 02 00 00 04 4C 00 00 04 4C 00 00 00 55 FF EE 00 0E 12 34 01 B5 D2 00 00 00 0B,1100,1100,85,4660,2026-07-30 23:25:59.669,437,-18,14,
FF FF FF FF 00 25 03 06 20 01 01 02 00 00 04 4C 00 00 04 4C 00 00 00 58 FF E9 00 0E 12 34 01 B6 CF 00 00 00 1C,1100,1100,88,4660,2026-07-30 23:25:59.771,438,-23,14,
FF FF FF FF 00 25 03 07 20 01 01 02 00 00 04 4C 00 00 04 4C 00 00 00 57 FF EA 00 0E 12 34 01 B7 CF 00 00 00 10,1100,1100,87,4660,2026-07-30 23:25:59.881,439,-22,14,
FF FF FF FF 00 25 03 08 20 01 01 02 00 00 04 4C 00 00 04 4C 00 00 00 53 FF EB 00 0E 12 34 01 B8 CF 00 00 00 15,1100,1100,83,4660,2026-07-30 23:25:59.980,440,-21,14,
FF FF FF FF 00 25 03 09 20 01 01 02 00 00 04 4C 00 00 04 4C 00 00 00 50 FF EB 00 0D 12 34 01 B9 CD 00 00 00 17,1100,1100,80,4660,2026-07-30 23:26:00.068,441,-21,13,
FF FF FF FF 00 25 03 0A 20 01 01 02 00 00 04 4C 00 00 04 4C 00 00 00 50 FF EC 00 0D 12 34 01 BA D1 00 00 00 0C,1100,1100,80,4660,2026-07-30 23:26:00.170,442,-20,13,
FF FF FF FF 00 25 03 0B 20 01 01 02 00 00 04 4C 00 00 04 4C 00 00 00 51 FF EB 00 0E 12 34 01 BB D0 00 00 00 08,1100,1100,81,4660,2026-07-30 23:26:00.270,443,-21,14,
FF FF FF FF 00 25 03 0C 20 01 01 02 00 00 04 4C 00 00 04 4C 00 00 00 50 FF EA 00 0F 12 34 01 BC CE 00 00 00 17,1100,1100,80,4660,2026-07-30 23:26:00.377,444,-22,15,
FF FF FF FF 00 25 03 0D 20 01 01 02 00 00 04 4C 00 00 04 4C 00 00 00 50 FF E9 00 10 12 34 01 BD CE 00 00 00 0B,1100,1100,80,4660,2026-07-30 23:26:00.476,445,-23,16,
FF FF FF FF 00 25 03 0E 20 01 01 02 00 00 04 4C 00 00 04 4C 00 00 00 52 FF E9 00 0F 12 34 01 BE D5 00 00 00 0D,1100,1100,82,4660,2026-07-30 23:26:00.569,446,-23,15,
FF FF FF FF 00 25 03 0F 20 01 01 02 00 00 04 4C 00 00 04 4C 00 00 00 53 FF E8 00 0E 12 34 01 BF D3 00 00 00 0A,1100,1100,83,4660,2026-07-30 23:26:00.666,447,-24,14,
FF FF FF FF 00 25 03 10 20 01 01 02 00 00 04 4C 00 00 04 4C 00 00 00 54 FF E7 00 0B 12 34 01 C0 D1 00 00 00 65,1100,1100,84,4660,2026-07-30 23:26:00.771,448,-25,11,
FF FF FF FF 00 25 03 11 20 01 01 02 00 00 04 4C 00 00 04 4C 00 00 00 52 FF E6 00 08 12 34 01 C1 CC 00 00 00 7C,1100,1100,82,4660,2026-07-30 23:26:00.875,449,-26,8,
FF FF FF FF 00 25 03 12 20 01 01 02 00 00 04 4C 00 00 04 4C 00 00 00 52 FF E2 00 06 12 34 01 C2 CE 00 00 00 74,1100,1100,82,4660,2026-07-30 23:26:00.971,450,-30,6,
FF FF FF FF 00 25 03 13 20 01 01 02 00 00 04 4C 00 00 04 4C 00 00 00 4F FF E1 00 04 12 34 01 C3 CD 00 00 00 6B,1100,1100,79,4660,2026-07-30 23:26:01.070,451,-31,4,
FF FF FF FF 00 25 03 14 20 01 01 02 00 00 04 4C 00 00 04 4C 00 00 00 4E FF E0 00 04 12 34 01 C4 CE 00 00 00 68,1100,1100,78,4660,2026-07-30 23:26:01.174,452,-32,4,
FF FF FF FF 00 25 03 15 20 01 01 02 00 00 04 4C 00 00 04 4C 00 00 00 4E FF E1 00 06 12 34 01 C5 D1 00 00 00 74,1100,1100,78,4660,2026-07-30 23:26:01.271,453,-31,6,
FF FF FF FF 00 25 03 16 20 01 01 02 00 00 04 4C 00 00 04 4C 00 00 00 4D FF E4 00 09 12 34 01 C6 CE 00 00 00 62,1100,1100,77,4660,2026-07-30 23:26:01.367,454,-28,9,
FF FF FF FF 00 25 03 17 20 01 01 02 00 00 04 4C 00 00 04 4C 00 00 00 4C FF E4 00 09 12 34 01 C7 CD 00 00 00 60,1100,1100,76,4660,2026-07-30 23:26:01.479,455,-28,9,
FF FF FF FF 00 25 03 18 20 01 01 02 00 00 04 4C 00 00 04 4C 00 00 00 4D FF DE 00 09 12 34 01 C8 CC 00 00 00 5A,1100,1100,77,4660,2026-07-30 23:26:01.576,456,-34,9,
FF FF FF FF 00 25 03 19 20 01 01 02 00 00 04 4C 00 00 04 4C 00 00 00 4C FF DC 00 09 12 34 01 C9 C9 00 00 00 5C,1100,1100,76,4660,2026-07-30 23:26:01.673,457,-36,9,
FF FF FF FF 00 25 03 1A 20 01 01 02 00 00 04 4C 00 00 04 4C 00 00 00 53 FF DD 00 0A 12 34 01 CA D0 00 00 00 58,1100,1100,83,4660,2026-07-30 23:26:01.771,458,-35,10,
FF FF FF FF 00 25 03 1B 20 01 01 02 00 00 04 4C 00 00 04 4C 00 00 00 57 FF E0 00 0B 12 34 01 CB CA 00 00 00 7A,1100,1100,87,4660,2026-07-30 23:26:01.875,459,-32,11,
FF FF FF FF 00 25 03 1C 20 01 01 02 00 00 04 4C 00 00 04 4C 00 00 00 53 FF DF 00 0A 12 34 01 CC C6 00 00 00 4C,1100,1100,83,4660,2026-07-30 23:26:01.973,460,-33,10,
FF FF FF FF 00 25 03 1D 20 01 01 02 00 00 04 4C 00 00 04 4C 00 00 00 5E FF E2 00 08 12 34 01 CD BF 00 00 00 07,1100,1100,94,4660,2026-07-30 23:26:02.077,461,-30,8,
FF FF FF FF 00 25 03 1E 20 01 01 02 00 00 04 4C 00 00 04 4C 00 00 00 5E FF E5 00 0C 12 34 01 CE C2 00 00 00 79,1100,1100,94,4660,2026-07-30 23:26:02.170,462,-27,12,
FF FF FF FF 00 25 03 1F 20 01 01 02 00 00 04 4C 00 00 04 4C 00 00 00 70 FF E9 00 0B 12 34 01 CF C6 00 00 00 58,1100,1100,112,4660,2026-07-30 23:26:02.269,463,-23,11,
FF FF FF FF 00 25 03 20 20 01 01 02 00 00 04 4C 00 00 04 4C 00 00 00 7A FF EB 00 13 12 34 01 D0 C6 00 00 00 68,1100,1100,122,4660,2026-07-30 23:26:02.368,464,-21,19,
FF FF FF FF 00 25 03 21 20 01 01 02 00 00 04 4C 00 00 04 4C 00 00 00 71 FF F1 00 15 12 34 01 D1 C8 00 00 00 71,1100,1100,113,4660,2026-07-30 23:26:02.471,465,-15,21,
FF FF FF FF 00 25 03 22 20 01 01 02 00 00 04 4C 00 00 04 4C 00 00 00 6B FF F2 00 0F 12 34 01 D2 C4 00 00 00 7E,1100,1100,107,4660,2026-07-30 23:26:02.576,466,-14,15,
FF FF FF FF 00 25 03 23 20 01 01 02 00 00 04 4C 00 00 04 4C 00 00 00 5B FF F3 00 11 12 34 01 D3 C4 00 00 00 51,1100,1100,91,4660,2026-07-30 23:26:02.673,467,-13,17,
FF FF FF FF 00 25 03 24 20 01 01 02 00 00 04 4C 00 00 04 4C 00 00 00 54 FF F7 00 1B 12 34 01 D4 C6 00 00 00 52,1100,1100,84,4660,2026-07-30 23:26:02.771,468,-9,27,
FF FF FF FF 00 25 03 25 20 01 01 02 00 00 04 4C 00 00 04 4C 00 00 00 50 FF F1 00 0C 12 34 01 D5 C9 00 00 00 48,1100,1100,80,4660,2026-07-30 23:26:02.871,469,-15,12,
FF FF FF FF 00 25 03 26 20 01 01 02 00 00 04 4C 00 00 04 4C 00 00 00 65 FF F0 00 07 12 34 01 D6 C9 00 00 00 77,1100,1100,101,4660,2026-07-30 23:26:02.971,470,-16,7,
FF FF FF FF 00 25 03 27 20 01 01 02 00 00 04 4C 00 00 04 4C 00 00 00 6B FF EF 00 00 12 34 01 D7 CA 00 00 00 62,1100,1100,107,4660,2026-07-30 23:26:03.071,471,-17,0,
FF FF FF FF 00 25 03 28 20 01 01 02 00 00 04 4C 00 00 04 4C 00 00 00 6D FF EF FF F8 12 34 01 D8 C6 00 00 00 6F,1100,1100,109,4660,2026-07-30 23:26:03.173,472,-17,-8,
FF FF FF FF 00 25 03 29 20 01 01 02 00 00 04 4C 00 00 04 4C 00 00 00 73 FF EB FF F5 12 34 01 D9 C3 00 00 00 7D,1100,1100,115,4660,2026-07-30 23:26:03.271,473,-21,-11,
FF FF FF FF 00 25 03 2A 20 01 01 02 00 00 04 4C 00 00 04 4C 00 00 00 6F FF E7 FF EC 12 34 01 DA C7 00 00 00 70,1100,1100,111,4660,2026-07-30 23:26:03.368,474,-25,-20,
FF FF FF FF 00 25 03 2B 20 01 01 02 00 00 04 4C 00 00 04 4C 00 00 00 64 FF F0 FF FB 12 34 01 DB C7 00 00 00 7B,1100,1100,100,4660,2026-07-30 23:26:03.477,475,-16,-5,
FF FF FF FF 00 25 03 2C 20 01 01 02 00 00 04 4C 00 00 04 4C 00 00 00 4D FF F6 00 02 12 34 01 DC C7 00 00 00 52,1100,1100,77,4660,2026-07-30 23:26:03.569,476,-10,2,
FF FF FF FF 00 25 03 2D 20 01 01 02 00 00 04 4C 00 00 04 4C 00 00 00 54 FF FA 00 10 12 34 01 DD CA 00 00 00 58,1100,1100,84,4660,2026-07-30 23:26:03.668,477,-6,16,
FF FF FF FF 00 25 03 2E 20 01 01 02 00 00 04 4C 00 00 04 4C 00 00 00 54 FF FE 00 14 12 34 01 DE CD 00 00 00 5F,1100,1100,84,4660,2026-07-30 23:26:03.771,478,-2,20,
FF FF FF FF 00 25 03 2F 20 01 01 02 00 00 04 4C 00 00 04 4C 00 00 00 4D 00 01 00 16 12 34 01 DF CA 00 00 00 43,1100,1100,77,4660,2026-07-30 23:26:03.871,479,1,22,
FF FF FF FF 00 25 03 30 20 01 01 02 00 00 04 4C 00 00 04 4C 00 00 00 4B 00 00 00 1E 12 34 01 E0 C9 00 00 00 6F,1100,1100,75,4660,2026-07-30 23:26:03.978,480,0,30,
FF FF FF FF 00 25 03 31 20 01 01 02 00 00 04 4C 00 00 04 4C 00 00 00 4D 00 0F 00 14 12 34 01 E1 CD 00 00 00 68,1100,1100,77,4660,2026-07-30 23:26:04.068,481,15,20,
FF FF FF FF 00 25 03 32 20 01 01 02 00 00 04 4C 00 00 04 4C 00 00 00 4D 00 19 00 0C 12 34 01 E2 CA 00 00 00 61,1100,1100,77,4660,2026-07-30 23:26:04.167,482,25,12,
FF FF FF FF 00 25 03 33 20 01 01 02 00 00 04 4C 00 00 04 4C 00 00 00 50 00 1A 00 08 12 34 01 E3 CA 00 00 00 7B,1100,1100,80,4660,2026-07-30 23:26:04.271,483,26,8,
FF FF FF FF 00 25 03 34 20 01 01 02 00 00 04 4C 00 00 04 4C 00 00 00 50 00 18 00 05 12 34 01 E4 CB 00 00 00 75,1100,1100,80,4660,2026-07-30 23:26:04.369,484,24,5,
FF FF FF FF 00 25 03 35 20 01 01 02 00 00 04 4C 00 00 04 4C 00 00 00 4F 00 17 00 06 12 34 01 E5 CB 00 00 00 66,1100,1100,79,4660,2026-07-30 23:26:04.469,485,23,6,
FF FF FF FF 00 25 03 36 20 01 01 02 00 00 04 4C 00 00 04 4C 00 00 00 50 00 16 00 09 12 34 01 E6 CC 00 00 00 70,1100,1100,80,4660,2026-07-30 23:26:04.576,486,22,9,
FF FF FF FF 00 25 03 37 20 01 01 02 00 00 04 4C 00 00 04 4C 00 00 00 54 00 18 00 0F 12 34 01 E7 CB 00 00 00 7B,1100,1100,84,4660,2026-07-30 23:26:04.673,487,24,15,
FF FF FF FF 00 25 03 38 20 01 01 02 00 00 04 4C 00 00 04 4C 00 00 00 55 00 18 00 14 12 34 01 E8 CC 00 00 00 66,1100,1100,85,4660,2026-07-30 23:26:04.771,488,24,20,
FF FF FF FF 00 25 03 39 20 01 01 02 00 00 04 4C 00 00 04 4C 00 00 00 55 00 16 00 16 12 34 01 E9 CA 00 00 00 6C,1100,1100,85,4660,2026-07-30 23:26:04.871,489,22,22,
FF FF FF FF 00 25 03 3A 20 01 01 02 00 00 04 4C 00 00 04 4C 00 00 00 56 00 10 00 16 12 34 01 EA C9 00 00 00 6A,1100,1100,86,4660,2026-07-30 23:26:04.966,490,16,22,
FF FF FF FF 00 25 03 3B 20 01 01 02 00 00 04 4C 00 00 04 4C 00 00 00 54 00 09 00 19 12 34 01 EB C8 00 00 00 7F,1100,1100,84,4660,2026-07-30 23:26:05.076,491,9,25,
FF FF FF FF 00 25 03 3C 20 01 01 02 00 00 04 4C 00 00 04 4C 00 00 00 56 00 09 00 1F 12 34 01 EC C7 00 00 00 74,1100,1100,86,4660,2026-07-30 23:26:05.166,492,9,31,
FF FF FF FF 00 25 03 3D 20 01 01 02 00 00 04 4C 00 00 04 4C 00 00 00 58 00 07 00 22 12 34 01 ED C6 00 00 00 48,1100,1100,88,4660,2026-07-30 23:26:05.271,493,7,34,
FF FF FF FF 00 25 03 3E 20 01 01 02 00 00 04 4C 00 00 04 4C 00 00 00 58 00 09 00 1C 12 34 01 EE C1 00 00 00 7F,1100,1100,88,4660,2026-07-30 23:26:05.368,494,9,28,
FF FF FF FF 00 25 03 3F 20 01 01 02 00 00 04 4C 00 00 04 4C 00 00 00 56 FF FA 00 2C 12 34 01 EF C0 00 00 00 4C,1100,1100,86,4660,2026-07-30 23:26:05.473,495,-6,44,
FF FF FF FF 00 25 03 40 20 01 01 02 00 00 04 4C 00 00 04 4C 00 00 00 5F 00 00 00 25 12 34 01 F0 C3 00 00 00 2A,1100,1100,95,4660,2026-07-30 23:26:05.569,496,0,37,
FF FF FF FF 00 25 03 41 20 01 01 02 00 00 04 4C 00 00 04 4C 00 00 00 63 FF FB 00 22 12 34 01 F1 C4 00 00 00 12,1100,1100,99,4660,2026-07-30 23:26:05.666,497,-5,34,
FF FF FF FF 00 25 03 42 20 01 01 02 00 00 04 4C 00 00 04 4C 00 00 00 69 FF F7 00 23 12 34 01 F2 C2 00 00 00 13,1100,1100,105,4660,2026-07-30 23:26:05.777,498,-9,35,
FF FF FF FF 00 25 03 43 20 01 01 02 00 00 04 4C 00 00 04 4C 00 00 00 67 FF E2 00 1C 12 34 01 F3 C3 00 00 00 36,1100,1100,103,4660,2026-07-30 23:26:05.870,499,-30,28,
FF FF FF FF 00 25 03 44 20 01 01 02 00 00 04 4C 00 00 04 4C 00 00 00 6C FF E3 00 2D 12 34 01 F4 C2 00 00 00 0C,1100,1100,108,4660,2026-07-30 23:26:05.974,500,-29,45,
FF FF FF FF 00 25 03 45 20 01 01 02 00 00 04 4C 00 00 04 4C 00 00 00 68 FF EF 00 24 12 34 01 F5 C3 00 00 00 0C,1100,1100,104,4660,2026-07-30 23:26:06.070,501,-17,36,
FF FF FF FF 00 25 03 46 20 01 01 02 00 00 04 4C 00 00 04 4C 00 00 00 65 FF F4 00 20 12 34 01 F6 C0 00 00 00 1D,1100,1100,101,4660,2026-07-30 23:26:06.171,502,-12,32,
FF FF FF FF 00 25 03 47 20 01 01 02 00 00 04 4C 00 00 04 4C 00 00 00 65 FF FA 00 1C 12 34 01 F7 BE 00 00 00 51,1100,1100,101,4660,2026-07-30 23:26:06.270,503,-6,28,
FF FF FF FF 00 25 03 48 20 01 01 02 00 00 04 4C 00 00 04 4C 00 00 00 65 FF FB 00 1B 12 34 01 F8 C3 00 00 00 2A,1100,1100,101,4660,2026-07-30 23:26:06.368,504,-5,27,
FF FF FF FF 00 25 03 49 20 01 01 02 00 00 04 4C 00 00 04 4C 00 00 00 63 FF FC 00 19 12 34 01 F9 C1 00 00 00 2B,1100,1100,99,4660,2026-07-30 23:26:06.481,505,-4,25,
FF FF FF FF 00 25 03 4A 20 01 01 02 00 00 04 4C 00 00 04 4C 00 00 00 60 FF FE 00 18 12 34 01 FA BF 00 00 00 55,1100,1100,96,4660,2026-07-30 23:26:06.571,506,-2,24,
FF FF FF FF 00 25 03 4B 20 01 01 02 00 00 04 4C 00 00 04 4C 00 00 00 5D FF FF 00 17 12 34 01 FB BF 00 00 00 66,1100,1100,93,4660,2026-07-30 23:26:06.674,507,-1,23,
FF FF FF FF 00 25 03 4C 20 01 01 02 00 00 04 4C 00 00 04 4C 00 00 00 5D 00 00 00 17 12 34 01 FC C0 00 00 00 19,1100,1100,93,4660,2026-07-30 23:26:06.770,508,0,23,
FF FF FF FF 00 25 03 4D 20 01 01 02 00 00 04 4C 00 00 04 4C 00 00 00 5E 00 00 00 16 12 34 01 FD BF 00 00 00 64,1100,1100,94,4660,2026-07-30 23:26:06.874,509,0,22,
FF FF FF FF 00 25 03 4E 20 01 01 02 00 00 04 4C 00 00 04 4C 00 00 00 64 00 0A 00 15 12 34 01 FE BF 00 00 00 57,1100,1100,100,4660,2026-07-30 23:26:06.964,510,10,21,
FF FF FF FF 00 25 03 4F 20 01 01 02 00 00 04 4C 00 00 04 4C 00 00 00 66 00 09 00 16 12 34 01 FF BD 00 00 00 57,1100,1100,102,4660,2026-07-30 23:26:07.069,511,9,22,
FF FF FF FF 00 25 03 50 20 01 01 02 00 00 04 4C 00 00 04 4C 00 00 00 62 00 09 00 15 12 34 02 00 BE 00 00 00 B0,1100,1100,98,4660,2026-07-30 23:26:07.174,512,9,21,
FF FF FF FF 00 25 03 51 20 01 01 02 00 00 04 4C 00 00 04 4C 00 00 00 66 00 0A 00 15 12 34 02 01 C2 00 00 00 CB,1100,1100,102,4660,2026-07-30 23:26:07.272,513,10,21,
FF FF FF FF 00 25 03 52 20 01 01 02 00 00 04 4C 00 00 04 4C 00 00 00 72 FF FE 00 05 12 34 02 02 C0 00 00 00 C6,1100,1100,114,4660,2026-07-30 23:26:07.374,514,-2,5,
FF FF FF FF 00 25 03 53 20 01 01 02 00 00 04 4C 00 00 04 4C 00 00 00 6D FF FE 00 0D 12 34 02 03 C1 00 00 00 D0,1100,1100,109,4660,2026-07-30 23:26:07.471,515,-2,13,
FF FF FF FF 00 25 03 54 20 01 01 02 00 00 04 4C 00 00 04 4C 00 00 00 66 FF F4 00 06 12 34 02 04 C0 00 00 00 DB,1100,1100,102,4660,2026-07-30 23:26:07.576,516,-12,6,
FF FF FF FF 00 25 03 55 20 01 01 02 00 00 04 4C 00 00 04 4C 00 00 00 6B FF F7 00 0A 12 34 02 05 C2 00 00 00 DB,1100,1100,107,4660,2026-07-30 23:26:07.672,517,-9,10,
FF FF FF FF 00 25 03 56 20 01 01 02 00 00 04 4C 00 00 04 4C 00 00 00 72 FF FC 00 0D 12 34 02 06 BF 00 00 00 B3,1100,1100,114,4660,2026-07-30 23:26:07.777,518,-4,13,
FF FF FF FF 00 25 03 57 20 01 01 02 00 00 04 4C 00 00 04 4C 00 00 00 6F 00 04 00 14 12 34 02 07 BC 00 00 00 B3,1100,1100,111,4660,2026-07-30 23:26:07.871,519,4,20,
FF FF FF FF 00 25 03 58 20 01 01 02 00 00 04 4C 00 00 04 4C 00 00 00 6B 00 10 00 18 12 34 02 08 C0 00 00 00 D3,1100,1100,107,4660,2026-07-30 23:26:07.980,520,16,24,
FF FF FF FF 00 25 03 59 20 01 01 02 00 00 04 4C 00 00 04 4C 00 00 00 62 00 12 00 13 12 34 02 09 BC 00 00 00 AF,1100,1100,98,4660,2026-07-30 23:26:08.069,521,18,19,
FF FF FF FF 00 25 03 5A 20 01 01 02 00 00 04 4C 00 00 04 4C 00 00 00 5E 00 1A 00 0E 12 34 02 0A C2 00 00 00 F8,1100,1100,94,4660,2026-07-30 23:26:08.166,522,26,14,
FF FF FF FF 00 25 03 5B 20 01 01 02 00 00 04 4C 00 00 04 4C 00 00 00 5B 00 2B 00 17 12 34 02 0B C1 00 00 00 D6,1100,1100,91,4660,2026-07-30 23:26:08.271,523,43,23,
FF FF FF FF 00 25 03 5C 20 01 01 02 00 00 04 4C 00 00 04 4C 00 00 00 5F 00 1D 00 1C 12 34 02 0C C0 00 00 00 EE,1100,1100,95,4660,2026-07-30 23:26:08.368,524,29,28,
FF FF FF FF 00 25 03 5D 20 01 01 02 00 00 04 4C 00 00 04 4C 00 00 00 65 00 2D 00 11 12 34 02 0D C3 00 00 00 EA,1100,1100,101,4660,2026-07-30 23:26:08.471,525,45,17,
FF FF FF FF 00 25 03 5E 20 01 01 02 00 00 04 4C 00 00 04 4C 00 00 00 69 00 1D 00 24 12 34 02 0E C5 00 00 00 E5,1100,1100,105,4660,2026-07-30 23:26:08.568,526,29,36,
FF FF FF FF 00 25 03 5F 20 01 01 02 00 00 04 4C 00 00 04 4C 00 00 00 65 00 22 00 1E 12 34 02 0F C4 00 00 00 ED,1100,1100,101,4660,2026-07-30 23:26:08.681,527,34,30,
FF FF FF FF 00 25 03 60 20 01 01 02 00 00 04 4C 00 00 04 4C 00 00 00 60 00 23 00 1C 12 34 02 10 C4 00 00 00 CB,1100,1100,96,4660,2026-07-30 23:26:08.768,528,35,28,
FF FF FF FF 00 25 03 61 20 01 01 02 00 00 04 4C 00 00 04 4C 00 00 00 5A 00 19 00 17 12 34 02 11 C4 00 00 00 C0,1100,1100,90,4660,2026-07-30 23:26:08.867,529,25,23,
FF FF FF FF 00 25 03 62 20 01 01 02 00 00 04 4C 00 00 04 4C 00 00 00 55 00 12 00 16 12 34 02 12 CA 00 00 00 CB,1100,1100,85,4660,2026-07-30 23:26:08.973,530,18,22,
FF FF FF FF 00 25 03 63 20 01 01 02 00 00 04 4C 00 00 04 4C 00 00 00 60 00 05 00 05 12 34 02 13 C3 00 00 00 F3,1100,1100,96,4660,2026-07-30 23:26:09.076,531,5,5,
FF FF FF FF 00 25 03 64 20 01 01 02 00 00 04 4C 00 00 04 4C 00 00 00 50 00 02 00 05 12 34 02 14 C5 00 00 00 C2,1100,1100,80,4660,2026-07-30 23:26:09.173,532,2,5,
FF FF FF FF 00 25 03 65 20 01 01 02 00 00 04 4C 00 00 04 4C 00 00 00 46 00 01 00 06 12 34 02 15 C3 00 00 00 D2,1100,1100,70,4660,2026-07-30 23:26:09.271,533,1,6,
FF FF FF FF 00 25 03 66 20 01 01 02 00 00 04 4C 00 00 04 4C 00 00 00 49 00 03 00 0A 12 34 02 16 C3 00 00 00 D3,1100,1100,73,4660,2026-07-30 23:26:09.367,534,3,10,
FF FF FF FF 00 25 03 67 20 01 01 02 00 00 04 4C 00 00 04 4C 00 00 00 4C 00 02 00 07 12 34 02 17 C5 00 00 00 DC,1100,1100,76,4660,2026-07-30 23:26:09.473,535,2,7,
FF FF FF FF 00 25 03 68 20 01 01 02 00 00 04 4C 00 00 04 4C 00 00 00 45 FF FC 00 14 12 34 02 18 BF 00 00 00 BD,1100,1100,69,4660,2026-07-30 23:26:09.576,536,-4,20,
FF FF FF FF 00 25 03 69 20 01 01 02 00 00 04 4C 00 00 04 4C 00 00 00 3D FF FF 00 1A 12 34 02 19 C2 00 00 00 B5,1100,1100,61,4660,2026-07-30 23:26:09.673,537,-1,26,
FF FF FF FF 00 25 03 6A 20 01 01 02 00 00 04 4C 00 00 04 4C 00 00 00 48 00 04 00 24 12 34 02 1A C9 00 00 00 F1,1100,1100,72,4660,2026-07-30 23:26:09.763,538,4,36,
FF FF FF FF 00 25 03 6B 20 01 01 02 00 00 04 4C 00 00 04 4C 00 00 00 53 00 0B 00 29 12 34 02 1B C9 00 00 00 E8,1100,1100,83,4660,2026-07-30 23:26:09.875,539,11,41,
FF FF FF FF 00 25 03 6C 20 01 01 02 00 00 04 4C 00 00 04 4C 00 00 00 48 00 09 00 22 12 34 02 1C C3 00 00 00 F0,1100,1100,72,4660,2026-07-30 23:26:09.965,540,9,34,
FF FF FF FF 00 25 03 6D 20 01 01 02 00 00 04 4C 00 00 04 4C 00 00 00 47 00 10 00 15 12 34 02 1D C5 00 00 00 D7,1100,1100,71,4660,2026-07-30 23:26:10.081,541,16,21,
FF FF FF FF 00 25 03 6E 20 01 01 02 00 00 04 4C 00 00 04 4C 00 00 00 3F 00 15 00 09 12 34 02 1E C5 00 00 00 B6,1100,1100,63,4660,2026-07-30 23:26:10.181,542,21,9,
FF FF FF FF 00 25 03 6F 20 01 01 02 00 00 04 4C 00 00 04 4C 00 00 00 3B 00 1C 00 01 12 34 02 1F C6 00 00 00 B0,1100,1100,59,4660,2026-07-30 23:26:10.278,543,28,1,
FF FF FF FF 00 25 03 70 20 01 01 02 00 00 04 4C 00 00 04 4C 00 00 00 3A 00 21 FF FE 12 34 02 20 C5 00 00 00 AF,1100,1100,58,4660,2026-07-30 23:26:10.367,544,33,-2,
FF FF FF FF 00 25 03 71 20 01 01 02 00 00 04 4C 00 00 04 4C 00 00 00 35 00 1E 00 00 12 34 02 21 C3 00 00 00 98,1100,1100,53,4660,2026-07-30 23:26:10.475,545,30,0,
FF FF FF FF 00 25 03 72 20 01 01 02 00 00 04 4C 00 00 04 4C 00 00 00 3A 00 1D 00 04 12 34 02 22 C4 00 00 00 97,1100,1100,58,4660,2026-07-30 23:26:10.578,546,29,4,
FF FF FF FF 00 25 03 73 20 01 01 02 00 00 04 4C 00 00 04 4C 00 00 00 3E 00 1E 00 08 12 34 02 23 C0 00 00 00 98,1100,1100,62,4660,2026-07-30 23:26:10.670,547,30,8,
FF FF FF FF 00 25 03 74 20 01 01 02 00 00 04 4C 00 00 04 4C 00 00 00 40 00 20 00 0F 12 34 02 24 C4 00 00 00 DB,1100,1100,64,4660,2026-07-30 23:26:10.771,548,32,15,
FF FF FF FF 00 25 03 75 20 01 01 02 00 00 04 4C 00 00 04 4C 00 00 00 46 00 22 00 15 12 34 02 25 C6 00 00 00 C7,1100,1100,70,4660,2026-07-30 23:26:10.874,549,34,21,
FF FF FF FF 00 25 03 76 20 01 01 02 00 00 04 4C 00 00 04 4C 00 00 00 42 00 21 00 19 12 34 02 26 C4 00 00 00 CE,1100,1100,66,4660,2026-07-30 23:26:10.981,550,33,25,
FF FF FF FF 00 25 03 77 20 01 01 02 00 00 04 4C 00 00 04 4C 00 00 00 34 00 24 00 19 12 34 02 27 C0 00 00 00 B9,1100,1100,52,4660,2026-07-30 23:26:11.068,551,36,25,
FF FF FF FF 00 25 03 78 20 01 01 02 00 00 04 4C 00 00 04 4C 00 00 00 39 00 22 00 19 12 34 02 28 C3 00 00 00 B1,1100,1100,57,4660,2026-07-30 23:26:11.174,552,34,25,
FF FF FF FF 00 25 03 79 20 01 01 02 00 00 04 4C 00 00 04 4C 00 00 00 38 00 1E 00 16 12 34 02 29 C5 00 00 00 85,1100,1100,56,4660,2026-07-30 23:26:11.276,553,30,22,
FF FF FF FF 00 25 03 7A 20 01 01 02 00 00 04 4C 00 00 04 4C 00 00 00 3C 00 1E 00 14 12 34 02 2A C5 00 00 00 83,1100,1100,60,4660,2026-07-30 23:26:11.367,554,30,20,
FF FF FF FF 00 25 03 7B 20 01 01 02 00 00 04 4C 00 00 04 4C 00 00 00 3A 00 1E 00 18 12 34 02 2B C8 00 00 00 84,1100,1100,58,4660,2026-07-30 23:26:11.464,555,30,24,
FF FF FF FF 00 25 03 7C 20 01 01 02 00 00 04 4C 00 00 04 4C 00 00 00 38 00 22 00 19 12 34 02 2C CB 00 00 00 B8,1100,1100,56,4660,2026-07-30 23:26:11.569,556,34,25,
FF FF FF FF 00 25 03 7D 20 01 01 02 00 00 04 4C 00 00 04 4C 00 00 00 35 00 28 00 17 12 34 02 2D C8 00 00 00 B2,1100,1100,53,4660,2026-07-30 23:26:11.667,557,40,23,
FF FF FF FF 00 25 03 7E 20 01 01 02 00 00 04 4C 00 00 04 4C 00 00 00 35 00 2C 00 14 12 34 02 2E C8 00 00 00 B5,1100,1100,53,4660,2026-07-30 23:26:11.771,558,44,20,
FF FF FF FF 00 25 03 7F 20 01 01 02 00 00 04 4C 00 00 04 4C 00 00 00 37 00 30 00 11 12 34 02 2F C7 00 00 00 A1,1100,1100,55,4660,2026-07-30 23:26:11.867,559,48,17,
FF FF FF FF 00 25 03 80 20 01 01 02 00 00 04 4C 00 00 04 4C 00 00 00 39 00 30 00 10 12 34 02 30 C4 00 00 00 4D,1100,1100,57,4660,2026-07-30 23:26:11.969,560,48,16,
FF FF FF FF 00 25 03 81 20 01 01 02 00 00 04 4C 00 00 04 4C 00 00 00 3B 00 30 00 0F 12 34 02 31 C7 00 00 00 53,1100,1100,59,4660,2026-07-30 23:26:12.069,561,48,15,
FF FF FF FF 00 25 03 82 20 01 01 02 00 00 04 4C 00 00 04 4C 00 00 00 41 00 1F FF FF 12 34 02 32 C6 00 00 00 08,1100,1100,65,4660,2026-07-30 23:26:12.174,562,31,-1,
FF FF FF FF 00 25 03 83 20 01 01 02 00 00 04 4C 00 00 04 4C 00 00 00 42 00 17 FF EE 12 34 02 33 C8 00 00 00 1C,1100,1100,66,4660,2026-07-30 23:26:12.275,563,23,-18,
FF FF FF FF 00 25 03 84 20 01 01 02 00 00 04 4C 00 00 04 4C 00 00 00 45 00 12 FF DB 12 34 02 34 C2 00 00 00 21,1100,1100,69,4660,2026-07-30 23:26:12.375,564,18,-37,
FF FF FF FF 00 25 03 85 20 01 01 02 00 00 04 4C 00 00 04 4C 00 00 00 44 00 07 FF E7 12 34 02 35 C6 00 00 00 0D,1100,1100,68,4660,2026-07-30 23:26:12.470,565,7,-25,
FF FF FF FF 00 25 03 86 20 01 01 02 00 00 04 4C 00 00 04 4C 00 00 00 43 00 04 FF D8 12 34 02 36 C5 00 00 00 35,1100,1100,67,4660,2026-07-30 23:26:12.576,566,4,-40,
FF FF FF FF 00 25 03 87 20 01 01 02 00 00 04 4C 00 00 04 4C 00 00 00 43 00 01 FF D3 12 34 02 37 C5 00 00 00 3B,1100,1100,67,4660,2026-07-30 23:26:12.677,567,1,-45,
FF FF FF FF 00 25 03 88 20 01 01 02 00 00 04 4C 00 00 04 4C 00 00 00 42 FF FF FF CF 12 34 02 38 C4 00 00 00 26,1100,1100,66,4660,2026-07-30 23:26:12.763,568,-1,-49,
FF FF FF FF 00 25 03 89 20 01 01 02 00 00 04 4C 00 00 04 4C 00 00 00 3F 00 01 FF C4 12 34 02 39 C2 00 00 00 57,1100,1100,63,4660,2026-07-30 23:26:12.874,569,1,-60,
FF FF FF FF 00 25 03 8A 20 01 01 02 00 00 04 4C 00 00 04 4C 00 00 00 3E 00 04 FF BC 12 34 02 3A C3 00 00 00 2A,1100,1100,62,4660,2026-07-30 23:26:12.966,570,4,-68,
FF FF FF FF 00 25 03 8B 20 01 01 02 00 00 04 4C 00 00 04 4C 00 00 00 3C 00 1B FF CD 12 34 02 3B C4 00 00 00 41,1100,1100,60,4660,2026-07-30 23:26:13.068,571,27,-51,
FF FF FF FF 00 25 03 8C 20 01 01 02 00 00 04 4C 00 00 04 4C 00 00 00 3D 00 21 FF D9 12 34 02 3C C2 00 00 00 68,1100,1100,61,4660,2026-07-30 23:26:13.168,572,33,-39,
FF FF FF FF 00 25 03 8D 20 01 01 02 00 00 04 4C 00 00 04 4C 00 00 00 40 00 20 FF E0 12 34 02 3D C1 00 00 00 2E,1100,1100,64,4660,2026-07-30 23:26:13.270,573,32,-32,
FF FF FF FF 00 25 03 8E 20 01 01 02 00 00 04 4C 00 00 04 4C 00 00 00 41 00 26 FF E0 12 34 02 3E C1 00 00 00 29,1100,1100,65,4660,2026-07-30 23:26:13.366,574,38,-32,
FF FF FF FF 00 25 03 8F 20 01 01 02 00 00 04 4C 00 00 04 4C 00 00 00 45 00 12 FF D4 12 34 02 3F C2 00 00 00 2E,1100,1100,69,4660,2026-07-30 23:26:13.471,575,18,-44,
FF FF FF FF 00 25 03 90 20 01 01 02 00 00 04 4C 00 00 04 4C 00 00 00 51 00 1D FF DB 12 34 02 40 BE 00 00 00 26,1100,1100,81,4660,2026-07-30 23:26:13.569,576,29,-37,
FF FF FF FF 00 25 03 91 20 01 01 02 00 00 04 4C 00 00 04 4C 00 00 00 4B 00 15 FF D3 12 34 02 41 C5 00 00 00 47,1100,1100,75,4660,2026-07-30 23:26:13.668,577,21,-45,
FF FF FF FF 00 25 03 92 20 01 01 02 00 00 04 4C 00 00 04 4C 00 00 00 48 00 15 FF E5 12 34 02 42 C2 00 00 00 75,1100,1100,72,4660,2026-07-30 23:26:13.776,578,21,-27,
FF FF FF FF 00 25 03 93 20 01 01 02 00 00 04 4C 00 00 04 4C 00 00 00 45 00 17 FF EE 12 34 02 43 C2 00 00 00 71,1100,1100,69,4660,2026-07-30 23:26:13.868,579,23,-18,
FF FF FF FF 00 25 03 94 20 01 01 02 00 00 04 4C 00 00 04 4C 00 00 00 44 00 17 FF F5 12 34 02 44 C5 00 00 00 6C,1100,1100,68,4660,2026-07-30 23:26:13.971,580,23,-11,
FF FF FF FF 00 25 03 95 20 01 01 02 00 00 04 4C 00 00 04 4C 00 00 00 44 00 0C 00 08 12 34 02 45 C6 00 00 00 76,1100,1100,68,4660,2026-07-30 23:26:14.077,581,12,8,
FF FF FF FF 00 25 03 96 20 01 01 02 00 00 04 4C 00 00 04 4C 00 00 00 43 00 12 00 09 12 34 02 46 C4 00 00 00 6C,1100,1100,67,4660,2026-07-30 23:26:14.173,582,18,9,
FF FF FF FF 00 25 03 97 20 01 01 02 00 00 04 4C 00 00 04 4C 00 00 00 43 00 15 00 0B 12 34 02 47 C1 00 00 00 6C,1100,1100,67,4660,2026-07-30 23:26:14.270,583,21,11,
FF FF FF FF 00 25 03 98 20 01 01 02 00 00 04 4C 00 00 04 4C 00 00 00 42 00 11 00 0D 12 34 02 48 C2 00 00 00 6C,1100,1100,66,4660,2026-07-30 23:26:14.374,584,17,13,
FF FF FF FF 00 25 03 99 20 01 01 02 00 00 04 4C 00 00 04 4C 00 00 00 41 00 0A 00 0B 12 34 02 49 C5 00 00 00 75,1100,1100,65,4660,2026-07-30 23:26:14.478,585,10,11,
FF FF FF FF 00 25 03 9A 20 01 01 02 00 00 04 4C 00 00 04 4C 00 00 00 3D 00 04 00 0A 12 34 02 4A C4 00 00 00 07,1100,1100,61,4660,2026-07-30 23:26:14.575,586,4,10,
FF FF FF FF 00 25 03 9B 20 01 01 02 00 00 04 4C 00 00 04 4C 00 00 00 3A 00 00 00 0A 12 34 02 4B C2 00 00 00 02,1100,1100,58,4660,2026-07-30 23:26:14.666,587,0,10,
FF FF FF FF 00 25 03 9C 20 01 01 02 00 00 04 4C 00 00 04 4C 00 00 00 3D FF FE 00 0A 12 34 02 4C C2 00 00 00 04,1100,1100,61,4660,2026-07-30 23:26:14.766,588,-2,10,
FF FF FF FF 00 25 03 9D 20 01 01 02 00 00 04 4C 00 00 04 4C 00 00 00 38 FF FC 00 0C 12 34 02 4D C1 00 00 00 06,1100,1100,56,4660,2026-07-30 23:26:14.876,589,-4,12,
FF FF FF FF 00 25 03 9E 20 01 01 02 00 00 04 4C 00 00 04 4C 00 00 00 40 FF FC 00 0F 12 34 02 4E C5 00 00 00 79,1100,1100,64,4660,2026-07-30 23:26:14.976,590,-4,15,
FF FF FF FF 00 25 03 9F 20 01 01 02 00 00 04 4C 00 00 04 4C 00 00 00 45 FF FC 00 12 12 34 02 4F C8 00 00 00 6C,1100,1100,69,4660,2026-07-30 23:26:15.067,591,-4,18,
FF FF FF FF 00 25 03 A0 20 01 01 02 00 00 04 4C 00 00 04 4C 00 00 00 46 FF FD 00 16 12 34 02 50 CA 00 00 00 48,1100,1100,70,4660,2026-07-30 23:26:15.168,592,-3,22,
FF FF FF FF 00 25 03 A1 20 01 01 02 00 00 04 4C 00 00 04 4C 00 00 00 46 FF FE 00 1A 12 34 02 51 CA 00 00 00 47,1100,1100,70,4660,2026-07-30 23:26:15.270,593,-2,26,
FF FF FF FF 00 25 03 A2 20 01 01 02 00 00 04 4C 00 00 04 4C 00 00 00 46 00 00 00 1E 12 34 02 52 C9 00 00 00 41,1100,1100,70,4660,2026-07-30 23:26:15.367,594,0,30,
FF FF FF FF 00 25 03 A3 20 01 01 02 00 00 04 4C 00 00 04 4C 00 00 00 45 00 02 00 21 12 34 02 53 C6 00 00 00 70,1100,1100,69,4660,2026-07-30 23:26:15.476,595,2,33,
FF FF FF FF 00 25 03 A4 20 01 01 02 00 00 04 4C 00 00 04 4C 00 00 00 43 00 04 00 21 12 34 02 54 C8 00 00 00 7E,1100,1100,67,4660,2026-07-30 23:26:15.569,596,4,33,
FF FF FF FF 00 25 03 A5 20 01 01 02 00 00 04 4C 00 00 04 4C 00 00 00 42 00 06 00 20 12 34 02 55 C8 00 00 00 7C,1100,1100,66,4660,2026-07-30 23:26:15.680,597,6,32,
FF FF FF FF 00 25 03 A6 20 01 01 02 00 00 04 4C 00 00 04 4C 00 00 00 43 00 07 00 20 12 34 02 56 C8 00 00 00 7C,1100,1100,67,4660,2026-07-30 23:26:15.778,598,7,32,
FF FF FF FF 00 25 03 A7 20 01 01 02 00 00 04 4C 00 00 04 4C 00 00 00 43 00 09 00 20 12 34 02 57 CA 00 00 00 70,1100,1100,67,4660,2026-07-30 23:26:15.867,599,9,32,
FF FF FF FF 00 25 03 A8 20 01 01 02 00 00 04 4C 00 00 04 4C 00 00 00 45 00 0A 00 1F 12 34 02 58 CB 00 00 00 4B,1100,1100,69,4660,2026-07-30 23:26:15.963,600,10,31,
FF FF FF FF 00 25 03 A9 20 01 01 02 00 00 04 4C 00 00 04 4C 00 00 00 45 00 0B 00 1F 12 34 02 59 CA 00 00 00 4B,1100,1100,69,4660,2026-07-30 23:26:16.075,601,11,31,
FF FF FF FF 00 25 03 AA 20 01 01 02 00 00 04 4C 00 00 04 4C 00 00 00 47 00 0B 00 1E 12 34 02 5A CB 00 00 00 49,1100,1100,71,4660,2026-07-30 23:26:16.174,602,11,30,
FF FF FF FF 00 25 03 AB 20 01 01 02 00 00 04 4C 00 00 04 4C 00 00 00 48 00 0C 00 1E 12 34 02 5B CC 00 00 00 46,1100,1100,72,4660,2026-07-30 23:26:16.263,603,12,30,
FF FF FF FF 00 25 03 AC 20 01 01 02 00 00 04 4C 00 00 04 4C 00 00 00 48 00 0C 00 1D 12 34 02 5C D0 00 00 00 59,1100,1100,72,4660,2026-07-30 23:26:16.366,604,12,29,
FF FF FF FF 00 25 03 AD 20 01 01 02 00 00 04 4C 00 00 04 4C 00 00 00 48 00 0C 00 1C 12 34 02 5D D1 00 00 00 59,1100,1100,72,4660,2026-07-30 23:26:16.471,605,12,28,
FF FF FF FF 00 25 03 AE 20 01 01 02 00 00 04 4C 00 00 04 4C 00 00 00 46 00 0C 00 1C 12 34 02 5E D0 00 00 00 56,1100,1100,70,4660,2026-07-30 23:26:16.567,606,12,28,
FF FF FF FF 00 25 03 AF 20 01 01 02 00 00 04 4C 00 00 04 4C 00 00 00 47 00 0A 00 19 12 34 02 5F D4 00 00 00 50,1100,1100,71,4660,2026-07-30 23:26:16.675,607,10,25,
FF FF FF FF 00 25 03 B0 20 01 01 02 00 00 04 4C 00 00 04 4C 00 00 00 4C 00 06 00 15 12 34 02 60 CB 00 00 00 64,1100,1100,76,4660,2026-07-30 23:26:16.776,608,6,21,
FF FF FF FF 00 25 03 B1 20 01 01 02 00 00 04 4C 00 00 04 4C 00 00 00 4D 00 03 00 13 12 34 02 61 CE 00 00 00 63,1100,1100,77,4660,2026-07-30 23:26:16.874,609,3,19,
FF FF FF FF 00 25 03 B2 20 01 01 02 00 00 04 4C 00 00 04 4C 00 00 00 49 FF FC 00 13 12 34 02 62 CA 00 00 00 63,1100,1100,73,4660,2026-07-30 23:26:16.971,610,-4,19,
FF FF FF FF 00 25 03 B3 20 01 01 02 00 00 04 4C 00 00 04 4C 00 00 00 4A FF F9 00 15 12 34 02 63 D1 00 00 00 78,1100,1100,74,4660,2026-07-30 23:26:17.071,611,-7,21,
FF FF FF FF 00 25 03 B4 20 01 01 02 00 00 04 4C 00 00 04 4C 00 00 00 4C FF F4 00 14 12 34 02 64 CE 00 00 00 6D,1100,1100,76,4660,2026-07-30 23:26:17.167,612,-12,20,
FF FF FF FF 00 25 03 B5 20 01 01 02 00 00 04 4C 00 00 04 4C 00 00 00 4D FF F0 00 14 12 34 02 65 CF 00 00 00 69,1100,1100,77,4660,2026-07-30 23:26:17.270,613,-16,20,
FF FF FF FF 00 25 03 B6 20 01 01 02 00 00 04 4C 00 00 04 4C 00 00 00 4F FF EE 00 14 12 34 02 66 D1 00 00 00 6B,1100,1100,79,4660,2026-07-30 23:26:17.374,614,-18,20,
FF FF FF FF 00 25 03 B7 20 01 01 02 00 00 04 4C 00 00 04 4C 00 00 00 4F FF ED 00 14 12 34 02 67 D1 00 00 00 68,1100,1100,79,4660,2026-07-30 23:26:17.464,615,-19,20,
FF FF FF FF 00 25 03 B8 20 01 01 02 00 00 04 4C 00 00 04 4C 00 00 00 50 FF ED 00 13 12 34 02 68 CF 00 00 00 6E,1100,1100,80,4660,2026-07-30 23:26:17.581,616,-19,19,
FF FF FF FF 00 25 03 B9 20 01 01 02 00 00 04 4C 00 00 04 4C 00 00 00 4F FF EF 00 0D 12 34 02 69 CD 00 00 00 6F,1100,1100,79,4660,2026-07-30 23:26:17.675,617,-17,13,
FF FF FF FF 00 25 03 BA 20 01 01 02 00 00 04 4C 00 00 04 4C 00 00 00 50 FF EB 00 09 12 34 02 6A CC 00 00 00 71,1100,1100,80,4660,2026-07-30 23:26:17.771,618,-21,9,
FF FF FF FF 00 25 03 BB 20 01 01 02 00 00 04 4C 00 00 04 4C 00 00 00 4F FF EB 00 07 12 34 02 6B CA 00 00 00 66,1100,1100,79,4660,2026-07-30 23:26:17.867,619,-21,7,
FF FF FF FF 00 25 03 BC 20 01 01 02 00 00 04 4C 00 00 04 4C 00 00 00 4D FF EB 00 07 12 34 02 6C CD 00 00 00 63,1100,1100,77,4660,2026-07-30 23:26:17.971,620,-21,7,
FF FF FF FF 00 25 03 BD 20 01 01 02 00 00 04 4C 00 00 04 4C 00 00 00 4D FF EA 00 07 12 34 02 6D CF 00 00 00 60,1100,1100,77,4660,2026-07-30 23:26:18.071,621,-22,7,
FF FF FF FF 00 25 03 BE 20 01 01 02 00 00 04 4C 00 00 04 4C 00 00 00 4C FF EB 00 07 12 34 02 6E CF 00 00 00 60,1100,1100,76,4660,2026-07-30 23:26:18.182,622,-21,7,
FF FF FF FF 00 25 03 BF 20 01 01 02 00 00 04 4C 00 00 04 4C 00 00 00 4A FF EA 00 08 12 34 02 6F D1 00 00 00 76,1100,1100,74,4660,2026-07-30 23:26:18.276,623,-22,8,
FF FF FF FF 00 25 03 C0 20 01 01 02 00 00 04 4C 00 00 04 4C 00 00 00 46 FF EB 00 05 12 34 02 70 CE 00 00 00 09,1100,1100,70,4660,2026-07-30 23:26:18.366,624,-21,5,
FF FF FF FF 00 25 03 C1 20 01 01 02 00 00 04 4C 00 00 04 4C 00 00 00 44 FF EC 00 05 12 34 02 71 D5 00 00 00 17,1100,1100,68,4660,2026-07-30 23:26:18.479,625,-20,5,
FF FF FF FF 00 25 03 C2 20 01 01 02 00 00 04 4C 00 00 04 4C 00 00 00 40 FF EC 00 05 12 34 02 72 D9 00 00 00 1F,1100,1100,64,4660,2026-07-30 23:26:18.568,626,-20,5,
FF FF FF FF 00 25 03 C3 20 01 01 02 00 00 04 4C 00 00 04 4C 00 00 00 3E FF ED 00 03 12 34 02 73 DB 00 00 00 64,1100,1100,62,4660,2026-07-30 23:26:18.676,627,-19,3,
FF FF FF FF 00 25 03 C4 20 01 01 02 00 00 04 4C 00 00 04 4C 00 00 00 3D FF EC 00 04 12 34 02 74 DD 00 00 00 67,1100,1100,61,4660,2026-07-30 23:26:18.775,628,-20,4,
FF FF FF FF 00 25 03 C5 20 01 01 02 00 00 04 4C 00 00 04 4C 00 00 00 3A FF ED 00 04 12 34 02 75 DB 00 00 00 67,1100,1100,58,4660,2026-07-30 23:26:18.874,629,-19,4,
FF FF FF FF 00 25 03 C6 20 01 01 02 00 00 04 4C 00 00 04 4C 00 00 00 37 FF ED 00 03 12 34 02 76 DA 00 00 00 6C,1100,1100,55,4660,2026-07-30 23:26:18.971,630,-19,3,
FF FF FF FF 00 25 03 C7 20 01 01 02 00 00 04 4C 00 00 04 4C 00 00 00 35 FF EE 00 03 12 34 02 77 DA 00 00 00 6D,1100,1100,53,4660,2026-07-30 23:26:19.065,631,-18,3,
FF FF FF FF 00 25 03 C8 20 01 01 02 00 00 04 4C 00 00 04 4C 00 00 00 35 FF EE 00 03 12 34 02 78 DC 00 00 00 6B,1100,1100,53,4660,2026-07-30 23:26:19.181,632,-18,3,
FF FF FF FF 00 25 03 C9 20 01 01 02 00 00 04 4C 00 00 04 4C 00 00 00 35 FF EF 00 04 12 34 02 79 DB 00 00 00 6A,1100,1100,53,4660,2026-07-30 23:26:19.267,633,-17,4,
FF FF FF FF 00 25 03 CA 20 01 01 02 00 00 04 4C 00 00 04 4C 00 00 00 35 FF EF 00 04 12 34 02 7A DB 00 00 00 6A,1100,1100,53,4660,2026-07-30 23:26:19.367,634,-17,4,
FF FF FF FF 00 25 03 CB 20 01 01 02 00 00 04 4C 00 00 04 4C 00 00 00 35 FF EF 00 06 12 34 02 7B DD 00 00 00 6E,1100,1100,53,4660,2026-07-30 23:26:19.471,635,-17,6,
FF FF FF FF 00 25 03 CC 20 01 01 02 00 00 04 4C 00 00 04 4C 00 00 00 34 FF EF 00 07 12 34 02 7C DD 00 00 00 6E,1100,1100,52,4660,2026-07-30 23:26:19.580,636,-17,7,
FF FF FF FF 00 25 03 CD 20 01 01 02 00 00 04 4C 00 00 04 4C 00 00 00 34 FF EF 00 05 12 34 02 7D DB 00 00 00 6A,1100,1100,52,4660,2026-07-30 23:26:19.679,637,-17,5,
FF FF FF FF 00 25 03 CE 20 01 01 02 00 00 04 4C 00 00 04 4C 00 00 00 35 FF EE 00 06 12 34 02 7E E0 00 00 00 52,1100,1100,53,4660,2026-07-30 23:26:19.776,638,-18,6,
FF FF FF FF 00 25 03 CF 20 01 01 02 00 00 04 4C 00 00 04 4C 00 00 00 36 FF EE 00 06 12 34 02 7F DB 00 00 00 6A,1100,1100,54,4660,2026-07-30 23:26:19.871,639,-18,6,
FF FF FF FF 00 25 03 D0 20 01 01 02 00 00 04 4C 00 00 04 4C 00 00 00 36 FF EE 00 06 12 34 02 80 DB 00 00 00 8A,1100,1100,54,4660,2026-07-30 23:26:19.968,640,-18,6,
FF FF FF FF 00 25 03 D1 20 01 01 02 00 00 04 4C 00 00 04 4C 00 00 00 37 FF ED 00 06 12 34 02 81 DB 00 00 00 88,1100,1100,55,4660,2026-07-30 23:26:20.076,641,-19,6,
FF FF FF FF 00 25 03 D2 20 01 01 02 00 00 04 4C 00 00 04 4C 00 00 00 38 FF ED 00 06 12 34 02 82 DA 00 00 00 86,1100,1100,56,4660,2026-07-30 23:26:20.171,642,-19,6,
FF FF FF FF 00 25 03 D3 20 01 01 02 00 00 04 4C 00 00 04 4C 00 00 00 38 FF ED 00 06 12 34 02 83 DC 00 00 00 80,1100,1100,56,4660,2026-07-30 23:26:20.268,643,-19,6,
FF FF FF FF 00 25 03 D4 20 01 01 02 00 00 04 4C 00 00 04 4C 00 00 00 39 FF ED 00 05 12 34 02 84 DB 00 00 00 85,1100,1100,57,4660,2026-07-30 23:26:20.368,644,-19,5,
FF FF FF FF 00 25 03 D5 20 01 01 02 00 00 04 4C 00 00 04 4C 00 00 00 39 FF ED 00 05 12 34 02 85 DA 00 00 00 84,1100,1100,57,4660,2026-07-30 23:26:20.475,645,-19,5,
FF FF FF FF 00 25 03 D6 20 01 01 02 00 00 04 4C 00 00 04 4C 00 00 00 39 FF ED 00 05 12 34 02 86 DC 00 00 00 82,1100,1100,57,4660,2026-07-30 23:26:20.575,646,-19,5,
FF FF FF FF 00 25 03 D7 20 01 01 02 00 00 04 4C 00 00 04 4C 00 00 00 39 FF EC 00 05 12 34 02 87 DB 00 00 00 84,1100,1100,57,4660,2026-07-30 23:26:20.680,647,-20,5,
FF FF FF FF 00 25 03 D8 20 01 01 02 00 00 04 4C 00 00 04 4C 00 00 00 39 FF EC 00 06 12 34 02 88 DB 00 00 00 87,1100,1100,57,4660,2026-07-30 23:26:20.768,648,-20,6,
FF FF FF FF 00 25 03 D9 20 01 01 02 00 00 04 4C 00 00 04 4C 00 00 00 39 FF ED 00 05 12 34 02 89 DC 00 00 00 82,1100,1100,57,4660,2026-07-30 23:26:20.872,649,-19,5,
FF FF FF FF 00 25 03 DA 20 01 01 02 00 00 04 4C 00 00 04 4C 00 00 00 39 FF ED 00 05 12 34 02 8A DB 00 00 00 85,1100,1100,57,4660,2026-07-30 23:26:20.977,650,-19,5,
FF FF FF FF 00 25 03 DB 20 01 01 02 00 00 04 4C 00 00 04 4C 00 00 00 39 FF ED 00 06 12 34 02 8B DD 00 00 00 80,1100,1100,57,4660,2026-07-30 23:26:21.076,651,-19,6,
FF FF FF FF 00 25 03 DC 20 01 01 02 00 00 04 4C 00 00 04 4C 00 00 00 39 FF ED 00 06 12 34 02 8C DB 00 00 00 86,1100,1100,57,4660,2026-07-30 23:26:21.181,652,-19,6,
FF FF FF FF 00 25 03 DD 20 01 01 02 00 00 04 4C 00 00 04 4C 00 00 00 39 FF ED 00 06 12 34 02 8D DB 00 00 00 86,1100,1100,57,4660,2026-07-30 23:26:21.277,653,-19,6,
FF FF FF FF 00 25 03 DE 20 01 01 02 00 00 04 4C 00 00 04 4C 00 00 00 39 FF ED 00 06 12 34 02 8E DB 00 00 00 86,1100,1100,57,4660,2026-07-30 23:26:21.367,654,-19,6,
FF FF FF FF 00 25 03 DF 20 01 01 02 00 00 04 4C 00 00 04 4C 00 00 00 3A FF ED 00 06 12 34 02 8F DB 00 00 00 85,1100,1100,58,4660,2026-07-30 23:26:21.468,655,-19,6,
FF FF FF FF 00 25 03 E0 20 01 01 02 00 00 04 4C 00 00 04 4C 00 00 00 3A FF ED 00 06 12 34 02 90 DB 00 00 00 A5,1100,1100,58,4660,2026-07-30 23:26:21.574,656,-19,6,
FF FF FF FF 00 25 03 E1 20 01 01 02 00 00 04 4C 00 00 04 4C 00 00 00 3A FF ED 00 06 12 34 02 91 DB 00 00 00 A5,1100,1100,58,4660,2026-07-30 23:26:21.672,657,-19,6,
FF FF FF FF 00 25 03 E2 20 01 01 02 00 00 04 4C 00 00 04 4C 00 00 00 3A FF ED 00 07 12 34 02 92 DB 00 00 00 A4,1100,1100,58,4660,2026-07-30 23:26:21.769,658,-19,7,
FF FF FF FF 00 25 03 E3 20 01 01 02 00 00 04 4C 00 00 04 4C 00 00 00 39 FF ED 00 07 12 34 02 93 DB 00 00 00 A7,1100,1100,57,4660,2026-07-30 23:26:21.875,659,-19,7,
FF FF FF FF 00 25 03 E4 20 01 01 02 00 00 04 4C 00 00 04 4C 00 00 00 39 FF EE 00 07 12 34 02 94 DC 00 00 00 A3,1100,1100,57,4660,2026-07-30 23:26:21.976,660,-18,7,
FF FF FF FF 00 25 03 E5 20 01 01 02 00 00 04 4C 00 00 04 4C 00 00 00 39 FF EE 00 07 12 34 02 95 DB 00 00 00 A4,1100,1100,57,4660,2026-07-30 23:26:22.066,661,-18,7,
FF FF FF FF 00 25 03 E6 20 01 01 02 00 00 04 4C 00 00 04 4C 00 00 00 39 FF EE 00 07 12 34 02 96 DB 00 00 00 A4,1100,1100,57,4660,2026-07-30 23:26:22.180,662,-18,7,
FF FF FF FF 00 25 03 E7 20 01 01 02 00 00 04 4C 00 00 04 4C 00 00 00 39 FF EE 00 07 12 34 02 97 DD 00 00 00 A2,1100,1100,57,4660,2026-07-30 23:26:22.276,663,-18,7,
FF FF FF FF 00 25 03 E8 20 01 01 02 00 00 04 4C 00 00 04 4C 00 00 00 39 FF EE 00 07 12 34 02 98 DD 00 00 00 A2,1100,1100,57,4660,2026-07-30 23:26:22.373,664,-18,7,
FF FF FF FF 00 25 03 E9 20 01 01 02 00 00 04 4C 00 00 04 4C 00 00 00 39 FF EE 00 07 12 34 02 99 DD 00 00 00 A2,1100,1100,57,4660,2026-07-30 23:26:22.471,665,-18,7,
FF FF FF FF 00 25 03 EA 20 01 01 02 00 00 04 4C 00 00 04 4C 00 00 00 3A FF ED 00 08 12 34 02 9A DB 00 00 00 AB,1100,1100,58,4660,2026-07-30 23:26:22.568,666,-19,8,
FF FF FF FF 00 25 03 EB 20 01 01 02 00 00 04 4C 00 00 04 4C 00 00 00 39 FF EE 00 08 12 34 02 9B DB 00 00 00 AB,1100,1100,57,4660,2026-07-30 23:26:22.675,667,-18,8,
FF FF FF FF 00 25 03 EC 20 01 01 02 00 00 04 4C 00 00 04 4C 00 00 00 39 FF EE 00 08 12 34 02 9C DD 00 00 00 AD,1100,1100,57,4660,2026-07-30 23:26:22.777,668,-18,8,
FF FF FF FF 00 25 03 ED 20 01 01 02 00 00 04 4C 00 00 04 4C 00 00 00 39 FF EE 00 08 12 34 02 9D DC 00 00 00 AC,1100,1100,57,4660,2026-07-30 23:26:22.867,669,-18,8,
FF FF FF FF 00 25 03 EE 20 01 01 02 00 00 04 4C 00 00 04 4C 00 00 00 39 FF EE 00 08 12 34 02 9E DC 00 00 00 AC,1100,1100,57,4660,2026-07-30 23:26:22.977,670,-18,8,
FF FF FF FF 00 25 03 EF 20 01 01 02 00 00 04 4C 00 00 04 4C 00 00 00 39 FF EE 00 08 12 34 02 9F DB 00 00 00 AB,1100,1100,57,4660,2026-07-30 23:26:23.071,671,-18,8,
FF FF FF FF 00 25 03 F0 20 01 01 02 00 00 04 4C 00 00 04 4C 00 00 00 39 FF EE 00 07 12 34 02 A0 DB 00 00 00 84,1100,1100,57,4660,2026-07-30 23:26:23.180,672,-18,7,
FF FF FF FF 00 25 03 F1 20 01 01 02 00 00 04 4C 00 00 04 4C 00 00 00 39 FF EE 00 07 12 34 02 A1 DB 00 00 00 84,1100,1100,57,4660,2026-07-30 23:26:23.276,673,-18,7,
FF FF FF FF 00 25 03 F2 20 01 01 02 00 00 04 4C 00 00 04 4C 00 00 00 39 FF EE 00 07 12 34 02 A2 DB 00 00 00 84,1100,1100,57,4660,2026-07-30 23:26:23.374,674,-18,7,
FF FF FF FF 00 25 03 F3 20 01 01 02 00 00 04 4C 00 00 04 4C 00 00 00 39 FF EE 00 07 12 34 02 A3 DB 00 00 00 84,1100,1100,57,4660,2026-07-30 23:26:23.473,675,-18,7,
FF FF FF FF 00 25 03 F4 20 01 01 02 00 00 04 4C 00 00 04 4C 00 00 00 39 FF EE 00 06 12 34 02 A4 DB 00 00 00 85,1100,1100,57,4660,2026-07-30 23:26:23.574,676,-18,6,
FF FF FF FF 00 25 03 F5 20 01 01 02 00 00 04 4C 00 00 04 4C 00 00 00 39 FF EF 00 07 12 34 02 A5 D9 00 00 00 87,1100,1100,57,4660,2026-07-30 23:26:23.672,677,-17,7,
FF FF FF FF 00 25 03 F6 20 01 01 02 00 00 04 4C 00 00 04 4C 00 00 00 3A FF F0 00 02 12 34 02 A6 DA 00 00 00 9D,1100,1100,58,4660,2026-07-30 23:26:23.772,678,-16,2,
FF FF FF FF 00 25 03 F7 20 01 01 02 00 00 04 4C 00 00 04 4C 00 00 00 3D FF F2 00 00 12 34 02 A7 D5 00 00 00 95,1100,1100,61,4660,2026-07-30 23:26:23.870,679,-14,0,
FF FF FF FF 00 25 03 F8 20 01 01 02 00 00 04 4C 00 00 04 4C 00 00 00 3E FF F1 FF FC 12 34 02 A8 CB 00 00 00 88,1100,1100,62,4660,2026-07-30 23:26:23.971,680,-15,-4,
FF FF FF FF 00 25 03 F9 20 01 01 02 00 00 04 4C 00 00 04 4C 00 00 00 47 FF F2 FF FE 12 34 02 A9 CB 00 00 00 F0,1100,1100,71,4660,2026-07-30 23:26:24.075,681,-14,-2,
FF FF FF FF 00 25 03 FA 20 01 01 02 00 00 04 4C 00 00 04 4C 00 00 00 4A FF F6 FF FA 12 34 02 AA C6 00 00 00 F0,1100,1100,74,4660,2026-07-30 23:26:24.179,682,-10,-6,
FF FF FF FF 00 25 03 FB 20 01 01 02 00 00 04 4C 00 00 04 4C 00 00 00 4E FF F9 FF F7 12 34 02 AB C6 00 00 00 F6,1100,1100,78,4660,2026-07-30 23:26:24.277,683,-7,-9,
FF FF FF FF 00 25 03 FC 20 01 01 02 00 00 04 4C 00 00 04 4C 00 00 00 4F FF FC FF F7 12 34 02 AC C8 00 00 00 FC,1100,1100,79,4660,2026-07-30 23:26:24.371,684,-4,-9,
FF FF FF FF 00 25 03 FD 20 01 01 02 00 00 04 4C 00 00 04 4C 00 00 00 51 FF FD FF F6 12 34 02 AD C7 00 00 00 ED,1100,1100,81,4660,2026-07-30 23:26:24.470,685,-3,-10,
FF FF FF FF 00 25 03 FE 20 01 01 02 00 00 04 4C 00 00 04 4C 00 00 00 53 FF FD FF F5 12 34 02 AE C8 00 00 00 E3,1100,1100,83,4660,2026-07-30 23:26:24.581,686,-3,-11,
FF FF FF FF 00 25 03 FF 20 01 01 02 00 00 04 4C 00 00 04 4C 00 00 00 53 FF FE FF F5 12 34 02 AF C6 00 00 00 EE,1100,1100,83,4660,2026-07-30 23:26:24.677,687,-2,-11,
FF FF FF FF 00 25 04 00 20 01 01 02 00 00 04 4C 00 00 04 4C 00 00 00 53 FF FE FF F4 12 34 02 B0 C7 00 00 00 09,1100,1100,83,4660,2026-07-30 23:26:24.769,688,-2,-12,
FF FF FF FF 00 25 04 01 20 01 01 02 00 00 04 4C 00 00 04 4C 00 00 00 53 FF FE FF F4 12 34 02 B1 C7 00 00 00 09,1100,1100,83,4660,2026-07-30 23:26:24.877,689,-2,-12,
FF FF FF FF 00 25 04 02 20 01 01 02 00 00 04 4C 00 00 04 4C 00 00 00 52 FF FE FF F4 12 34 02 B2 C6 00 00 00 09,1100,1100,82,4660,2026-07-30 23:26:24.971,690,-2,-12,
FF FF FF FF 00 25 04 03 20 01 01 02 00 00 04 4C 00 00 04 4C 00 00 00 51 FF FD FF F5 12 34 02 B3 C6 00 00 00 08,1100,1100,81,4660,2026-07-30 23:26:25.071,691,-3,-11,
FF FF FF FF 00 25 04 04 20 01 01 02 00 00 04 4C 00 00 04 4C 00 00 00 52 FF FD FF F4 12 34 02 B4 C8 00 00 00 04,1100,1100,82,4660,2026-07-30 23:26:25.168,692,-3,-12,
FF FF FF FF 00 25 04 05 20 01 01 02 00 00 04 4C 00 00 04 4C 00 00 00 52 FF FD FF F4 12 34 02 B5 C6 00 00 00 0A,1100,1100,82,4660,2026-07-30 23:26:25.279,693,-3,-12,
FF FF FF FF 00 25 04 06 20 01 01 02 00 00 04 4C 00 00 04 4C 00 00 00 50 FF FD FF F4 12 34 02 B6 C6 00 00 00 08,1100,1100,80,4660,2026-07-30 23:26:25.371,694,-3,-12,
FF FF FF FF 00 25 04 07 20 01 01 02 00 00 04 4C 00 00 04 4C 00 00 00 4F FF FC FF F4 12 34 02 B7 CA 00 00 00 1A,1100,1100,79,4660,2026-07-30 23:26:25.477,695,-4,-12,
FF FF FF FF 00 25 04 08 20 01 01 02 00 00 04 4C 00 00 04 4C 00 00 00 4F FF FC FF F4 12 34 02 B8 C6 00 00 00 16,1100,1100,79,4660,2026-07-30 23:26:25.574,696,-4,-12,
FF FF FF FF 00 25 04 09 20 01 01 02 00 00 04 4C 00 00 04 4C 00 00 00 4F FF FD FF F4 12 34 02 B9 C6 00 00 00 17,1100,1100,79,4660,2026-07-30 23:26:25.679,697,-3,-12,
FF FF FF FF 00 25 04 0A 20 01 01 02 00 00 04 4C 00 00 04 4C 00 00 00 50 FF FD FF F3 12 34 02 BA C5 00 00 00 0C,1100,1100,80,4660,2026-07-30 23:26:25.780,698,-3,-13,
FF FF FF FF 00 25 04 0B 20 01 01 02 00 00 04 4C 00 00 04 4C 00 00 00 51 FF FD FF F3 12 34 02 BB C5 00 00 00 0D,1100,1100,81,4660,2026-07-30 23:26:25.867,699,-3,-13,
FF FF FF FF 00 25 04 0C 20 01 01 02 00 00 04 4C 00 00 04 4C 00 00 00 52 FF FD FF F4 12 34 02 BC C6 00 00 00 0A,1100,1100,82,4660,2026-07-30 23:26:25.968,700,-3,-12,
FF FF FF FF 00 25 04 0D 20 01 01 02 00 00 04 4C 00 00 04 4C 00 00 00 52 FF FD FF F4 12 34 02 BD C7 00 00 00 0B,1100,1100,82,4660,2026-07-30 23:26:26.074,701,-3,-12,
FF FF FF FF 00 25 04 0E 20 01 01 02 00 00 04 4C 00 00 04 4C 00 00 00 50 FF FD FF F3 12 34 02 BE C6 00 00 00 0F,1100,1100,80,4660,2026-07-30 23:26:26.171,702,-3,-13,
FF FF FF FF 00 25 04 0F 20 01 01 02 00 00 04 4C 00 00 04 4C 00 00 00 50 FF FC FF F4 12 34 02 BF C6 00 00 00 09,1100,1100,80,4660,2026-07-30 23:26:26.267,703,-4,-12,
FF FF FF FF 00 25 04 10 20 01 01 02 00 00 04 4C 00 00 04 4C 00 00 00 50 FF FC FF F3 12 34 02 C0 C5 00 00 00 6D,1100,1100,80,4660,2026-07-30 23:26:26.366,704,-4,-13,
FF FF FF FF 00 25 04 11 20 01 01 02 00 00 04 4C 00 00 04 4C 00 00 00 50 FF FD FF F3 12 34 02 C1 C5 00 00 00 6C,1100,1100,80,4660,2026-07-30 23:26:26.471,705,-3,-13,
FF FF FF FF 00 25 04 12 20 01 01 02 00 00 04 4C 00 00 04 4C 00 00 00 51 FF FD FF F3 12 34 02 C2 C4 00 00 00 6C,1100,1100,81,4660,2026-07-30 23:26:26.574,706,-3,-13,
FF FF FF FF 00 25 04 13 20 01 01 02 00 00 04 4C 00 00 04 4C 00 00 00 53 FF FD FF F4 12 34 02 C3 C6 00 00 00 6B,1100,1100,83,4660,2026-07-30 23:26:26.671,707,-3,-12,
FF FF FF FF 00 25 04 14 20 01 01 02 00 00 04 4C 00 00 04 4C 00 00 00 54 FF FD FF F4 12 34 02 C4 C4 00 00 00 6E,1100,1100,84,4660,2026-07-30 23:26:26.775,708,-3,-12,
FF FF FF FF 00 25 04 15 20 01 01 02 00 00 04 4C 00 00 04 4C 00 00 00 55 FF FD FF F5 12 34 02 C5 C8 00 00 00 62,1100,1100,85,4660,2026-07-30 23:26:26.873,709,-3,-11,
FF FF FF FF 00 25 04 16 20 01 01 02 00 00 04 4C 00 00 04 4C 00 00 00 55 FF FD FF F7 12 34 02 C6 C8 00 00 00 60,1100,1100,85,4660,2026-07-30 23:26:26.964,710,-3,-9,
FF FF FF FF 00 25 04 17 20 01 01 02 00 00 04 4C 00 00 04 4C 00 00 00 5A FF F5 00 00 12 34 02 C7 CC 00 00 00 6B,1100,1100,90,4660,2026-07-30 23:26:27.073,711,-11,0,
FF FF FF FF 00 25 04 18 20 01 01 02 00 00 04 4C 00 00 04 4C 00 00 00 54 FF F4 FF FE 12 34 02 C8 CC 00 00 00 65,1100,1100,84,4660,2026-07-30 23:26:27.171,712,-12,-2,
FF FF FF FF 00 25 04 19 20 01 01 02 00 00 04 4C 00 00 04 4C 00 00 00 4E FF F4 FF FB 12 34 02 C9 D3 00 00 00 65,1100,1100,78,4660,2026-07-30 23:26:27.271,713,-12,-5,
FF FF FF FF 00 25 04 1A 20 01 01 02 00 00 04 4C 00 00 04 4C 00 00 00 50 FF F2 FF F4 12 34 02 CA D2 00 00 00 73,1100,1100,80,4660,2026-07-30 23:26:27.367,714,-14,-12,
FF FF FF FF 00 25 04 1B 20 01 01 02 00 00 04 4C 00 00 04 4C 00 00 00 49 FF F2 FF FE 12 34 02 CB D3 00 00 00 61,1100,1100,73,4660,2026-07-30 23:26:27.475,715,-14,-2,
FF FF FF FF 00 25 04 1C 20 01 01 02 00 00 04 4C 00 00 04 4C 00 00 00 3D FF EF 00 04 12 34 02 CC CA 00 00 00 14,1100,1100,61,4660,2026-07-30 23:26:27.569,716,-17,4,
FF FF FF FF 00 25 04 1D 20 01 01 02 00 00 04 4C 00 00 04 4C 00 00 00 43 FF F4 00 0F 12 34 02 CD C9 00 00 00 79,1100,1100,67,4660,2026-07-30 23:26:27.672,717,-12,15,
FF FF FF FF 00 25 04 1E 20 01 01 02 00 00 04 4C 00 00 04 4C 00 00 00 43 FF EC 00 0D 12 34 02 CE CD 00 00 00 67,1100,1100,67,4660,2026-07-30 23:26:27.773,718,-20,13,
FF FF FF FF 00 25 04 1F 20 01 01 02 00 00 04 4C 00 00 04 4C 00 00 00 40 FF EC 00 11 12 34 02 CF DA 00 00 00 6F,1100,1100,64,4660,2026-07-30 23:26:27.866,719,-20,17,
FF FF FF FF 00 25 04 20 20 01 01 02 00 00 04 4C 00 00 04 4C 00 00 00 3E FF EC 00 14 12 34 02 D0 D6 00 00 00 38,1100,1100,62,4660,2026-07-30 23:26:27.970,720,-20,20,
FF FF FF FF 00 25 04 21 20 01 01 02 00 00 04 4C 00 00 04 4C 00 00 00 3A FF EF 00 18 12 34 02 D1 D6 00 00 00 33,1100,1100,58,4660,2026-07-30 23:26:28.077,721,-17,24,
FF FF FF FF 00 25 04 22 20 01 01 02 00 00 04 4C 00 00 04 4C 00 00 00 3D FF ED 00 16 12 34 02 D2 DA 00 00 00 34,1100,1100,61,4660,2026-07-30 23:26:28.165,722,-19,22,
FF FF FF FF 00 25 04 23 20 01 01 02 00 00 04 4C 00 00 04 4C 00 00 00 2E FF ED 00 16 12 34 02 D3 CA 00 00 00 37,1100,1100,46,4660,2026-07-30 23:26:28.276,723,-19,22,
FF FF FF FF 00 25 04 24 20 01 01 02 00 00 04 4C 00 00 04 4C 00 00 00 30 FF EE 00 19 12 34 02 D4 D7 00 00 00 38,1100,1100,48,4660,2026-07-30 23:26:28.373,724,-18,25,
FF FF FF FF 00 25 04 25 20 01 01 02 00 00 04 4C 00 00 04 4C 00 00 00 32 FF EF 00 1B 12 34 02 D5 DB 00 00 00 35,1100,1100,50,4660,2026-07-30 23:26:28.477,725,-17,27,
FF FF FF FF 00 25 04 26 20 01 01 02 00 00 04 4C 00 00 04 4C 00 00 00 30 FF F0 00 1B 12 34 02 D6 D4 00 00 00 27,1100,1100,48,4660,2026-07-30 23:26:28.575,726,-16,27,
FF FF FF FF 00 25 04 27 20 01 01 02 00 00 04 4C 00 00 04 4C 00 00 00 2F FF F0 00 1D 12 34 02 D7 D2 00 00 00 38,1100,1100,47,4660,2026-07-30 23:26:28.673,727,-16,29,
FF FF FF FF 00 25 04 28 20 01 01 02 00 00 04 4C 00 00 04 4C 00 00 00 32 FF F0 00 1E 12 34 02 D8 DB 00 00 00 2F,1100,1100,50,4660,2026-07-30 23:26:28.775,728,-16,30,
FF FF FF FF 00 25 04 29 20 01 01 02 00 00 04 4C 00 00 04 4C 00 00 00 33 FF F1 00 1F 12 34 02 D9 D9 00 00 00 2C,1100,1100,51,4660,2026-07-30 23:26:28.871,729,-15,31,
FF FF FF FF 00 25 04 2A 20 01 01 02 00 00 04 4C 00 00 04 4C 00 00 00 35 FF F1 00 20 12 34 02 DA DA 00 00 00 16,1100,1100,53,4660,2026-07-30 23:26:28.978,730,-15,32,
FF FF FF FF 00 25 04 2B 20 01 01 02 00 00 04 4C 00 00 04 4C 00 00 00 32 FF F0 00 20 12 34 02 DB D2 00 00 00 18,1100,1100,50,4660,2026-07-30 23:26:29.069,731,-16,32,
FF FF FF FF 00 25 04 2C 20 01 01 02 00 00 04 4C 00 00 04 4C 00 00 00 33 FF F0 00 1F 12 34 02 DC D7 00 00 00 23,1100,1100,51,4660,2026-07-30 23:26:29.173,732,-16,31,
FF FF FF FF 00 25 04 2D 20 01 01 02 00 00 04 4C 00 00 04 4C 00 00 00 35 FF F0 00 1E 12 34 02 DD DC 00 00 00 2F,1100,1100,53,4660,2026-07-30 23:26:29.266,733,-16,30,
FF FF FF FF 00 25 04 2E 20 01 01 02 00 00 04 4C 00 00 04 4C 00 00 00 35 FF F1 00 1F 12 34 02 DE DB 00 00 00 28,1100,1100,53,4660,2026-07-30 23:26:29.373,734,-15,31,
FF FF FF FF 00 25 04 2F 20 01 01 02 00 00 04 4C 00 00 04 4C 00 00 00 36 FF F2 00 23 12 34 02 DF D7 00 00 00 18,1100,1100,54,4660,2026-07-30 23:26:29.470,735,-14,35,
FF FF FF FF 00 25 04 30 20 01 01 02 00 00 04 4C 00 00 04 4C 00 00 00 36 FF F2 00 23 12 34 02 E0 D9 00 00 00 36,1100,1100,54,4660,2026-07-30 23:26:29.565,736,-14,35,
FF FF FF FF 00 25 04 31 20 01 01 02 00 00 04 4C 00 00 04 4C 00 00 00 38 FF F1 00 21 12 34 02 E1 DB 00 00 00 3B,1100,1100,56,4660,2026-07-30 23:26:29.677,737,-15,33,
FF FF FF FF 00 25 04 32 20 01 01 02 00 00 04 4C 00 00 04 4C 00 00 00 37 FF F1 00 20 12 34 02 E2 D9 00 00 00 37,1100,1100,55,4660,2026-07-30 23:26:29.770,738,-15,32,
FF FF FF FF 00 25 04 33 20 01 01 02 00 00 04 4C 00 00 04 4C 00 00 00 33 FF F1 00 20 12 34 02 E3 D4 00 00 00 3E,1100,1100,51,4660,2026-07-30 23:26:29.871,739,-15,32,
FF FF FF FF 00 25 04 34 20 01 01 02 00 00 04 4C 00 00 04 4C 00 00 00 33 FF F2 00 22 12 34 02 E4 D7 00 00 00 3C,1100,1100,51,4660,2026-07-30 23:26:29.978,740,-14,34,
FF FF FF FF 00 25 04 35 20 01 01 02 00 00 04 4C 00 00 04 4C 00 00 00 33 FF F2 00 21 12 34 02 E5 D9 00 00 00 31,1100,1100,51,4660,2026-07-30 23:26:30.068,741,-14,33,
FF FF FF FF 00 25 04 36 20 01 01 02 00 00 04 4C 00 00 04 4C 00 00 00 33 FF F2 00 1F 12 34 02 E6 D8 00 00 00 0E,1100,1100,51,4660,2026-07-30 23:26:30.173,742,-14,31,
FF FF FF FF 00 25 04 37 20 01 01 02 00 00 04 4C 00 00 04 4C 00 00 00 32 FF F2 00 1F 12 34 02 E7 DA 00 00 00 0D,1100,1100,50,4660,2026-07-30 23:26:30.270,743,-14,31,
FF FF FF FF 00 25 04 38 20 01 01 02 00 00 04 4C 00 00 04 4C 00 00 00 2E FF F1 00 1F 12 34 02 E8 D1 00 00 00 19,1100,1100,46,4660,2026-07-30 23:26:30.378,744,-15,31,
FF FF FF FF 00 25 04 39 20 01 01 02 00 00 04 4C 00 00 04 4C 00 00 00 30 FF F1 00 1E 12 34 02 E9 D6 00 00 00 01,1100,1100,48,4660,2026-07-30 23:26:30.471,745,-15,30,
FF FF FF FF 00 25 04 3A 20 01 01 02 00 00 04 4C 00 00 04 4C 00 00 00 30 FF F2 00 1D 12 34 02 EA D5 00 00 00 02,1100,1100,48,4660,2026-07-30 23:26:30.566,746,-14,29,
FF FF FF FF 00 25 04 3B 20 01 01 02 00 00 04 4C 00 00 04 4C 00 00 00 30 FF F2 00 1D 12 34 02 EB D5 00 00 00 02,1100,1100,48,4660,2026-07-30 23:26:30.672,747,-14,29,
FF FF FF FF 00 25 04 3C 20 01 01 02 00 00 04 4C 00 00 04 4C 00 00 00 2F FF F2 00 1D 12 34 02 EC D6 00 00 00 1E,1100,1100,47,4660,2026-07-30 23:26:30.769,748,-14,29,
FF FF FF FF 00 25 04 3D 20 01 01 02 00 00 04 4C 00 00 04 4C 00 00 00 2F FF F2 00 1E 12 34 02 ED D5 00 00 00 1E,1100,1100,47,4660,2026-07-30 23:26:30.881,749,-14,30,
FF FF FF FF 00 25 04 3E 20 01 01 02 00 00 04 4C 00 00 04 4C 00 00 00 2F FF F2 00 1D 12 34 02 EE D7 00 00 00 1F,1100,1100,47,4660,2026-07-30 23:26:30.978,750,-14,29,
FF FF FF FF 00 25 04 3F 20 01 01 02 00 00 04 4C 00 00 04 4C 00 00 00 2C FF F2 00 1B 12 34 02 EF CE 00 00 00 03,1100,1100,44,4660,2026-07-30 23:26:31.071,751,-14,27,
FF FF FF FF 00 25 04 40 20 01 01 02 00 00 04 4C 00 00 04 4C 00 00 00 2B FF F2 00 1A 12 34 02 F0 D5 00 00 00 7E,1100,1100,43,4660,2026-07-30 23:26:31.171,752,-14,26,
FF FF FF FF 00 25 04 41 20 01 01 02 00 00 04 4C 00 00 04 4C 00 00 00 2C FF F2 00 1B 12 34 02 F1 D3 00 00 00 7E,1100,1100,44,4660,2026-07-30 23:26:31.270,753,-14,27,
FF FF FF FF 00 25 04 42 20 01 01 02 00 00 04 4C 00 00 04 4C 00 00 00 2C FF F2 00 1B 12 34 02 F2 D3 00 00 00 7E,1100,1100,44,4660,2026-07-30 23:26:31.372,754,-14,27,
FF FF FF FF 00 25 04 43 20 01 01 02 00 00 04 4C 00 00 04 4C 00 00 00 29 FF F1 00 1A 12 34 02 F3 D0 00 00 00 7A,1100,1100,41,4660,2026-07-30 23:26:31.471,755,-15,26,
FF FF FF FF 00 25 04 44 20 01 01 02 00 00 04 4C 00 00 04 4C 00 00 00 25 FF F1 00 19 12 34 02 F4 CC 00 00 00 69,1100,1100,37,4660,2026-07-30 23:26:31.569,756,-15,25,
FF FF FF FF 00 25 04 45 20 01 01 02 00 00 04 4C 00 00 04 4C 00 00 00 25 FF F1 00 18 12 34 02 F5 D2 00 00 00 76,1100,1100,37,4660,2026-07-30 23:26:31.673,757,-15,24,
FF FF FF FF 00 25 04 46 20 01 01 02 00 00 04 4C 00 00 04 4C 00 00 00 26 FF F1 00 19 12 34 02 F6 D2 00 00 00 74,1100,1100,38,4660,2026-07-30 23:26:31.768,758,-15,25,
FF FF FF FF 00 25 04 47 20 01 01 02 00 00 04 4C 00 00 04 4C 00 00 00 26 FF F1 00 19 12 34 02 F7 D2 00 00 00 74,1100,1100,38,4660,2026-07-30 23:26:31.877,759,-15,25,
FF FF FF FF 00 25 04 48 20 01 01 02 00 00 04 4C 00 00 04 4C 00 00 00 24 FF F1 00 19 12 34 02 F8 D0 00 00 00 74,1100,1100,36,4660,2026-07-30 23:26:31.978,760,-15,25,
FF FF FF FF 00 25 04 49 20 01 01 02 00 00 04 4C 00 00 04 4C 00 00 00 24 FF F1 00 17 12 34 02 F9 CD 00 00 00 67,1100,1100,36,4660,2026-07-30 23:26:32.081,761,-15,23,
FF FF FF FF 00 25 04 4C 20 01 01 02 00 00 04 4C 00 00 04 4C 00 00 00 25 FF EF 00 16 12 34 02 FC D2 00 00 00 66,1100,1100,37,4660,2026-07-30 23:26:32.408,764,-17,22,
FF FF FF FF 00 25 04 4D 20 01 01 02 00 00 04 4C 00 00 04 4C 00 00 00 25 FF EE 00 16 12 34 02 FD D0 00 00 00 65,1100,1100,37,4660,2026-07-30 23:26:32.469,765,-18,22,
FF FF FF FF 00 25 04 4E 20 01 01 02 00 00 04 4C 00 00 04 4C 00 00 00 2C FF EE 00 15 12 34 02 FE D0 00 00 00 6F,1100,1100,44,4660,2026-07-30 23:26:32.571,766,-18,21,
FF FF FF FF 00 25 04 4F 20 01 01 02 00 00 04 4C 00 00 04 4C 00 00 00 2A FF EE 00 15 12 34 02 FF CE 00 00 00 77,1100,1100,42,4660,2026-07-30 23:26:32.679,767,-18,21,
FF FF FF FF 00 25 04 50 20 01 01 02 00 00 04 4C 00 00 04 4C 00 00 00 2B FF EE 00 14 12 34 03 00 CF 00 00 00 97,1100,1100,43,4660,2026-07-30 23:26:32.768,768,-18,20,
FF FF FF FF 00 25 04 51 20 01 01 02 00 00 04 4C 00 00 04 4C 00 00 00 2C FF ED 00 13 12 34 03 01 D0 00 00 00 8B,1100,1100,44,4660,2026-07-30 23:26:32.872,769,-19,19,
FF FF FF FF 00 25 04 52 20 01 01 02 00 00 04 4C 00 00 04 4C 00 00 00 2F FF ED 00 13 12 34 03 02 CD 00 00 00 95,1100,1100,47,4660,2026-07-30 23:26:32.971,770,-19,19,
FF FF FF FF 00 25 04 53 20 01 01 02 00 00 04 4C 00 00 04 4C 00 00 00 38 FF ED 00 13 12 34 03 03 D2 00 00 00 9D,1100,1100,56,4660,2026-07-30 23:26:33.066,771,-19,19,
FF FF FF FF 00 25 04 54 20 01 01 02 00 00 04 4C 00 00 04 4C 00 00 00 3B FF ED 00 12 12 34 03 04 D3 00 00 00 9E,1100,1100,59,4660,2026-07-30 23:26:33.171,772,-19,18,
FF FF FF FF 00 25 04 55 20 01 01 02 00 00 04 4C 00 00 04 4C 00 00 00 3B FF EF 00 0F 12 34 03 05 CA 00 00 00 98,1100,1100,59,4660,2026-07-30 23:26:33.266,773,-17,15,
FF FF FF FF 00 25 04 56 20 01 01 02 00 00 04 4C 00 00 04 4C 00 00 00 3A FF F2 00 0B 12 34 03 06 CB 00 00 00 81,1100,1100,58,4660,2026-07-30 23:26:33.373,774,-14,11,
FF FF FF FF 00 25 04 57 20 01 01 02 00 00 04 4C 00 00 04 4C 00 00 00 3B FF F3 00 0C 12 34 03 07 CF 00 00 00 82,1100,1100,59,4660,2026-07-30 23:26:33.470,775,-13,12,
FF FF FF FF 00 25 04 58 20 01 01 02 00 00 04 4C 00 00 04 4C 00 00 00 45 FF F5 00 0F 12 34 03 08 D2 00 00 00 E4,1100,1100,69,4660,2026-07-30 23:26:33.569,776,-11,15,
FF FF FF FF 00 25 04 59 20 01 01 02 00 00 04 4C 00 00 04 4C 00 00 00 45 FF F4 00 10 12 34 03 09 D1 00 00 00 F9,1100,1100,69,4660,2026-07-30 23:26:33.666,777,-12,16,
FF FF FF FF 00 25 04 5A 20 01 01 02 00 00 04 4C 00 00 04 4C 00 00 00 4E FF F7 00 13 12 34 03 0A C6 00 00 00 E5,1100,1100,78,4660,2026-07-30 23:26:33.777,778,-9,19,
FF FF FF FF 00 25 04 5B 20 01 01 02 00 00 04 4C 00 00 04 4C 00 00 00 4A FF F5 00 13 12 34 03 0B D3 00 00 00 F6,1100,1100,74,4660,2026-07-30 23:26:33.872,779,-11,19,
FF FF FF FF 00 25 04 5C 20 01 01 02 00 00 04 4C 00 00 04 4C 00 00 00 44 FF F3 00 16 12 34 03 0C CA 00 00 00 E2,1100,1100,68,4660,2026-07-30 23:26:33.971,780,-13,22,
FF FF FF FF 00 25 04 5D 20 01 01 02 00 00 04 4C 00 00 04 4C 00 00 00 44 FF EE 00 1F 12 34 03 0D CA 00 00 00 F6,1100,1100,68,4660,2026-07-30 23:26:34.072,781,-18,31,
FF FF FF FF 00 25 04 5E 20 01 01 02 00 00 04 4C 00 00 04 4C 00 00 00 41 FF F0 00 1A 12 34 03 0E CE 00 00 00 EC,1100,1100,65,4660,2026-07-30 23:26:34.181,782,-16,26,
FF FF FF FF 00 25 04 5F 20 01 01 02 00 00 04 4C 00 00 04 4C 00 00 00 4B FF F8 00 1C 12 34 03 0F CA 00 00 00 EC,1100,1100,75,4660,2026-07-30 23:26:34.269,783,-8,28,
FF FF FF FF 00 25 04 60 20 01 01 02 00 00 04 4C 00 00 04 4C 00 00 00 49 FF FC 00 1C 12 34 03 10 C7 00 00 00 C7,1100,1100,73,4660,2026-07-30 23:26:34.369,784,-4,28,
FF FF FF FF 00 25 04 61 20 01 01 02 00 00 04 4C 00 00 04 4C 00 00 00 47 FF F9 00 18 12 34 03 11 CD 00 00 00 C2,1100,1100,71,4660,2026-07-30 23:26:34.477,785,-7,24,
FF FF FF FF 00 25 04 62 20 01 01 02 00 00 04 4C 00 00 04 4C 00 00 00 45 FF F8 00 16 12 34 03 12 CA 00 00 00 C8,1100,1100,69,4660,2026-07-30 23:26:34.574,786,-8,22,
FF FF FF FF 00 25 04 63 20 01 01 02 00 00 04 4C 00 00 04 4C 00 00 00 47 FF F2 00 17 12 34 03 13 CD 00 00 00 C6,1100,1100,71,4660,2026-07-30 23:26:34.675,787,-14,23,
FF FF FF FF 00 25 04 64 20 01 01 02 00 00 04 4C 00 00 04 4C 00 00 00 48 FF F4 00 16 12 34 03 14 CF 00 00 00 CC,1100,1100,72,4660,2026-07-30 23:26:34.775,788,-12,22,
FF FF FF FF 00 25 04 65 20 01 01 02 00 00 04 4C 00 00 04 4C 00 00 00 4A FF F6 00 15 12 34 03 15 CF 00 00 00 CF,1100,1100,74,4660,2026-07-30 23:26:34.871,789,-10,21,
FF FF FF FF 00 25 04 66 20 01 01 02 00 00 04 4C 00 00 04 4C 00 00 00 4A FF F4 00 14 12 34 03 16 CC 00 00 00 CF,1100,1100,74,4660,2026-07-30 23:26:34.973,790,-12,20,
FF FF FF FF 00 25 04 67 20 01 01 02 00 00 04 4C 00 00 04 4C 00 00 00 49 FF F4 00 15 12 34 03 17 CF 00 00 00 CE,1100,1100,73,4660,2026-07-30 23:26:35.075,791,-12,21,
FF FF FF FF 00 25 04 68 20 01 01 02 00 00 04 4C 00 00 04 4C 00 00 00 4C FF F3 00 12 12 34 03 18 CB 00 00 00 CF,1100,1100,76,4660,2026-07-30 23:26:35.172,792,-13,18,
FF FF FF FF 00 25 04 69 20 01 01 02 00 00 04 4C 00 00 04 4C 00 00 00 4A FF F2 00 15 12 34 03 19 D6 00 00 00 D2,1100,1100,74,4660,2026-07-30 23:26:35.267,793,-14,21,
FF FF FF FF 00 25 04 6A 20 01 01 02 00 00 04 4C 00 00 04 4C 00 00 00 48 FF ED 00 1C 12 34 03 1A CA 00 00 00 DA,1100,1100,72,4660,2026-07-30 23:26:35.368,794,-19,28,
FF FF FF FF 00 25 04 6B 20 01 01 02 00 00 04 4C 00 00 04 4C 00 00 00 47 FF EF 00 1E 12 34 03 1B D3 00 00 00 CC,1100,1100,71,4660,2026-07-30 23:26:35.478,795,-17,30,
FF FF FF FF 00 25 04 6C 20 01 01 02 00 00 04 4C 00 00 04 4C 00 00 00 47 FF EF 00 1C 12 34 03 1C D7 00 00 00 CA,1100,1100,71,4660,2026-07-30 23:26:35.566,796,-17,28,
FF FF FF FF 00 25 04 6D 20 01 01 02 00 00 04 4C 00 00 04 4C 00 00 00 46 FF EF 00 1B 12 34 03 1D D1 00 00 00 CA,1100,1100,70,4660,2026-07-30 23:26:35.665,797,-17,27,
FF FF FF FF 00 25 04 6E 20 01 01 02 00 00 04 4C 00 00 04 4C 00 00 00 48 FF EE 00 1B 12 34 03 1E D2 00 00 00 C6,1100,1100,72,4660,2026-07-30 23:26:35.775,798,-18,27,
FF FF FF FF 00 25 04 6F 20 01 01 02 00 00 04 4C 00 00 04 4C 00 00 00 4E FF EF 00 1F 12 34 03 1F CD 00 00 00 DA,1100,1100,78,4660,2026-07-30 23:26:35.873,799,-17,31,
FF FF FF FF 00 25 04 70 20 01 01 02 00 00 04 4C 00 00 04 4C 00 00 00 4A FF EF 00 1E 12 34 03 20 D1 00 00 00 E3,1100,1100,74,4660,2026-07-30 23:26:35.970,800,-17,30,
FF FF FF FF 00 25 04 71 20 01 01 02 00 00 04 4C 00 00 04 4C 00 00 00 49 FF EF 00 1E 12 34 03 21 D1 00 00 00 E0,1100,1100,73,4660,2026-07-30 23:26:36.073,801,-17,30,
FF FF FF FF 00 25 04 72 20 01 01 02 00 00 04 4C 00 00 04 4C 00 00 00 49 FF ED 00 1C 12 34 03 22 D1 00 00 00 E0,1100,1100,73,4660,2026-07-30 23:26:36.171,802,-19,28,
FF FF FF FF 00 25 04 73 20 01 01 02 00 00 04 4C 00 00 04 4C 00 00 00 4A FF EC 00 1B 12 34 03 23 D3 00 00 00 E7,1100,1100,74,4660,2026-07-30 23:26:36.270,803,-20,27,
FF FF FF FF 00 25 04 74 20 01 01 02 00 00 04 4C 00 00 04 4C 00 00 00 4C FF EB 00 1A 12 34 03 24 CB 00 00 00 FF,1100,1100,76,4660,2026-07-30 23:26:36.367,804,-21,26,
FF FF FF FF 00 25 04 75 20 01 01 02 00 00 04 4C 00 00 04 4C 00 00 00 4B FF EB 00 1A 12 34 03 25 D3 00 00 00 E0,1100,1100,75,4660,2026-07-30 23:26:36.469,805,-21,26,
FF FF FF FF 00 25 04 76 20 01 01 02 00 00 04 4C 00 00 04 4C 00 00 00 4B FF EB 00 1A 12 34 03 26 D3 00 00 00 E0,1100,1100,75,4660,2026-07-30 23:26:36.573,806,-21,26,
FF FF FF FF 00 25 04 77 20 01 01 02 00 00 04 4C 00 00 04 4C 00 00 00 46 FF E9 00 18 12 34 03 27 C5 00 00 00 FB,1100,1100,70,4660,2026-07-30 23:26:36.666,807,-23,24,
FF FF FF FF 00 25 04 78 20 01 01 02 00 00 04 4C 00 00 04 4C 00 00 00 48 FF EA 00 18 12 34 03 28 D1 00 00 00 E2,1100,1100,72,4660,2026-07-30 23:26:36.770,808,-22,24,
FF FF FF FF 00 25 04 79 20 01 01 02 00 00 04 4C 00 00 04 4C 00 00 00 48 FF EA 00 18 12 34 03 29 D0 00 00 00 E3,1100,1100,72,4660,2026-07-30 23:26:36.873,809,-22,24,
FF FF FF FF 00 25 04 7A 20 01 01 02 00 00 04 4C 00 00 04 4C 00 00 00 4A FF EA 00 19 12 34 03 2A D0 00 00 00 E0,1100,1100,74,4660,2026-07-30 23:26:36.977,810,-22,25,
FF FF FF FF 00 25 04 7B 20 01 01 02 00 00 04 4C 00 00 04 4C 00 00 00 4A FF EA 00 19 12 34 03 2B D3 00 00 00 E3,1100,1100,74,4660,2026-07-30 23:26:37.071,811,-22,25,
FF FF FF FF 00 25 04 7C 20 01 01 02 00 00 04 4C 00 00 04 4C 00 00 00 4C FF EA 00 1A 12 34 03 2C CD 00 00 00 F8,1100,1100,76,4660,2026-07-30 23:26:37.172,812,-22,26,
FF FF FF FF 00 25 04 7D 20 01 01 02 00 00 04 4C 00 00 04 4C 00 00 00 49 FF EB 00 18 12 34 03 2D CC 00 00 00 FF,1100,1100,73,4660,2026-07-30 23:26:37.270,813,-21,24,
FF FF FF FF 00 25 04 7E 20 01 01 02 00 00 04 4C 00 00 04 4C 00 00 00 47 FF EB 00 18 12 34 03 2E CC 00 00 00 F1,1100,1100,71,4660,2026-07-30 23:26:37.379,814,-21,24,
FF FF FF FF 00 25 04 7F 20 01 01 02 00 00 04 4C 00 00 04 4C 00 00 00 45 FF EC 00 18 12 34 03 2F C9 00 00 00 F1,1100,1100,69,4660,2026-07-30 23:26:37.474,815,-20,24,
FF FF FF FF 00 25 04 80 20 01 01 02 00 00 04 4C 00 00 04 4C 00 00 00 46 FF ED 00 16 12 34 03 30 CA 00 00 00 1E,1100,1100,70,4660,2026-07-30 23:26:37.575,816,-19,22,
FF FF FF FF 00 25 04 81 20 01 01 02 00 00 04 4C 00 00 04 4C 00 00 00 4F FF EC 00 13 12 34 03 31 C5 00 00 00 1C,1100,1100,79,4660,2026-07-30 23:26:37.668,817,-20,19,
FF FF FF FF 00 25 04 82 20 01 01 02 00 00 04 4C 00 00 04 4C 00 00 00 49 FF DD 00 26 12 34 03 32 C7 00 00 00 1C,1100,1100,73,4660,2026-07-30 23:26:37.773,818,-35,38,
FF FF FF FF 00 25 04 83 20 01 01 02 00 00 04 4C 00 00 04 4C 00 00 00 48 FF D3 00 34 12 34 03 33 CA 00 00 00 0C,1100,1100,72,4660,2026-07-30 23:26:37.866,819,-45,52,
FF FF FF FF 00 25 04 84 20 01 01 02 00 00 04 4C 00 00 04 4C 00 00 00 43 FF DE 00 29 12 34 03 34 C7 00 00 00 1A,1100,1100,67,4660,2026-07-30 23:26:37.975,820,-34,41,
FF FF FF FF 00 25 04 85 20 01 01 02 00 00 04 4C 00 00 04 4C 00 00 00 48 FF E3 00 1F 12 34 03 35 C4 00 00 00 19,1100,1100,72,4660,2026-07-30 23:26:38.071,821,-29,31,
FF FF FF FF 00 25 04 86 20 01 01 02 00 00 04 4C 00 00 04 4C 00 00 00 52 FF E3 00 17 12 34 03 36 C6 00 00 00 09,1100,1100,82,4660,2026-07-30 23:26:38.180,822,-29,23,
FF FF FF FF 00 25 04 87 20 01 01 02 00 00 04 4C 00 00 04 4C 00 00 00 44 FF E9 00 15 12 34 03 37 C5 00 00 00 14,1100,1100,68,4660,2026-07-30 23:26:38.269,823,-23,21,
FF FF FF FF 00 25 04 88 20 01 01 02 00 00 04 4C 00 00 04 4C 00 00 00 41 FF EB 00 13 12 34 03 38 C8 00 00 00 18,1100,1100,65,4660,2026-07-30 23:26:38.366,824,-21,19,
FF FF FF FF 00 25 04 8C 20 01 01 02 00 00 04 4C 00 00 04 4C 00 00 00 4B FF DE 00 16 12 34 03 3C C6 00 00 00 2C,1100,1100,75,4660,2026-07-30 23:26:38.852,828,-34,22,
FF FF FF FF 00 25 04 8D 20 01 01 02 00 00 04 4C 00 00 04 4C 00 00 00 47 FF E4 00 15 12 34 03 3D C9 00 00 00 16,1100,1100,71,4660,2026-07-30 23:26:38.867,829,-28,21,
FF FF FF FF 00 25 04 8E 20 01 01 02 00 00 04 4C 00 00 04 4C 00 00 00 41 FF EA 00 12 12 34 03 3E C8 00 00 00 18,1100,1100,65,4660,2026-07-30 23:26:38.973,830,-22,18,
FF FF FF FF 00 25 04 8F 20 01 01 02 00 00 04 4C 00 00 04 4C 00 00 00 3F FF E1 00 1D 12 34 03 3F CC 00 00 00 66,1100,1100,63,4660,2026-07-30 23:26:39.074,831,-31,29,
FF FF FF FF 00 25 04 90 20 01 01 02 00 00 04 4C 00 00 04 4C 00 00 00 36 FF D1 00 2E 12 34 03 40 C6 00 00 00 06,1100,1100,54,4660,2026-07-30 23:26:39.168,832,-47,46,
FF FF FF FF 00 25 04 91 20 01 01 02 00 00 04 4C 00 00 04 4C 00 00 00 3B FF DA 00 26 12 34 03 41 C8 00 00 00 06,1100,1100,59,4660,2026-07-30 23:26:39.271,833,-38,38,
FF FF FF FF 00 25 04 92 20 01 01 02 00 00 04 4C 00 00 04 4C 00 00 00 3C FF E1 00 20 12 34 03 42 C5 00 00 00 31,1100,1100,60,4660,2026-07-30 23:26:39.366,834,-31,32,
FF FF FF FF 00 25 04 93 20 01 01 02 00 00 04 4C 00 00 04 4C 00 00 00 41 FF D1 00 30 12 34 03 43 C6 00 00 00 6F,1100,1100,65,4660,2026-07-30 23:26:39.474,835,-47,48,
FF FF FF FF 00 25 04 94 20 01 01 02 00 00 04 4C 00 00 04 4C 00 00 00 42 FF CA 00 3B 12 34 03 44 CA 00 00 00 70,1100,1100,66,4660,2026-07-30 23:26:39.569,836,-54,59,
FF FF FF FF 00 25 04 95 20 01 01 02 00 00 04 4C 00 00 04 4C 00 00 00 3E FF D8 00 2E 12 34 03 45 C6 00 00 00 07,1100,1100,62,4660,2026-07-30 23:26:39.669,837,-40,46,
FF FF FF FF 00 25 04 96 20 01 01 02 00 00 04 4C 00 00 04 4C 00 00 00 41 FF E0 00 25 12 34 03 46 C9 00 00 00 44,1100,1100,65,4660,2026-07-30 23:26:39.778,838,-32,37,
FF FF FF FF 00 25 04 97 20 01 01 02 00 00 04 4C 00 00 04 4C 00 00 00 44 FF E8 00 20 12 34 03 47 C6 00 00 00 43,1100,1100,68,4660,2026-07-30 23:26:39.870,839,-24,32,
FF FF FF FF 00 25 04 98 20 01 01 02 00 00 04 4C 00 00 04 4C 00 00 00 34 FF F2 00 1E 12 34 03 48 C6 00 00 00 17,1100,1100,52,4660,2026-07-30 23:26:39.979,840,-14,30,
FF FF FF FF 00 25 04 99 20 01 01 02 00 00 04 4C 00 00 04 4C 00 00 00 34 FF F9 00 1D 12 34 03 49 C6 00 00 00 1F,1100,1100,52,4660,2026-07-30 23:26:40.078,841,-7,29,
FF FF FF FF 00 25 04 9A 20 01 01 02 00 00 04 4C 00 00 04 4C 00 00 00 36 FF FB 00 1B 12 34 03 4A C8 00 00 00 17,1100,1100,54,4660,2026-07-30 23:26:40.171,842,-5,27,
FF FF FF FF 00 25 04 9B 20 01 01 02 00 00 04 4C 00 00 04 4C 00 00 00 36 FF FB 00 1C 12 34 03 4B CA 00 00 00 12,1100,1100,54,4660,2026-07-30 23:26:40.265,843,-5,28,
FF FF FF FF 00 25 04 9C 20 01 01 02 00 00 04 4C 00 00 04 4C 00 00 00 3B FF FD 00 1B 12 34 03 4C C8 00 00 00 1C,1100,1100,59,4660,2026-07-30 23:26:40.369,844,-3,27,
FF FF FF FF 00 25 04 9D 20 01 01 02 00 00 04 4C 00 00 04 4C 00 00 00 37 FF FE 00 1A 12 34 03 4D C3 00 00 00 19,1100,1100,55,4660,2026-07-30 23:26:40.472,845,-2,26,
FF FF FF FF 00 25 04 9E 20 01 01 02 00 00 04 4C 00 00 04 4C 00 00 00 3C FF FE 00 1A 12 34 03 4E C8 00 00 00 19,1100,1100,60,4660,2026-07-30 23:26:40.576,846,-2,26,
FF FF FF FF 00 25 04 A7 20 01 01 02 00 00 04 4C 00 00 04 4C 00 00 00 3D FF FD 00 17 12 34 03 57 CB 00 00 00 35,1100,1100,61,4660,2026-07-30 23:26:41.483,855,-3,23,
FF FF FF FF 00 25 04 A8 20 01 01 02 00 00 04 4C 00 00 04 4C 00 00 00 3F FF FB 00 17 12 34 03 58 CB 00 00 00 31,1100,1100,63,4660,2026-07-30 23:26:41.571,856,-5,23,
FF FF FF FF 00 25 04 A9 20 01 01 02 00 00 04 4C 00 00 04 4C 00 00 00 3F FF FB 00 18 12 34 03 59 CC 00 00 00 39,1100,1100,63,4660,2026-07-30 23:26:41.666,857,-5,24,
FF FF FF FF 00 25 04 AA 20 01 01 02 00 00 04 4C 00 00 04 4C 00 00 00 3E FF FB 00 19 12 34 03 5A C8 00 00 00 3D,1100,1100,62,4660,2026-07-30 23:26:41.772,858,-5,25,
FF FF FF FF 00 25 04 AB 20 01 01 02 00 00 04 4C 00 00 04 4C 00 00 00 3D FF FB 00 1B 12 34 03 5B CC 00 00 00 38,1100,1100,61,4660,2026-07-30 23:26:41.869,859,-5,27,
FF FF FF FF 00 25 04 AC 20 01 01 02 00 00 04 4C 00 00 04 4C 00 00 00 3E FF FC 00 1B 12 34 03 5C CA 00 00 00 3A,1100,1100,62,4660,2026-07-30 23:26:41.980,860,-4,27,
FF FF FF FF 00 25 04 AD 20 01 01 02 00 00 04 4C 00 00 04 4C 00 00 00 3F FF FB 00 1C 12 34 03 5D CC 00 00 00 3D,1100,1100,63,4660,2026-07-30 23:26:42.080,861,-5,28,
FF FF FF FF 00 25 04 AE 20 01 01 02 00 00 04 4C 00 00 04 4C 00 00 00 40 FF FA 00 1B 12 34 03 5E CE 00 00 00 46,1100,1100,64,4660,2026-07-30 23:26:42.174,862,-6,27,
FF FF FF FF 00 25 04 AF 20 01 01 02 00 00 04 4C 00 00 04 4C 00 00 00 41 FF F9 00 1D 12 34 03 5F CD 00 00 00 41,1100,1100,65,4660,2026-07-30 23:26:42.277,863,-7,29,
FF FF FF FF 00 25 04 B0 20 01 01 02 00 00 04 4C 00 00 04 4C 00 00 00 41 FF FA 00 1D 12 34 03 60 CB 00 00 00 64,1100,1100,65,4660,2026-07-30 23:26:42.370,864,-6,29,
FF FF FF FF 00 25 04 B1 20 01 01 02 00 00 04 4C 00 00 04 4C 00 00 00 40 FF F9 00 1D 12 34 03 61 CA 00 00 00 67,1100,1100,64,4660,2026-07-30 23:26:42.465,865,-7,29,
FF FF FF FF 00 25 04 B2 20 01 01 02 00 00 04 4C 00 00 04 4C 00 00 00 43 FF F8 00 1C 12 34 03 62 C8 00 00 00 66,1100,1100,67,4660,2026-07-30 23:26:42.570,866,-8,28,
FF FF FF FF 00 25 04 B3 20 01 01 02 00 00 04 4C 00 00 04 4C 00 00 00 45 FF F7 00 1B 12 34 03 63 CE 00 00 00 6E,1100,1100,69,4660,2026-07-30 23:26:42.666,867,-9,27,
FF FF FF FF 00 25 04 B4 20 01 01 02 00 00 04 4C 00 00 04 4C 00 00 00 46 FF F6 00 1B 12 34 03 64 CC 00 00 00 6E,1100,1100,70,4660,2026-07-30 23:26:42.768,868,-10,27,
FF FF FF FF 00 25 04 B5 20 01 01 02 00 00 04 4C 00 00 04 4C 00 00 00 45 FF F6 00 1B 12 34 03 65 C8 00 00 00 69,1100,1100,69,4660,2026-07-30 23:26:42.870,869,-10,27,
FF FF FF FF 00 25 04 B6 20 01 01 02 00 00 04 4C 00 00 04 4C 00 00 00 45 FF F6 00 1A 12 34 03 66 CA 00 00 00 6A,1100,1100,69,4660,2026-07-30 23:26:42.977,870,-10,26,
FF FF FF FF 00 25 04 B7 20 01 01 02 00 00 04 4C 00 00 04 4C 00 00 00 45 FF F6 00 19 12 34 03 67 CB 00 00 00 68,1100,1100,69,4660,2026-07-30 23:26:43.070,871,-10,25,
FF FF FF FF 00 25 04 B8 20 01 01 02 00 00 04 4C 00 00 04 4C 00 00 00 46 FF F7 00 18 12 34 03 68 C8 00 00 00 68,1100,1100,70,4660,2026-07-30 23:26:43.174,872,-9,24,
FF FF FF FF 00 25 04 B9 20 01 01 02 00 00 04 4C 00 00 04 4C 00 00 00 44 FF F8 00 17 12 34 03 69 C5 00 00 00 67,1100,1100,68,4660,2026-07-30 23:26:43.277,873,-8,23,
FF FF FF FF 00 25 04 BA 20 01 01 02 00 00 04 4C 00 00 04 4C 00 00 00 40 FF F9 00 17 12 34 03 6A C6 00 00 00 61,1100,1100,64,4660,2026-07-30 23:26:43.368,874,-7,23,
FF FF FF FF 00 25 04 BB 20 01 01 02 00 00 04 4C 00 00 04 4C 00 00 00 3F FF FA 00 16 12 34 03 6B C7 00 00 00 1D,1100,1100,63,4660,2026-07-30 23:26:43.467,875,-6,22,
FF FF FF FF 00 25 04 BC 20 01 01 02 00 00 04 4C 00 00 04 4C 00 00 00 40 FF F9 00 16 12 34 03 6C CB 00 00 00 6D,1100,1100,64,4660,2026-07-30 23:26:43.569,876,-7,22,
FF FF FF FF 00 25 04 BD 20 01 01 02 00 00 04 4C 00 00 04 4C 00 00 00 41 FF F9 00 16 12 34 03 6D CC 00 00 00 6B,1100,1100,65,4660,2026-07-30 23:26:43.666,877,-7,22,
FF FF FF FF 00 25 04 BE 20 01 01 02 00 00 04 4C 00 00 04 4C 00 00 00 42 FF FA 00 16 12 34 03 6E C9 00 00 00 6E,1100,1100,66,4660,2026-07-30 23:26:43.769,878,-6,22,
FF FF FF FF 00 25 04 BF 20 01 01 02 00 00 04 4C 00 00 04 4C 00 00 00 40 FF FB 00 16 12 34 03 6F C6 00 00 00 62,1100,1100,64,4660,2026-07-30 23:26:43.868,879,-5,22,
FF FF FF FF 00 25 04 C0 20 01 01 02 00 00 04 4C 00 00 04 4C 00 00 00 41 FF FB 00 16 12 34 03 70 C8 00 00 00 0D,1100,1100,65,4660,2026-07-30 23:26:43.974,880,-5,22,
FF FF FF FF 00 25 04 C1 20 01 01 02 00 00 04 4C 00 00 04 4C 00 00 00 41 FF FB 00 16 12 34 03 71 C9 00 00 00 0C,1100,1100,65,4660,2026-07-30 23:26:44.068,881,-5,22,
FF FF FF FF 00 25 04 C2 20 01 01 02 00 00 04 4C 00 00 04 4C 00 00 00 41 FF FC 00 16 12 34 03 72 C8 00 00 00 0A,1100,1100,65,4660,2026-07-30 23:26:44.179,882,-4,22,
FF FF FF FF 00 25 04 C3 20 01 01 02 00 00 04 4C 00 00 04 4C 00 00 00 40 FF FD 00 16 12 34 03 73 C7 00 00 00 05,1100,1100,64,4660,2026-07-30 23:26:44.269,883,-3,22,
FF FF FF FF 00 25 04 C4 20 01 01 02 00 00 04 4C 00 00 04 4C 00 00 00 3F FF FE 00 16 12 34 03 74 C6 00 00 00 78,1100,1100,63,4660,2026-07-30 23:26:44.371,884,-2,22,
FF FF FF FF 00 25 04 C5 20 01 01 02 00 00 04 4C 00 00 04 4C 00 00 00 40 FF FD 00 16 12 34 03 75 C9 00 00 00 0B,1100,1100,64,4660,2026-07-30 23:26:44.472,885,-3,22,
FF FF FF FF 00 25 04 C6 20 01 01 02 00 00 04 4C 00 00 04 4C 00 00 00 42 FF FC 00 17 12 34 03 76 CB 00 00 00 0B,1100,1100,66,4660,2026-07-30 23:26:44.578,886,-4,23,
FF FF FF FF 00 25 04 C7 20 01 01 02 00 00 04 4C 00 00 04 4C 00 00 00 41 FF FC 00 17 12 34 03 77 CA 00 00 00 09,1100,1100,65,4660,2026-07-30 23:26:44.667,887,-4,23,
FF FF FF FF 00 25 04 C8 20 01 01 02 00 00 04 4C 00 00 04 4C 00 00 00 3F FF FC 00 17 12 34 03 78 C9 00 00 00 74,1100,1100,63,4660,2026-07-30 23:26:44.776,888,-4,23,
FF FF FF FF 00 25 04 C9 20 01 01 02 00 00 04 4C 00 00 04 4C 00 00 00 3D FF FD 00 17 12 34 03 79 C9 00 00 00 77,1100,1100,61,4660,2026-07-30 23:26:44.873,889,-3,23,
FF FF FF FF 00 25 04 CA 20 01 01 02 00 00 04 4C 00 00 04 4C 00 00 00 3D FF FE 00 17 12 34 03 7A C8 00 00 00 75,1100,1100,61,4660,2026-07-30 23:26:44.970,890,-2,23,
FF FF FF FF 00 25 04 CB 20 01 01 02 00 00 04 4C 00 00 04 4C 00 00 00 3C FF FF 00 17 12 34 03 7B CA 00 00 00 77,1100,1100,60,4660,2026-07-30 23:26:45.071,891,-1,23,
FF FF FF FF 00 25 04 CC 20 01 01 02 00 00 04 4C 00 00 04 4C 00 00 00 3A 00 00 00 17 12 34 03 7C C8 00 00 00 73,1100,1100,58,4660,2026-07-30 23:26:45.165,892,0,23,
FF FF FF FF 00 25 04 CD 20 01 01 02 00 00 04 4C 00 00 04 4C 00 00 00 3A 00 00 00 17 12 34 03 7D CA 00 00 00 71,1100,1100,58,4660,2026-07-30 23:26:45.276,893,0,23,
FF FF FF FF 00 25 04 CE 20 01 01 02 00 00 04 4C 00 00 04 4C 00 00 00 3C FF FD 00 17 12 34 03 7E CC 00 00 00 73,1100,1100,60,4660,2026-07-30 23:26:45.373,894,-3,23,
FF FF FF FF 00 25 04 CF 20 01 01 02 00 00 04 4C 00 00 04 4C 00 00 00 3D FF FD 00 17 12 34 03 7F CB 00 00 00 75,1100,1100,61,4660,2026-07-30 23:26:45.473,895,-3,23,
FF FF FF FF 00 25 04 D0 20 01 01 02 00 00 04 4C 00 00 04 4C 00 00 00 3C FF FE 00 17 12 34 03 80 C8 00 00 00 94,1100,1100,60,4660,2026-07-30 23:26:45.571,896,-2,23,
FF FF FF FF 00 25 04 D1 20 01 01 02 00 00 04 4C 00 00 04 4C 00 00 00 3A FF FF 00 17 12 34 03 81 C8 00 00 00 93,1100,1100,58,4660,2026-07-30 23:26:45.668,897,-1,23,
FF FF FF FF 00 25 04 D2 20 01 01 02 00 00 04 4C 00 00 04 4C 00 00 00 3C FF FE 00 17 12 34 03 82 CA 00 00 00 96,1100,1100,60,4660,2026-07-30 23:26:45.769,898,-2,23,
FF FF FF FF 00 25 04 D3 20 01 01 02 00 00 04 4C 00 00 04 4C 00 00 00 3D FF FD 00 17 12 34 03 83 CA 00 00 00 94,1100,1100,61,4660,2026-07-30 23:26:45.871,899,-3,23,
FF FF FF FF 00 25 04 D4 20 01 01 02 00 00 04 4C 00 00 04 4C 00 00 00 3E FF FD 00 17 12 34 03 84 C9 00 00 00 94,1100,1100,62,4660,2026-07-30 23:26:45.970,900,-3,23,
FF FF FF FF 00 25 04 D5 20 01 01 02 00 00 04 4C 00 00 04 4C 00 00 00 3F FF FE 00 17 12 34 03 85 C7 00 00 00 98,1100,1100,63,4660,2026-07-30 23:26:46.071,901,-2,23,
FF FF FF FF 00 25 04 D6 20 01 01 02 00 00 04 4C 00 00 04 4C 00 00 00 42 FF FF 00 17 12 34 03 86 C7 00 00 00 E4,1100,1100,66,4660,2026-07-30 23:26:46.171,902,-1,23,
FF FF FF FF 00 25 04 D7 20 01 01 02 00 00 04 4C 00 00 04 4C 00 00 00 45 FF FE 00 17 12 34 03 87 C7 00 00 00 E2,1100,1100,69,4660,2026-07-30 23:26:46.269,903,-2,23,
FF FF FF FF 00 25 04 D8 20 01 01 02 00 00 04 4C 00 00 04 4C 00 00 00 47 FF FE 00 17 12 34 03 88 C7 00 00 00 E0,1100,1100,71,4660,2026-07-30 23:26:46.374,904,-2,23,
FF FF FF FF 00 25 04 D9 20 01 01 02 00 00 04 4C 00 00 04 4C 00 00 00 43 FF FF 00 18 12 34 03 89 C6 00 00 00 EB,1100,1100,67,4660,2026-07-30 23:26:46.470,905,-1,24,
FF FF FF FF 00 25 04 DA 20 01 01 02 00 00 04 4C 00 00 04 4C 00 00 00 3E 00 00 00 18 12 34 03 8A C5 00 00 00 95,1100,1100,62,4660,2026-07-30 23:26:46.574,906,0,24,
FF FF FF FF 00 25 04 DB 20 01 01 02 00 00 04 4C 00 00 04 4C 00 00 00 3B 00 00 00 18 12 34 03 8B C7 00 00 00 92,1100,1100,59,4660,2026-07-30 23:26:46.665,907,0,24,
FF FF FF FF 00 25 04 DC 20 01 01 02 00 00 04 4C 00 00 04 4C 00 00 00 42 FF FF 00 17 12 34 03 8C C9 00 00 00 EA,1100,1100,66,4660,2026-07-30 23:26:46.777,908,-1,23,
FF FF FF FF 00 25 04 DD 20 01 01 02 00 00 04 4C 00 00 04 4C 00 00 00 43 00 00 00 16 12 34 03 8D C6 00 00 00 E5,1100,1100,67,4660,2026-07-30 23:26:46.873,909,0,22,
FF FF FF FF 00 25 04 DE 20 01 01 02 00 00 04 4C 00 00 04 4C 00 00 00 42 FF FA 00 17 12 34 03 8E CF 00 00 00 E9,1100,1100,66,4660,2026-07-30 23:26:46.978,910,-6,23,
FF FF FF FF 00 25 04 DF 20 01 01 02 00 00 04 4C 00 00 04 4C 00 00 00 42 FF F7 00 17 12 34 03 8F D3 00 00 00 F8,1100,1100,66,4660,2026-07-30 23:26:47.068,911,-9,23,
FF FF FF FF 00 25 04 E0 20 01 01 02 00 00 04 4C 00 00 04 4C 00 00 00 3F FF F4 00 17 12 34 03 90 CF 00 00 00 BA,1100,1100,63,4660,2026-07-30 23:26:47.171,912,-12,23,
FF FF FF FF 00 25 04 E1 20 01 01 02 00 00 04 4C 00 00 04 4C 00 00 00 3D FF F3 00 16 12 34 03 91 CC 00 00 00 BD,1100,1100,61,4660,2026-07-30 23:26:47.276,913,-13,22,
FF FF FF FF 00 25 04 E2 20 01 01 02 00 00 04 4C 00 00 04 4C 00 00 00 3E FF F2 00 18 12 34 03 92 CA 00 00 00 B7,1100,1100,62,4660,2026-07-30 23:26:47.373,914,-14,24,
FF FF FF FF 00 25 04 E3 20 01 01 02 00 00 04 4C 00 00 04 4C 00 00 00 3E FF F1 00 19 12 34 03 93 D1 00 00 00 AE,1100,1100,62,4660,2026-07-30 23:26:47.471,915,-15,25,
FF FF FF FF 00 25 04 E4 20 01 01 02 00 00 04 4C 00 00 04 4C 00 00 00 3C FF EF 00 16 12 34 03 94 CC 00 00 00 A0,1100,1100,60,4660,2026-07-30 23:26:47.568,916,-17,22,
FF FF FF FF 00 25 04 E5 20 01 01 02 00 00 04 4C 00 00 04 4C 00 00 00 39 FF EF 00 13 12 34 03 95 CA 00 00 00 A6,1100,1100,57,4660,2026-07-30 23:26:47.672,917,-17,19,
FF FF FF FF 00 25 04 E6 20 01 01 02 00 00 04 4C 00 00 04 4C 00 00 00 3A FF EF 00 13 12 34 03 96 CF 00 00 00 A0,1100,1100,58,4660,2026-07-30 23:26:47.768,918,-17,19,
FF FF FF FF 00 25 04 E7 20 01 01 02 00 00 04 4C 00 00 04 4C 00 00 00 3C FF EE 00 14 12 34 03 97 D1 00 00 00 BE,1100,1100,60,4660,2026-07-30 23:26:47.873,919,-18,20,
FF FF FF FF 00 25 04 E8 20 01 01 02 00 00 04 4C 00 00 04 4C 00 00 00 3F FF EF 00 16 12 34 03 98 D2 00 00 00 BD,1100,1100,63,4660,2026-07-30 23:26:47.977,920,-17,22,
FF FF FF FF 00 25 04 E9 20 01 01 02 00 00 04 4C 00 00 04 4C 00 00 00 39 FF F0 00 16 12 34 03 99 CD 00 00 00 BB,1100,1100,57,4660,2026-07-30 23:26:48.074,921,-16,22,
FF FF FF FF 00 25 04 EA 20 01 01 02 00 00 04 4C 00 00 04 4C 00 00 00 3E FF EC 00 16 12 34 03 9A CB 00 00 00 A6,1100,1100,62,4660,2026-07-30 23:26:48.169,922,-20,22,
FF FF FF FF 00 25 04 EB 20 01 01 02 00 00 04 4C 00 00 04 4C 00 00 00 43 FF EB 00 15 12 34 03 9B CC 00 00 00 D8,1100,1100,67,4660,2026-07-30 23:26:48.262,923,-21,21,
FF FF FF FF 00 25 04 EC 20 01 01 02 00 00 04 4C 00 00 04 4C 00 00 00 3F FF EA 00 13 12 34 03 9C CD 00 00 00 A2,1100,1100,63,4660,2026-07-30 23:26:48.370,924,-22,19,
FF FF FF FF 00 25 04 ED 20 01 01 02 00 00 04 4C 00 00 04 4C 00 00 00 40 FF E9 00 13 12 34 03 9D D0 00 00 00 C3,1100,1100,64,4660,2026-07-30 23:26:48.470,925,-23,19,
FF FF FF FF 00 25 04 EE 20 01 01 02 00 00 04 4C 00 00 04 4C 00 00 00 42 FF EA 00 13 12 34 03 9E D0 00 00 00 C2,1100,1100,66,4660,2026-07-30 23:26:48.574,926,-22,19,
FF FF FF FF 00 25 04 EF 20 01 01 02 00 00 04 4C 00 00 04 4C 00 00 00 42 FF EA 00 14 12 34 03 9F D0 00 00 00 C5,1100,1100,66,4660,2026-07-30 23:26:48.679,927,-22,20,
FF FF FF FF 00 25 04 F0 20 01 01 02 00 00 04 4C 00 00 04 4C 00 00 00 41 FF EA 00 13 12 34 03 A0 CC 00 00 00 FD,1100,1100,65,4660,2026-07-30 23:26:48.776,928,-22,19,
FF FF FF FF 00 25 04 F1 20 01 01 02 00 00 04 4C 00 00 04 4C 00 00 00 3D FF EB 00 13 12 34 03 A1 CA 00 00 00 86,1100,1100,61,4660,2026-07-30 23:26:48.870,929,-21,19,
FF FF FF FF 00 25 04 F2 20 01 01 02 00 00 04 4C 00 00 04 4C 00 00 00 3E FF E8 00 0E 12 34 03 A2 D0 00 00 00 81,1100,1100,62,4660,2026-07-30 23:26:48.974,930,-24,14,
FF FF FF FF 00 25 04 F3 20 01 01 02 00 00 04 4C 00 00 04 4C 00 00 00 40 FF E9 00 14 12 34 03 A3 D5 00 00 00 E1,1100,1100,64,4660,2026-07-30 23:26:49.067,931,-23,20,
FF FF FF FF 00 25 04 F4 20 01 01 02 00 00 04 4C 00 00 04 4C 00 00 00 41 FF EB 00 19 12 34 03 A4 D5 00 00 00 EF,1100,1100,65,4660,2026-07-30 23:26:49.171,932,-21,25,
FF FF FF FF 00 25 04 F5 20 01 01 02 00 00 04 4C 00 00 04 4C 00 00 00 3F FF E8 00 10 12 34 03 A5 CF 00 00 00 81,1100,1100,63,4660,2026-07-30 23:26:49.269,933,-24,16,
FF FF FF FF 00 25 04 F6 20 01 01 02 00 00 04 4C 00 00 04 4C 00 00 00 3C FF E7 00 10 12 34 03 A6 CD 00 00 00 8F,1100,1100,60,4660,2026-07-30 23:26:49.366,934,-25,16,
FF FF FF FF 00 25 04 F7 20 01 01 02 00 00 04 4C 00 00 04 4C 00 00 00 3C FF E9 00 16 12 34 03 A7 D5 00 00 00 9F,1100,1100,60,4660,2026-07-30 23:26:49.471,935,-23,22,
FF FF FF FF 00 25 04 F8 20 01 01 02 00 00 04 4C 00 00 04 4C 00 00 00 3A FF EA 00 17 12 34 03 A8 D3 00 00 00 9D,1100,1100,58,4660,2026-07-30 23:26:49.568,936,-22,23,
FF FF FF FF 00 25 04 F9 20 01 01 02 00 00 04 4C 00 00 04 4C 00 00 00 3E FF EC 00 19 12 34 03 A9 D5 00 00 00 97,1100,1100,62,4660,2026-07-30 23:26:49.679,937,-20,25,
FF FF FF FF 00 25 04 FA 20 01 01 02 00 00 04 4C 00 00 04 4C 00 00 00 3E FF E9 00 1B 12 34 03 AA D1 00 00 00 94,1100,1100,62,4660,2026-07-30 23:26:49.776,938,-23,27,
FF FF FF FF 00 25 04 FB 20 01 01 02 00 00 04 4C 00 00 04 4C 00 00 00 3C FF E8 00 1C 12 34 03 AB D3 00 00 00 92,1100,1100,60,4660,2026-07-30 23:26:49.870,939,-24,28,
FF FF FF FF 00 25 04 FC 20 01 01 02 00 00 04 4C 00 00 04 4C 00 00 00 39 FF E6 00 16 12 34 03 AC D1 00 00 00 91,1100,1100,57,4660,2026-07-30 23:26:49.977,940,-26,22,
FF FF FF FF 00 25 04 FD 20 01 01 02 00 00 04 4C 00 00 04 4C 00 00 00 39 FF E6 00 14 12 34 03 AD CB 00 00 00 89,1100,1100,57,4660,2026-07-30 23:26:50.069,941,-26,20,
FF FF FF FF 00 25 04 FE 20 01 01 02 00 00 04 4C 00 00 04 4C 00 00 00 35 FF E7 00 14 12 34 03 AE CD 00 00 00 82,1100,1100,53,4660,2026-07-30 23:26:50.167,942,-25,20,
FF FF FF FF 00 25 04 FF 20 01 01 02 00 00 04 4C 00 00 04 4C 00 00 00 36 FF E8 00 17 12 34 03 AF CF 00 00 00 8F,1100,1100,54,4660,2026-07-30 23:26:50.277,943,-24,23,
FF FF FF FF 00 25 05 00 20 01 01 02 00 00 04 4C 00 00 04 4C 00 00 00 37 FF EA 00 19 12 34 03 B0 CE 00 00 00 62,1100,1100,55,4660,2026-07-30 23:26:50.366,944,-22,25,
FF FF FF FF 00 25 05 01 20 01 01 02 00 00 04 4C 00 00 04 4C 00 00 00 37 FF E8 00 1C 12 34 03 B1 CF 00 00 00 64,1100,1100,55,4660,2026-07-30 23:26:50.471,945,-24,28,
FF FF FF FF 00 25 05 02 20 01 01 02 00 00 04 4C 00 00 04 4C 00 00 00 38 FF E8 00 21 12 34 03 B2 D1 00 00 00 48,1100,1100,56,4660,2026-07-30 23:26:50.567,946,-24,33,
FF FF FF FF 00 25 05 03 20 01 01 02 00 00 04 4C 00 00 04 4C 00 00 00 3A FF E6 00 22 12 34 03 B3 D1 00 00 00 47,1100,1100,58,4660,2026-07-30 23:26:50.677,947,-26,34,
FF FF FF FF 00 25 05 04 20 01 01 02 00 00 04 4C 00 00 04 4C 00 00 00 39 FF E8 00 22 12 34 03 B4 CF 00 00 00 54,1100,1100,57,4660,2026-07-30 23:26:50.768,948,-24,34,
FF FF FF FF 00 25 05 05 20 01 01 02 00 00 04 4C 00 00 04 4C 00 00 00 37 FF EA 00 23 12 34 03 B5 CA 00 00 00 5C,1100,1100,55,4660,2026-07-30 23:26:50.867,949,-22,35,
FF FF FF FF 00 25 05 06 20 01 01 02 00 00 04 4C 00 00 04 4C 00 00 00 36 FF EA 00 24 12 34 03 B6 CE 00 00 00 5E,1100,1100,54,4660,2026-07-30 23:26:50.976,950,-22,36,
FF FF FF FF 00 25 05 07 20 01 01 02 00 00 04 4C 00 00 04 4C 00 00 00 36 FF E8 00 24 12 34 03 B7 CD 00 00 00 5F,1100,1100,54,4660,2026-07-30 23:26:51.067,951,-24,36,
FF FF FF FF 00 25 05 08 20 01 01 02 00 00 04 4C 00 00 04 4C 00 00 00 35 FF E8 00 24 12 34 03 B8 D0 00 00 00 41,1100,1100,53,4660,2026-07-30 23:26:51.172,952,-24,36,
FF FF FF FF 00 25 05 09 20 01 01 02 00 00 04 4C 00 00 04 4C 00 00 00 37 FF E7 00 24 12 34 03 B9 D4 00 00 00 48,1100,1100,55,4660,2026-07-30 23:26:51.269,953,-25,36,
FF FF FF FF 00 25 05 0A 20 01 01 02 00 00 04 4C 00 00 04 4C 00 00 00 34 FF E5 00 25 12 34 03 BA CF 00 00 00 53,1100,1100,52,4660,2026-07-30 23:26:51.366,954,-27,37,
FF FF FF FF 00 25 05 0B 20 01 01 02 00 00 04 4C 00 00 04 4C 00 00 00 37 FF E5 00 24 12 34 03 BB D1 00 00 00 4F,1100,1100,55,4660,2026-07-30 23:26:51.470,955,-27,36,
FF FF FF FF 00 25 05 0C 20 01 01 02 00 00 04 4C 00 00 04 4C 00 00 00 37 FF E3 00 23 12 34 03 BC D1 00 00 00 4E,1100,1100,55,4660,2026-07-30 23:26:51.567,956,-29,35,
FF FF FF FF 00 25 05 0D 20 01 01 02 00 00 04 4C 00 00 04 4C 00 00 00 37 FF E2 00 22 12 34 03 BD D1 00 00 00 4E,1100,1100,55,4660,2026-07-30 23:26:51.669,957,-30,34,
FF FF FF FF 00 25 05 0E 20 01 01 02 00 00 04 4C 00 00 04 4C 00 00 00 36 FF E2 00 22 12 34 03 BE CE 00 00 00 50,1100,1100,54,4660,2026-07-30 23:26:51.771,958,-30,34,
FF FF FF FF 00 25 05 0F 20 01 01 02 00 00 04 4C 00 00 04 4C 00 00 00 36 FF E2 00 22 12 34 03 BF CE 00 00 00 50,1100,1100,54,4660,2026-07-30 23:26:51.872,959,-30,34,
FF FF FF FF 00 25 05 10 20 01 01 02 00 00 04 4C 00 00 04 4C 00 00 00 34 FF E2 00 21 12 34 03 C0 D2 00 00 00 2D,1100,1100,52,4660,2026-07-30 23:26:51.976,960,-30,33,
FF FF FF FF 00 25 05 11 20 01 01 02 00 00 04 4C 00 00 04 4C 00 00 00 34 FF E2 00 1F 12 34 03 C1 D1 00 00 00 10,1100,1100,52,4660,2026-07-30 23:26:52.067,961,-30,31,
FF FF FF FF 00 25 05 12 20 01 01 02 00 00 04 4C 00 00 04 4C 00 00 00 37 FF E3 00 1F 12 34 03 C2 D6 00 00 00 15,1100,1100,55,4660,2026-07-30 23:26:52.171,962,-29,31,
FF FF FF FF 00 25 05 13 20 01 01 02 00 00 04 4C 00 00 04 4C 00 00 00 34 FF E5 00 1E 12 34 03 C3 CF 00 00 00 08,1100,1100,52,4660,2026-07-30 23:26:52.268,963,-27,30,
FF FF FF FF 00 25 05 14 20 01 01 02 00 00 04 4C 00 00 04 4C 00 00 00 37 FF E5 00 20 12 34 03 C4 D3 00 00 00 29,1100,1100,55,4660,2026-07-30 23:26:52.372,964,-27,32,
FF FF FF FF 00 25 05 15 20 01 01 02 00 00 04 4C 00 00 04 4C 00 00 00 38 FF E6 00 21 12 34 03 C5 CF 00 00 00 38,1100,1100,56,4660,2026-07-30 23:26:52.471,965,-26,33,
FF FF FF FF 00 25 05 16 20 01 01 02 00 00 04 4C 00 00 04 4C 00 00 00 37 FF E5 00 1F 12 34 03 C6 CF 00 00 00 0A,1100,1100,55,4660,2026-07-30 23:26:52.574,966,-27,31,
FF FF FF FF 00 25 05 17 20 01 01 02 00 00 04 4C 00 00 04 4C 00 00 00 34 FF E4 00 1E 12 34 03 C7 D0 00 00 00 16,1100,1100,52,4660,2026-07-30 23:26:52.677,967,-28,30,
FF FF FF FF 00 25 05 18 20 01 01 02 00 00 04 4C 00 00 04 4C 00 00 00 31 FF E5 00 1D 12 34 03 C8 CF 00 00 00 0E,1100,1100,49,4660,2026-07-30 23:26:52.774,968,-27,29,
FF FF FF FF 00 25 05 19 20 01 01 02 00 00 04 4C 00 00 04 4C 00 00 00 31 FF E5 00 1D 12 34 03 C9 D1 00 00 00 10,1100,1100,49,4660,2026-07-30 23:26:52.873,969,-27,29,
FF FF FF FF 00 25 05 1A 20 01 01 02 00 00 04 4C 00 00 04 4C 00 00 00 30 FF E6 00 1E 12 34 03 CA CD 00 00 00 0D,1100,1100,48,4660,2026-07-30 23:26:52.969,970,-26,30,
FF FF FF FF 00 25 05 1B 20 01 01 02 00 00 04 4C 00 00 04 4C 00 00 00 36 FF E5 00 1F 12 34 03 CB D3 00 00 00 17,1100,1100,54,4660,2026-07-30 23:26:53.074,971,-27,31,
FF FF FF FF 00 25 05 1C 20 01 01 02 00 00 04 4C 00 00 04 4C 00 00 00 2F FF E6 00 1B 12 34 03 CC CC 00 00 00 16,1100,1100,47,4660,2026-07-30 23:26:53.170,972,-26,27,
FF FF FF FF 00 25 05 1D 20 01 01 02 00 00 04 4C 00 00 04 4C 00 00 00 30 FF E6 00 1D 12 34 03 CD D1 00 00 00 12,1100,1100,48,4660,2026-07-30 23:26:53.263,973,-26,29,
FF FF FF FF 00 25 05 1E 20 01 01 02 00 00 04 4C 00 00 04 4C 00 00 00 32 FF E6 00 1E 12 34 03 CE CF 00 00 00 0D,1100,1100,50,4660,2026-07-30 23:26:53.367,974,-26,30,
FF FF FF FF 00 25 05 1F 20 01 01 02 00 00 04 4C 00 00 04 4C 00 00 00 2F FF E7 00 21 12 34 03 CF CB 00 00 00 2A,1100,1100,47,4660,2026-07-30 23:26:53.467,975,-25,33,
FF FF FF FF 00 25 05 20 20 01 01 02 00 00 04 4C 00 00 04 4C 00 00 00 33 FF E8 00 23 12 34 03 D0 D2 00 00 00 02,1100,1100,51,4660,2026-07-30 23:26:53.574,976,-24,35,
FF FF FF FF 00 25 05 21 20 01 01 02 00 00 04 4C 00 00 04 4C 00 00 00 36 FF E9 00 24 12 34 03 D1 D2 00 00 00 01,1100,1100,54,4660,2026-07-30 23:26:53.678,977,-23,36,
FF FF FF FF 00 25 05 22 20 01 01 02 00 00 04 4C 00 00 04 4C 00 00 00 35 FF E9 00 26 12 34 03 D2 D1 00 00 00 03,1100,1100,53,4660,2026-07-30 23:26:53.773,978,-23,38,
FF FF FF FF 00 25 05 23 20 01 01 02 00 00 04 4C 00 00 04 4C 00 00 00 33 FF EB 00 25 12 34 03 D3 D1 00 00 00 04,1100,1100,51,4660,2026-07-30 23:26:53.871,979,-21,37,
FF FF FF FF 00 25 05 24 20 01 01 02 00 00 04 4C 00 00 04 4C 00 00 00 33 FF EF 00 27 12 34 03 D4 D3 00 00 00 00,1100,1100,51,4660,2026-07-30 23:26:53.977,980,-17,39,
FF FF FF FF 00 25 05 25 20 01 01 02 00 00 04 4C 00 00 04 4C 00 00 00 2E FF F0 00 29 12 34 03 D5 CD 00 00 00 12,1100,1100,46,4660,2026-07-30 23:26:54.085,981,-16,41,
FF FF FF FF 00 25 05 26 20 01 01 02 00 00 04 4C 00 00 04 4C 00 00 00 30 FF F2 00 29 12 34 03 D6 CE 00 00 00 0D,1100,1100,48,4660,2026-07-30 23:26:54.171,982,-14,41,
FF FF FF FF 00 25 05 27 20 01 01 02 00 00 04 4C 00 00 04 4C 00 00 00 31 FF F1 00 28 12 34 03 D7 CE 00 00 00 0E,1100,1100,49,4660,2026-07-30 23:26:54.269,983,-15,40,
FF FF FF FF 00 25 05 28 20 01 01 02 00 00 04 4C 00 00 04 4C 00 00 00 31 FF F1 00 26 12 34 03 D8 CF 00 00 00 01,1100,1100,49,4660,2026-07-30 23:26:54.367,984,-15,38,
FF FF FF FF 00 25 05 29 20 01 01 02 00 00 04 4C 00 00 04 4C 00 00 00 31 FF F1 00 25 12 34 03 D9 D3 00 00 00 1E,1100,1100,49,4660,2026-07-30 23:26:54.469,985,-15,37,
FF FF FF FF 00 25 05 2A 20 01 01 02 00 00 04 4C 00 00 04 4C 00 00 00 30 FF F2 00 25 12 34 03 DA D2 00 00 00 1D,1100,1100,48,4660,2026-07-30 23:26:54.573,986,-14,37,
FF FF FF FF 00 25 05 2B 20 01 01 02 00 00 04 4C 00 00 04 4C 00 00 00 2D FF F2 00 25 12 34 03 DB CF 00 00 00 1D,1100,1100,45,4660,2026-07-30 23:26:54.666,987,-14,37,
FF FF FF FF 00 25 05 2C 20 01 01 02 00 00 04 4C 00 00 04 4C 00 00 00 35 FF EF 00 24 12 34 03 DC D0 00 00 00 06,1100,1100,53,4660,2026-07-30 23:26:54.776,988,-17,36,
FF FF FF FF 00 25 05 2D 20 01 01 02 00 00 04 4C 00 00 04 4C 00 00 00 38 FF F1 00 24 12 34 03 DD D1 00 00 00 14,1100,1100,56,4660,2026-07-30 23:26:54.873,989,-15,36,
FF FF FF FF 00 25 05 2E 20 01 01 02 00 00 04 4C 00 00 04 4C 00 00 00 36 FF F1 00 21 12 34 03 DE D0 00 00 00 1E,1100,1100,54,4660,2026-07-30 23:26:54.977,990,-15,33,
FF FF FF FF 00 25 05 2F 20 01 01 02 00 00 04 4C 00 00 04 4C 00 00 00 33 FF F1 00 1F 12 34 03 DF D1 00 00 00 24,1100,1100,51,4660,2026-07-30 23:26:55.071,991,-15,31,
FF FF FF FF 00 25 05 30 20 01 01 02 00 00 04 4C 00 00 04 4C 00 00 00 31 FF F2 00 1E 12 34 03 E0 D1 00 00 00 04,1100,1100,49,4660,2026-07-30 23:26:55.177,992,-14,30,
FF FF FF FF 00 25 05 31 20 01 01 02 00 00 04 4C 00 00 04 4C 00 00 00 31 FF F1 00 1F 12 34 03 E1 D1 00 00 00 06,1100,1100,49,4660,2026-07-30 23:26:55.273,993,-15,31,
FF FF FF FF 00 25 05 32 20 01 01 02 00 00 04 4C 00 00 04 4C 00 00 00 36 FF EF 00 22 12 34 03 E2 D2 00 00 00 21,1100,1100,54,4660,2026-07-30 23:26:55.380,994,-17,34,
FF FF FF FF 00 25 05 33 20 01 01 02 00 00 04 4C 00 00 04 4C 00 00 00 3A FF EF 00 21 12 34 03 E3 CF 00 00 00 33,1100,1100,58,4660,2026-07-30 23:26:55.476,995,-17,33,
FF FF FF FF 00 25 05 34 20 01 01 02 00 00 04 4C 00 00 04 4C 00 00 00 37 FF EB 00 1E 12 34 03 E4 CC 00 00 00 06,1100,1100,55,4660,2026-07-30 23:26:55.572,996,-21,30,
FF FF FF FF 00 25 05 35 20 01 01 02 00 00 04 4C 00 00 04 4C 00 00 00 38 FF EC 00 1F 12 34 03 E5 D1 00 00 00 12,1100,1100,56,4660,2026-07-30 23:26:55.671,997,-20,31,
FF FF FF FF 00 25 05 36 20 01 01 02 00 00 04 4C 00 00 04 4C 00 00 00 39 FF EB 00 1F 12 34 03 E6 D1 00 00 00 14,1100,1100,57,4660,2026-07-30 23:26:55.777,998,-21,31,
FF FF FF FF 00 25 05 37 20 01 01 02 00 00 04 4C 00 00 04 4C 00 00 00 3A FF EB 00 1E 12 34 03 E7 D1 00 00 00 16,1100,1100,58,4660,2026-07-30 23:26:55.866,999,-21,30,
FF FF FF FF 00 25 05 38 20 01 01 02 00 00 04 4C 00 00 04 4C 00 00 00 3A FF EA 00 1E 12 34 03 E8 D1 00 00 00 17,1100,1100,58,4660,2026-07-30 23:26:55.970,1000,-22,30,
FF FF FF FF 00 25 05 39 20 01 01 02 00 00 04 4C 00 00 04 4C 00 00 00 39 FF EA 00 1B 12 34 03 E9 CE 00 00 00 0E,1100,1100,57,4660,2026-07-30 23:26:56.067,1001,-22,27,
FF FF FF FF 00 25 05 3A 20 01 01 02 00 00 04 4C 00 00 04 4C 00 00 00 3C FF EB 00 1B 12 34 03 EA D1 00 00 00 15,1100,1100,60,4660,2026-07-30 23:26:56.168,1002,-21,27,
FF FF FF FF 00 25 05 3B 20 01 01 02 00 00 04 4C 00 00 04 4C 00 00 00 3A FF EB 00 1A 12 34 03 EB CF 00 00 00 0C,1100,1100,58,4660,2026-07-30 23:26:56.276,1003,-21,26,
FF FF FF FF 00 25 05 3C 20 01 01 02 00 00 04 4C 00 00 04 4C 00 00 00 3A FF E6 00 18 12 34 03 EC CE 00 00 00 02,1100,1100,58,4660,2026-07-30 23:26:56.377,1004,-26,24,
FF FF FF FF 00 25 05 3D 20 01 01 02 00 00 04 4C 00 00 04 4C 00 00 00 3A FF E7 00 1D 12 34 03 ED D2 00 00 00 1A,1100,1100,58,4660,2026-07-30 23:26:56.474,1005,-25,29,
FF FF FF FF 00 25 05 3E 20 01 01 02 00 00 04 4C 00 00 04 4C 00 00 00 3B FF E6 00 20 12 34 03 EE D1 00 00 00 24,1100,1100,59,4660,2026-07-30 23:26:56.580,1006,-26,32,
FF FF FF FF 00 25 05 3F 20 01 01 02 00 00 04 4C 00 00 04 4C 00 00 00 38 FF E3 00 1C 12 34 03 EF CE 00 00 00 01,1100,1100,56,4660,2026-07-30 23:26:56.672,1007,-29,28,
FF FF FF FF 00 25 05 40 20 01 01 02 00 00 04 4C 00 00 04 4C 00 00 00 33 FF E4 00 1C 12 34 03 F0 CE 00 00 00 6D,1100,1100,51,4660,2026-07-30 23:26:56.781,1008,-28,28,
FF FF FF FF 00 25 05 41 20 01 01 02 00 00 04 4C 00 00 04 4C 00 00 00 31 FF E5 00 1C 12 34 03 F1 CE 00 00 00 6E,1100,1100,49,4660,2026-07-30 23:26:56.880,1009,-27,28,
FF FF FF FF 00 25 05 42 20 01 01 02 00 00 04 4C 00 00 04 4C 00 00 00 2F FF E4 00 1B 12 34 03 F2 CD 00 00 00 75,1100,1100,47,4660,2026-07-30 23:26:56.969,1010,-28,27,
FF FF FF FF 00 25 05 43 20 01 01 02 00 00 04 4C 00 00 04 4C 00 00 00 30 FF E2 00 1C 12 34 03 F3 CE 00 00 00 68,1100,1100,48,4660,2026-07-30 23:26:57.075,1011,-30,28,
FF FF FF FF 00 25 05 44 20 01 01 02 00 00 04 4C 00 00 04 4C 00 00 00 2E FF E1 00 1A 12 34 03 F4 CC 00 00 00 71,1100,1100,46,4660,2026-07-30 23:26:57.174,1012,-31,26,
FF FF FF FF 00 25 05 45 20 01 01 02 00 00 04 4C 00 00 04 4C 00 00 00 2E FF E2 00 1B 12 34 03 F5 CE 00 00 00 71,1100,1100,46,4660,2026-07-30 23:26:57.269,1013,-30,27,
FF FF FF FF 00 25 05 46 20 01 01 02 00 00 04 4C 00 00 04 4C 00 00 00 22 FF E4 00 1C 12 34 03 F6 CD 00 00 00 7F,1100,1100,34,4660,2026-07-30 23:26:57.371,1014,-28,28,
FF FF FF FF 00 25 05 47 20 01 01 02 00 00 04 4C 00 00 04 4C 00 00 00 27 FF E4 00 1B 12 34 03 F7 CE 00 00 00 7E,1100,1100,39,4660,2026-07-30 23:26:57.476,1015,-28,27,
FF FF FF FF 00 25 05 48 20 01 01 02 00 00 04 4C 00 00 04 4C 00 00 00 2D FF E7 00 1F 12 34 03 F8 D3 00 00 00 6E,1100,1100,45,4660,2026-07-30 23:26:57.573,1016,-25,31,
FF FF FF FF 00 25 05 49 20 01 01 02 00 00 04 4C 00 00 04 4C 00 00 00 31 FF ED 00 23 12 34 03 F9 D3 00 00 00 44,1100,1100,49,4660,2026-07-30 23:26:57.668,1017,-19,35,
FF FF FF FF 00 25 05 4A 20 01 01 02 00 00 04 4C 00 00 04 4C 00 00 00 33 FF F2 00 2A 12 34 03 FA CF 00 00 00 4C,1100,1100,51,4660,2026-07-30 23:26:57.774,1018,-14,42,
FF FF FF FF 00 25 05 4B 20 01 01 02 00 00 04 4C 00 00 04 4C 00 00 00 34 FF F7 00 2C 12 34 03 FB CF 00 00 00 48,1100,1100,52,4660,2026-07-30 23:26:57.867,1019,-9,44,
FF FF FF FF 00 25 05 4C 20 01 01 02 00 00 04 4C 00 00 04 4C 00 00 00 35 FF F6 00 28 12 34 03 FC D1 00 00 00 52,1100,1100,53,4660,2026-07-30 23:26:57.967,1020,-10,40,
FF FF FF FF 00 25 05 4D 20 01 01 02 00 00 04 4C 00 00 04 4C 00 00 00 36 FF F6 00 25 12 34 03 FD D5 00 00 00 58,1100,1100,54,4660,2026-07-30 23:26:58.075,1021,-10,37,
FF FF FF FF 00 25 05 4E 20 01 01 02 00 00 04 4C 00 00 04 4C 00 00 00 39 FF F3 00 1C 12 34 03 FE DA 00 00 00 64,1100,1100,57,4660,2026-07-30 23:26:58.176,1022,-13,28,
FF FF FF FF 00 25 05 4F 20 01 01 02 00 00 04 4C 00 00 04 4C 00 00 00 3B FF F4 00 11 12 34 03 FF D7 00 00 00 61,1100,1100,59,4660,2026-07-30 23:26:58.277,1023,-12,17,
FF FF FF FF 00 25 05 50 20 01 01 02 00 00 04 4C 00 00 04 4C 00 00 00 3A FF F1 00 07 12 34 04 00 D2 00 00 00 91,1100,1100,58,4660,2026-07-30 23:26:58.379,1024,-15,7,
FF FF FF FF 00 25 05 51 20 01 01 02 00 00 04 4C 00 00 04 4C 00 00 00 3B FF EC 00 01 12 34 04 01 D4 00 00 00 8D,1100,1100,59,4660,2026-07-30 23:26:58.477,1025,-20,1,
FF FF FF FF 00 25 05 52 20 01 01 02 00 00 04 4C 00 00 04 4C 00 00 00 3E FF EC FF FF 12 34 04 02 D8 00 00 00 85,1100,1100,62,4660,2026-07-30 23:26:58.573,1026,-20,-1,
FF FF FF FF 00 25 05 53 20 01 01 02 00 00 04 4C 00 00 04 4C 00 00 00 3C FF EE FF FB 12 34 04 03 D2 00 00 00 8B,1100,1100,60,4660,2026-07-30 23:26:58.665,1027,-18,-5,
FF FF FF FF 00 25 05 54 20 01 01 02 00 00 04 4C 00 00 04 4C 00 00 00 3F FF EB FF F8 12 34 04 04 D4 00 00 00 88,1100,1100,63,4660,2026-07-30 23:26:58.768,1028,-21,-8,
FF FF FF FF 00 25 05 55 20 01 01 02 00 00 04 4C 00 00 04 4C 00 00 00 3F FF EA FF F8 12 34 04 05 D7 00 00 00 8A,1100,1100,63,4660,2026-07-30 23:26:58.866,1029,-22,-8,
FF FF FF FF 00 25 05 56 20 01 01 02 00 00 04 4C 00 00 04 4C 00 00 00 3F FF E9 FF FC 12 34 04 06 D7 00 00 00 8D,1100,1100,63,4660,2026-07-30 23:26:58.970,1030,-23,-4,
FF FF FF FF 00 25 05 57 20 01 01 02 00 00 04 4C 00 00 04 4C 00 00 00 41 FF E9 00 00 12 34 04 07 DA 00 00 00 FD,1100,1100,65,4660,2026-07-30 23:26:59.065,1031,-23,0,
FF FF FF FF 00 25 05 58 20 01 01 02 00 00 04 4C 00 00 04 4C 00 00 00 41 FF EA 00 03 12 34 04 08 D7 00 00 00 F0,1100,1100,65,4660,2026-07-30 23:26:59.178,1032,-22,3,
FF FF FF FF 00 25 05 59 20 01 01 02 00 00 04 4C 00 00 04 4C 00 00 00 41 FF F0 00 0A 12 34 04 09 D3 00 00 00 E7,1100,1100,65,4660,2026-07-30 23:26:59.281,1033,-16,10,
FF FF FF FF 00 25 05 5A 20 01 01 02 00 00 04 4C 00 00 04 4C 00 00 00 40 FF FF 00 12 12 34 04 0A D3 00 00 00 F1,1100,1100,64,4660,2026-07-30 23:26:59.373,1034,-1,18,
FF FF FF FF 00 25 05 5B 20 01 01 02 00 00 04 4C 00 00 04 4C 00 00 00 42 00 05 00 18 12 34 04 0B D3 00 00 00 FC,1100,1100,66,4660,2026-07-30 23:26:59.476,1035,5,24,
FF FF FF FF 00 25 05 5C 20 01 01 02 00 00 04 4C 00 00 04 4C 00 00 00 42 00 02 00 23 12 34 04 0C D1 00 00 00 C2,1100,1100,66,4660,2026-07-30 23:26:59.565,1036,2,35,
FF FF FF FF 00 25 05 5D 20 01 01 02 00 00 04 4C 00 00 04 4C 00 00 00 42 FF FC 00 25 12 34 04 0D D1 00 00 00 C5,1100,1100,66,4660,2026-07-30 23:26:59.668,1037,-4,37,
FF FF FF FF 00 25 05 5E 20 01 01 02 00 00 04 4C 00 00 04 4C 00 00 00 40 FF F4 00 26 12 34 04 0E C9 00 00 00 D4,1100,1100,64,4660,2026-07-30 23:26:59.768,1038,-12,38,
FF FF FF FF 00 25 05 5F 20 01 01 02 00 00 04 4C 00 00 04 4C 00 00 00 43 FF EE 00 26 12 34 04 0F CC 00 00 00 C8,1100,1100,67,4660,2026-07-30 23:26:59.867,1039,-18,38,
FF FF FF FF 00 25 05 60 20 01 01 02 00 00 04 4C 00 00 04 4C 00 00 00 47 FF EB 00 27 12 34 04 10 CE 00 00 00 EA,1100,1100,71,4660,2026-07-30 23:26:59.977,1040,-21,39,
FF FF FF FF 00 25 05 61 20 01 01 02 00 00 04 4C 00 00 04 4C 00 00 00 48 FF E8 00 28 12 34 04 11 CC 00 00 00 EB,1100,1100,72,4660,2026-07-30 23:27:00.073,1041,-24,40,
FF FF FF FF 00 25 05 62 20 01 01 02 00 00 04 4C 00 00 04 4C 00 00 00 4B FF E7 00 26 12 34 04 12 CC 00 00 00 E9,1100,1100,75,4660,2026-07-30 23:27:00.165,1042,-25,38,
FF FF FF FF 00 25 05 63 20 01 01 02 00 00 04 4C 00 00 04 4C 00 00 00 43 FF E7 00 26 12 34 04 13 C8 00 00 00 E5,1100,1100,67,4660,2026-07-30 23:27:00.267,1043,-25,38,
FF FF FF FF 00 25 05 64 20 01 01 02 00 00 04 4C 00 00 04 4C 00 00 00 46 FF E8 00 25 12 34 04 14 CD 00 00 00 E9,1100,1100,70,4660,2026-07-30 23:27:00.373,1044,-24,37,
FF FF FF FF 00 25 05 65 20 01 01 02 00 00 04 4C 00 00 04 4C 00 00 00 47 FF E9 00 25 12 34 04 15 CB 00 00 00 EF,1100,1100,71,4660,2026-07-30 23:27:00.470,1045,-23,37,
FF FF FF FF 00 25 05 66 20 01 01 02 00 00 04 4C 00 00 04 4C 00 00 00 48 FF EB 00 27 12 34 04 16 CA 00 00 00 E1,1100,1100,72,4660,2026-07-30 23:27:00.566,1046,-21,39,
FF FF FF FF 00 25 05 67 20 01 01 02 00 00 04 4C 00 00 04 4C 00 00 00 49 FF EB 00 29 12 34 04 17 CC 00 00 00 E8,1100,1100,73,4660,2026-07-30 23:27:00.678,1047,-21,41,
FF FF FF FF 00 25 05 68 20 01 01 02 00 00 04 4C 00 00 04 4C 00 00 00 49 FF EB 00 2B 12 34 04 18 C9 00 00 00 EF,1100,1100,73,4660,2026-07-30 23:27:00.774,1048,-21,43,
FF FF FF FF 00 25 05 69 20 01 01 02 00 00 04 4C 00 00 04 4C 00 00 00 49 FF EA 00 2B 12 34 04 19 CA 00 00 00 ED,1100,1100,73,4660,2026-07-30 23:27:00.871,1049,-22,43,
FF FF FF FF 00 25 05 6A 20 01 01 02 00 00 04 4C 00 00 04 4C 00 00 00 4B FF EA 00 2A 12 34 04 1A CD 00 00 00 E9,1100,1100,75,4660,2026-07-30 23:27:00.975,1050,-22,42,
FF FF FF FF 00 25 05 6B 20 01 01 02 00 00 04 4C 00 00 04 4C 00 00 00 4C FF EB 00 2B 12 34 04 1B CD 00 00 00 EE,1100,1100,76,4660,2026-07-30 23:27:01.066,1051,-21,43,
FF FF FF FF 00 25 05 6C 20 01 01 02 00 00 04 4C 00 00 04 4C 00 00 00 48 FF ED 00 2C 12 34 04 1C C9 00 00 00 EF,1100,1100,72,4660,2026-07-30 23:27:01.177,1052,-19,44,
FF FF FF FF 00 25 05 6D 20 01 01 02 00 00 04 4C 00 00 04 4C 00 00 00 44 FF EC 00 2C 12 34 04 1D C9 00 00 00 E2,1100,1100,68,4660,2026-07-30 23:27:01.267,1053,-20,44,
FF FF FF FF 00 25 05 6E 20 01 01 02 00 00 04 4C 00 00 04 4C 00 00 00 44 FF EC 00 2B 12 34 04 1E C8 00 00 00 E4,1100,1100,68,4660,2026-07-30 23:27:01.368,1054,-20,43,
FF FF FF FF 00 25 05 6F 20 01 01 02 00 00 04 4C 00 00 04 4C 00 00 00 44 FF ED 00 2A 12 34 04 1F CA 00 00 00 E6,1100,1100,68,4660,2026-07-30 23:27:01.468,1055,-19,42,
FF FF FF FF 00 25 05 70 20 01 01 02 00 00 04 4C 00 00 04 4C 00 00 00 43 FF ED 00 2B 12 34 04 20 CA 00 00 00 C0,1100,1100,67,4660,2026-07-30 23:27:01.571,1056,-19,43,
FF FF FF FF 00 25 05 71 20 01 01 02 00 00 04 4C 00 00 04 4C 00 00 00 42 FF EC 00 2A 12 34 04 21 C9 00 00 00 C2,1100,1100,66,4660,2026-07-30 23:27:01.668,1057,-20,42,
FF FF FF FF 00 25 05 72 20 01 01 02 00 00 04 4C 00 00 04 4C 00 00 00 3E FF EC 00 29 12 34 04 22 C7 00 00 00 B3,1100,1100,62,4660,2026-07-30 23:27:01.768,1058,-20,41,
FF FF FF FF 00 25 05 73 20 01 01 02 00 00 04 4C 00 00 04 4C 00 00 00 39 FF EC 00 29 12 34 04 23 C9 00 00 00 BA,1100,1100,57,4660,2026-07-30 23:27:01.866,1059,-20,41,
FF FF FF FF 00 25 05 74 20 01 01 02 00 00 04 4C 00 00 04 4C 00 00 00 3D FF EC 00 29 12 34 04 24 C7 00 00 00 B0,1100,1100,61,4660,2026-07-30 23:27:01.966,1060,-20,41,
FF FF FF FF 00 25 05 75 20 01 01 02 00 00 04 4C 00 00 04 4C 00 00 00 45 FF ED 00 2A 12 34 04 25 C9 00 00 00 C4,1100,1100,69,4660,2026-07-30 23:27:02.067,1061,-19,42,
FF FF FF FF 00 25 05 76 20 01 01 02 00 00 04 4C 00 00 04 4C 00 00 00 43 FF EC 00 2B 12 34 04 26 C7 00 00 00 CC,1100,1100,67,4660,2026-07-30 23:27:02.170,1062,-20,43,
FF FF FF FF 00 25 05 77 20 01 01 02 00 00 04 4C 00 00 04 4C 00 00 00 43 FF EB 00 2B 12 34 04 27 CB 00 00 00 C7,1100,1100,67,4660,2026-07-30 23:27:02.268,1063,-21,43,
FF FF FF FF 00 25 05 78 20 01 01 02 00 00 04 4C 00 00 04 4C 00 00 00 40 FF EA 00 2A 12 34 04 28 C7 00 00 00 C8,1100,1100,64,4660,2026-07-30 23:27:02.367,1064,-22,42,
FF FF FF FF 00 25 05 79 20 01 01 02 00 00 04 4C 00 00 04 4C 00 00 00 41 FF E9 00 27 12 34 04 29 C8 00 00 00 C8,1100,1100,65,4660,2026-07-30 23:27:02.475,1065,-23,39,
FF FF FF FF 00 25 05 7A 20 01 01 02 00 00 04 4C 00 00 04 4C 00 00 00 43 FF E8 00 28 12 34 04 2A CE 00 00 00 C2,1100,1100,67,4660,2026-07-30 23:27:02.574,1066,-24,40,
FF FF FF FF 00 25 05 7B 20 01 01 02 00 00 04 4C 00 00 04 4C 00 00 00 41 FF E7 00 28 12 34 04 2B C9 00 00 00 C8,1100,1100,65,4660,2026-07-30 23:27:02.670,1067,-25,40,
FF FF FF FF 00 25 05 7C 20 01 01 02 00 00 04 4C 00 00 04 4C 00 00 00 42 FF E6 00 28 12 34 04 2C CA 00 00 00 C9,1100,1100,66,4660,2026-07-30 23:27:02.768,1068,-26,40,
FF FF FF FF 00 25 05 7D 20 01 01 02 00 00 04 4C 00 00 04 4C 00 00 00 44 FF E7 00 2A 12 34 04 2D CA 00 00 00 CC,1100,1100,68,4660,2026-07-30 23:27:02.873,1069,-25,42,
FF FF FF FF 00 25 05 7E 20 01 01 02 00 00 04 4C 00 00 04 4C 00 00 00 45 FF E7 00 2A 12 34 04 2E CA 00 00 00 CD,1100,1100,69,4660,2026-07-30 23:27:02.971,1070,-25,42,
FF FF FF FF 00 25 05 7F 20 01 01 02 00 00 04 4C 00 00 04 4C 00 00 00 46 FF E6 00 28 12 34 04 2F C9 00 00 00 CE,1100,1100,70,4660,2026-07-30 23:27:03.067,1071,-26,40,
FF FF FF FF 00 25 05 80 20 01 01 02 00 00 04 4C 00 00 04 4C 00 00 00 3F FF E5 00 27 12 34 04 30 C6 00 00 00 54,1100,1100,63,4660,2026-07-30 23:27:03.178,1072,-27,39,
FF FF FF FF 00 25 05 81 20 01 01 02 00 00 04 4C 00 00 04 4C 00 00 00 3C FF E6 00 26 12 34 04 31 C6 00 00 00 55,1100,1100,60,4660,2026-07-30 23:27:03.275,1073,-26,38,
FF FF FF FF 00 25 05 82 20 01 01 02 00 00 04 4C 00 00 04 4C 00 00 00 3E FF E6 00 28 12 34 04 32 C8 00 00 00 57,1100,1100,62,4660,2026-07-30 23:27:03.378,1074,-26,40,
FF FF FF FF 00 25 05 83 20 01 01 02 00 00 04 4C 00 00 04 4C 00 00 00 3F FF E7 00 29 12 34 04 33 C8 00 00 00 56,1100,1100,63,4660,2026-07-30 23:27:03.469,1075,-25,41,
FF FF FF FF 00 25 05 84 20 01 01 02 00 00 04 4C 00 00 04 4C 00 00 00 43 FF E9 00 2A 12 34 04 34 C9 00 00 00 26,1100,1100,67,4660,2026-07-30 23:27:03.567,1076,-23,42,
FF FF FF FF 00 25 05 85 20 01 01 02 00 00 04 4C 00 00 04 4C 00 00 00 42 FF E9 00 2B 12 34 04 35 CB 00 00 00 24,1100,1100,66,4660,2026-07-30 23:27:03.669,1077,-23,43,
FF FF FF FF 00 25 05 86 20 01 01 02 00 00 04 4C 00 00 04 4C 00 00 00 43 FF EA 00 2A 12 34 04 36 CB 00 00 00 27,1100,1100,67,4660,2026-07-30 23:27:03.768,1078,-22,42,
FF FF FF FF 00 25 05 87 20 01 01 02 00 00 04 4C 00 00 04 4C 00 00 00 45 FF EA 00 29 12 34 04 37 CC 00 00 00 25,1100,1100,69,4660,2026-07-30 23:27:03.869,1079,-22,41,
FF FF FF FF 00 25 05 88 20 01 01 02 00 00 04 4C 00 00 04 4C 00 00 00 48 FF E9 00 2B 12 34 04 38 CB 00 00 00 2E,1100,1100,72,4660,2026-07-30 23:27:03.971,1080,-23,43,
FF FF FF FF 00 25 05 89 20 01 01 02 00 00 04 4C 00 00 04 4C 00 00 00 4B FF EA 00 2C 12 34 04 39 CA 00 00 00 28,1100,1100,75,4660,2026-07-30 23:27:04.080,1081,-22,44,
FF FF FF FF 00 25 05 8A 20 01 01 02 00 00 04 4C 00 00 04 4C 00 00 00 4C FF EB 00 2C 12 34 04 3A CC 00 00 00 28,1100,1100,76,4660,2026-07-30 23:27:04.177,1082,-21,44,
FF FF FF FF 00 25 05 8B 20 01 01 02 00 00 04 4C 00 00 04 4C 00 00 00 4D FF EA 00 2C 12 34 04 3B CA 00 00 00 2E,1100,1100,77,4660,2026-07-30 23:27:04.276,1083,-22,44,
FF FF FF FF 00 25 05 8C 20 01 01 02 00 00 04 4C 00 00 04 4C 00 00 00 4D FF E8 00 2B 12 34 04 3C CC 00 00 00 2D,1100,1100,77,4660,2026-07-30 23:27:04.378,1084,-24,43,
FF FF FF FF 00 25 05 8D 20 01 01 02 00 00 04 4C 00 00 04 4C 00 00 00 4C FF E5 00 2C 12 34 04 3D C8 00 00 00 22,1100,1100,76,4660,2026-07-30 23:27:04.466,1085,-27,44,
FF FF FF FF 00 25 05 8E 20 01 01 02 00 00 04 4C 00 00 04 4C 00 00 00 4D FF E6 00 2C 12 34 04 3E CD 00 00 00 25,1100,1100,77,4660,2026-07-30 23:27:04.571,1086,-26,44,
FF FF FF FF 00 25 05 8F 20 01 01 02 00 00 04 4C 00 00 04 4C 00 00 00 4E FF E7 00 2B 12 34 04 3F C8 00 00 00 25,1100,1100,78,4660,2026-07-30 23:27:04.667,1087,-25,43,
FF FF FF FF 00 25 05 90 20 01 01 02 00 00 04 4C 00 00 04 4C 00 00 00 4D FF E8 00 2B 12 34 04 40 C8 00 00 00 49,1100,1100,77,4660,2026-07-30 23:27:04.768,1088,-24,43,
FF FF FF FF 00 25 05 91 20 01 01 02 00 00 04 4C 00 00 04 4C 00 00 00 4C FF E8 00 2A 12 34 04 41 C9 00 00 00 48,1100,1100,76,4660,2026-07-30 23:27:04.868,1089,-24,42,
FF FF FF FF 00 25 05 92 20 01 01 02 00 00 04 4C 00 00 04 4C 00 00 00 4E FF E7 00 30 12 34 04 42 C7 00 00 00 51,1100,1100,78,4660,2026-07-30 23:27:04.970,1090,-25,48,
FF FF FF FF 00 25 05 93 20 01 01 02 00 00 04 4C 00 00 04 4C 00 00 00 4D FF E7 00 35 12 34 04 43 C5 00 00 00 55,1100,1100,77,4660,2026-07-30 23:27:05.074,1091,-25,53,
FF FF FF FF 00 25 05 94 20 01 01 02 00 00 04 4C 00 00 04 4C 00 00 00 4D FF E2 00 34 12 34 04 44 C8 00 00 00 5C,1100,1100,77,4660,2026-07-30 23:27:05.172,1092,-30,52,
FF FF FF FF 00 25 05 95 20 01 01 02 00 00 04 4C 00 00 04 4C 00 00 00 4A FF E2 00 30 12 34 04 45 C9 00 00 00 5E,1100,1100,74,4660,2026-07-30 23:27:05.275,1093,-30,48,
FF FF FF FF 00 25 05 96 20 01 01 02 00 00 04 4C 00 00 04 4C 00 00 00 49 FF E3 00 2E 12 34 04 46 CC 00 00 00 47,1100,1100,73,4660,2026-07-30 23:27:05.366,1094,-29,46,
FF FF FF FF 00 25 05 97 20 01 01 02 00 00 04 4C 00 00 04 4C 00 00 00 48 FF E4 00 2C 12 34 04 47 CC 00 00 00 43,1100,1100,72,4660,2026-07-30 23:27:05.463,1095,-28,44,
FF FF FF FF 00 25 05 98 20 01 01 02 00 00 04 4C 00 00 04 4C 00 00 00 44 FF E0 00 2B 12 34 04 48 C9 00 00 00 49,1100,1100,68,4660,2026-07-30 23:27:05.567,1096,-32,43,
FF FF FF FF 00 25 05 99 20 01 01 02 00 00 04 4C 00 00 04 4C 00 00 00 46 FF D9 00 2B 12 34 04 49 C9 00 00 00 72,1100,1100,70,4660,2026-07-30 23:27:05.678,1097,-39,43,
FF FF FF FF 00 25 05 9A 20 01 01 02 00 00 04 4C 00 00 04 4C 00 00 00 46 FF CB 00 33 12 34 04 4A C9 00 00 00 78,1100,1100,70,4660,2026-07-30 23:27:05.775,1098,-53,51,
FF FF FF FF 00 25 05 9B 20 01 01 02 00 00 04 4C 00 00 04 4C 00 00 00 44 FF D1 00 2D 12 34 04 4B CB 00 00 00 7C,1100,1100,68,4660,2026-07-30 23:27:05.865,1099,-47,45,
FF FF FF FF 00 25 05 9C 20 01 01 02 00 00 04 4C 00 00 04 4C 00 00 00 42 FF D5 00 29 12 34 04 4C CB 00 00 00 7A,1100,1100,66,4660,2026-07-30 23:27:05.963,1100,-43,41,
FF FF FF FF 00 25 05 9D 20 01 01 02 00 00 04 4C 00 00 04 4C 00 00 00 41 FF DB 00 27 12 34 04 4D D0 00 00 00 62,1100,1100,65,4660,2026-07-30 23:27:06.074,1101,-37,39,
FF FF FF FF 00 25 05 9E 20 01 01 02 00 00 04 4C 00 00 04 4C 00 00 00 41 FF DE 00 28 12 34 04 4E CF 00 00 00 77,1100,1100,65,4660,2026-07-30 23:27:06.168,1102,-34,40,
FF FF FF FF 00 25 05 9F 20 01 01 02 00 00 04 4C 00 00 04 4C 00 00 00 3D FF E4 00 2B 12 34 04 4F CA 00 00 00 37,1100,1100,61,4660,2026-07-30 23:27:06.276,1103,-28,43,
FF FF FF FF 00 25 05 A0 20 01 01 02 00 00 04 4C 00 00 04 4C 00 00 00 3E FF E6 00 2B 12 34 04 50 CC 00 00 00 10,1100,1100,62,4660,2026-07-30 23:27:06.368,1104,-26,43,
FF FF FF FF 00 25 05 A1 20 01 01 02 00 00 04 4C 00 00 04 4C 00 00 00 41 FF E8 00 2F 12 34 04 51 CE 00 00 00 67,1100,1100,65,4660,2026-07-30 23:27:06.470,1105,-24,47,
FF FF FF FF 00 25 05 A2 20 01 01 02 00 00 04 4C 00 00 04 4C 00 00 00 42 FF EB 00 30 12 34 04 52 CD 00 00 00 7B,1100,1100,66,4660,2026-07-30 23:27:06.566,1106,-21,48,
FF FF FF FF 00 25 05 A3 20 01 01 02 00 00 04 4C 00 00 04 4C 00 00 00 3E FF E5 00 30 12 34 04 53 C3 00 00 00 07,1100,1100,62,4660,2026-07-30 23:27:06.677,1107,-27,48,
FF FF FF FF 00 25 05 A4 20 01 01 02 00 00 04 4C 00 00 04 4C 00 00 00 3D FF EA 00 2B 12 34 04 54 CA 00 00 00 19,1100,1100,61,4660,2026-07-30 23:27:06.776,1108,-22,43,
FF FF FF FF 00 25 05 A5 20 01 01 02 00 00 04 4C 00 00 04 4C 00 00 00 3C FF EE 00 2C 12 34 04 55 CC 00 00 00 1D,1100,1100,60,4660,2026-07-30 23:27:06.873,1109,-18,44,
FF FF FF FF 00 25 05 A6 20 01 01 02 00 00 04 4C 00 00 04 4C 00 00 00 38 FF EE 00 2D 12 34 04 56 CA 00 00 00 1E,1100,1100,56,4660,2026-07-30 23:27:06.970,1110,-18,45,
FF FF FF FF 00 25 05 A7 20 01 01 02 00 00 04 4C 00 00 04 4C 00 00 00 36 FF ED 00 2A 12 34 04 57 CB 00 00 00 15,1100,1100,54,4660,2026-07-30 23:27:07.068,1111,-19,42,
FF FF FF FF 00 25 05 A8 20 01 01 02 00 00 04 4C 00 00 04 4C 00 00 00 32 FF E9 00 26 12 34 04 58 CA 00 00 00 18,1100,1100,50,4660,2026-07-30 23:27:07.171,1112,-23,38,
FF FF FF FF 00 25 05 A9 20 01 01 02 00 00 04 4C 00 00 04 4C 00 00 00 37 FF DA 00 2C 12 34 04 59 C9 00 00 00 27,1100,1100,55,4660,2026-07-30 23:27:07.268,1113,-38,44,
FF FF FF FF 00 25 05 AA 20 01 01 02 00 00 04 4C 00 00 04 4C 00 00 00 3E FF E3 00 25 12 34 04 5A CA 00 00 00 1D,1100,1100,62,4660,2026-07-30 23:27:07.372,1114,-29,37,
FF FF FF FF 00 25 05 AB 20 01 01 02 00 00 04 4C 00 00 04 4C 00 00 00 40 FF E9 00 27 12 34 04 5B CF 00 00 00 6E,1100,1100,64,4660,2026-07-30 23:27:07.468,1115,-23,39,
FF FF FF FF 00 25 05 AC 20 01 01 02 00 00 04 4C 00 00 04 4C 00 00 00 37 FF EA 00 26 12 34 04 5D CB 00 00 00 1E,1100,1100,55,4660,2026-07-30 23:27:07.699,1117,-22,38,
FF FF FF FF 00 25 05 AD 20 01 01 02 00 00 04 4C 00 00 04 4C 00 00 00 33 FF E7 00 24 12 34 04 5E CC 00 00 00 10,1100,1100,51,4660,2026-07-30 23:27:07.776,1118,-25,36,
FF FF FF FF 00 25 05 AE 20 01 01 02 00 00 04 4C 00 00 04 4C 00 00 00 30 FF E8 00 24 12 34 04 5F C8 00 00 00 1A,1100,1100,48,4660,2026-07-30 23:27:07.868,1119,-24,36,
FF FF FF FF 00 25 05 AF 20 01 01 02 00 00 04 4C 00 00 04 4C 00 00 00 35 FF D6 00 33 12 34 04 60 CC 00 00 00 0C,1100,1100,53,4660,2026-07-30 23:27:07.970,1120,-42,51,
FF FF FF FF 00 25 05 B0 20 01 01 02 00 00 04 4C 00 00 04 4C 00 00 00 3A FF DD 00 30 12 34 04 61 CE 00 00 00 17,1100,1100,58,4660,2026-07-30 23:27:08.074,1121,-35,48,
FF FF FF FF 00 25 05 B1 20 01 01 02 00 00 04 4C 00 00 04 4C 00 00 00 3A FF E3 00 31 12 34 04 62 CE 00 00 00 2A,1100,1100,58,4660,2026-07-30 23:27:08.180,1122,-29,49,
FF FF FF FF 00 25 05 B2 20 01 01 02 00 00 04 4C 00 00 04 4C 00 00 00 3A FF E6 00 2E 12 34 04 63 CB 00 00 00 37,1100,1100,58,4660,2026-07-30 23:27:08.271,1123,-26,46,
FF FF FF FF 00 25 05 B3 20 01 01 02 00 00 04 4C 00 00 04 4C 00 00 00 33 FF E6 00 29 12 34 04 64 C9 00 00 00 3D,1100,1100,51,4660,2026-07-30 23:27:08.366,1124,-26,41,
FF FF FF FF 00 25 05 B4 20 01 01 02 00 00 04 4C 00 00 04 4C 00 00 00 32 FF E8 00 2A 12 34 04 65 CB 00 00 00 35,1100,1100,50,4660,2026-07-30 23:27:08.476,1125,-24,42,
FF FF FF FF 00 25 05 B5 20 01 01 02 00 00 04 4C 00 00 04 4C 00 00 00 33 FF EA 00 26 12 34 04 66 CC 00 00 00 3F,1100,1100,51,4660,2026-07-30 23:27:08.574,1126,-22,38,
FF FF FF FF 00 25 05 B6 20 01 01 02 00 00 04 4C 00 00 04 4C 00 00 00 37 FF EF 00 26 12 34 04 67 CA 00 00 00 3A,1100,1100,55,4660,2026-07-30 23:27:08.671,1127,-17,38,
FF FF FF FF 00 25 05 B7 20 01 01 02 00 00 04 4C 00 00 04 4C 00 00 00 38 FF F1 00 28 12 34 04 68 CE 00 00 00 2F,1100,1100,56,4660,2026-07-30 23:27:08.775,1128,-15,40,
FF FF FF FF 00 25 05 B8 20 01 01 02 00 00 04 4C 00 00 04 4C 00 00 00 38 FF F3 00 28 12 34 04 69 CA 00 00 00 27,1100,1100,56,4660,2026-07-30 23:27:08.877,1129,-13,40,
FF FF FF FF 00 25 05 B9 20 01 01 02 00 00 04 4C 00 00 04 4C 00 00 00 3A FF F2 00 29 12 34 04 6A CE 00 00 00 23,1100,1100,58,4660,2026-07-30 23:27:08.972,1130,-14,41,
FF FF FF FF 00 25 05 BA 20 01 01 02 00 00 04 4C 00 00 04 4C 00 00 00 39 FF F1 00 29 12 34 04 6B CD 00 00 00 22,1100,1100,57,4660,2026-07-30 23:27:09.075,1131,-15,41,
FF FF FF FF 00 25 05 BB 20 01 01 02 00 00 04 4C 00 00 04 4C 00 00 00 35 FF EC 00 2E 12 34 04 6C C7 00 00 00 38,1100,1100,53,4660,2026-07-30 23:27:09.178,1132,-20,46,
FF FF FF FF 00 25 05 BC 20 01 01 02 00 00 04 4C 00 00 04 4C 00 00 00 3B FF EA 00 2B 12 34 04 6D CC 00 00 00 38,1100,1100,59,4660,2026-07-30 23:27:09.276,1133,-22,43,
FF FF FF FF 00 25 05 BD 20 01 01 02 00 00 04 4C 00 00 04 4C 00 00 00 38 FF ED 00 2C 12 34 04 6E CF 00 00 00 3A,1100,1100,56,4660,2026-07-30 23:27:09.372,1134,-19,44,
FF FF FF FF 00 25 05 BE 20 01 01 02 00 00 04 4C 00 00 04 4C 00 00 00 32 FF EC 00 2B 12 34 04 6F C8 00 00 00 33,1100,1100,50,4660,2026-07-30 23:27:09.481,1135,-20,43,
FF FF FF FF 00 25 05 BF 20 01 01 02 00 00 04 4C 00 00 04 4C 00 00 00 2F FF EC 00 29 12 34 04 70 CC 00 00 00 36,1100,1100,47,4660,2026-07-30 23:27:09.574,1136,-20,41,
FF FF FF FF 00 25 05 C0 20 01 01 02 00 00 04 4C 00 00 04 4C 00 00 00 35 FF E8 00 29 12 34 04 71 CE 00 00 00 54,1100,1100,53,4660,2026-07-30 23:27:09.675,1137,-24,41,
FF FF FF FF 00 25 05 C1 20 01 01 02 00 00 04 4C 00 00 04 4C 00 00 00 3E FF F4 00 1C 12 34 04 72 C6 00 00 00 7C,1100,1100,62,4660,2026-07-30 23:27:09.771,1138,-12,28,
FF FF FF FF 00 25 05 C2 20 01 01 02 00 00 04 4C 00 00 04 4C 00 00 00 41 FF F4 00 21 12 34 04 73 D0 00 00 00 2A,1100,1100,65,4660,2026-07-30 23:27:09.867,1139,-12,33,
FF FF FF FF 00 25 05 C3 20 01 01 02 00 00 04 4C 00 00 04 4C 00 00 00 3A FF F3 00 25 12 34 04 74 CD 00 00 00 49,1100,1100,58,4660,2026-07-30 23:27:09.972,1140,-13,37,
FF FF FF FF 00 25 05 C4 20 01 01 02 00 00 04 4C 00 00 04 4C 00 00 00 34 FF F1 00 27 12 34 04 75 CA 00 00 00 46,1100,1100,52,4660,2026-07-30 23:27:10.067,1141,-15,39,
FF FF FF FF 00 25 05 C5 20 01 01 02 00 00 04 4C 00 00 04 4C 00 00 00 34 FF F0 00 29 12 34 04 76 CD 00 00 00 4C,1100,1100,52,4660,2026-07-30 23:27:10.178,1142,-16,41,
FF FF FF FF 00 25 05 C6 20 01 01 02 00 00 04 4C 00 00 04 4C 00 00 00 3C FF ED 00 2F 12 34 04 77 C6 00 00 00 56,1100,1100,60,4660,2026-07-30 23:27:10.276,1143,-19,47,
FF FF FF FF 00 25 05 C7 20 01 01 02 00 00 04 4C 00 00 04 4C 00 00 00 40 FF EC 00 3B 12 34 04 78 C5 00 00 00 32,1100,1100,64,4660,2026-07-30 23:27:10.375,1144,-20,59,
FF FF FF FF 00 25 05 C8 20 01 01 02 00 00 04 4C 00 00 04 4C 00 00 00 39 FF F0 00 36 12 34 04 79 C2 00 00 00 53,1100,1100,57,4660,2026-07-30 23:27:10.471,1145,-16,54,
FF FF FF FF 00 25 05 C9 20 01 01 02 00 00 04 4C 00 00 04 4C 00 00 00 39 FF F3 00 33 12 34 04 7A D0 00 00 00 45,1100,1100,57,4660,2026-07-30 23:27:10.567,1146,-13,51,
FF FF FF FF 00 25 05 CA 20 01 01 02 00 00 04 4C 00 00 04 4C 00 00 00 2D FF F1 00 30 12 34 04 7B C6 00 00 00 44,1100,1100,45,4660,2026-07-30 23:27:10.674,1147,-15,48,
FF FF FF FF 00 25 05 CB 20 01 01 02 00 00 04 4C 00 00 04 4C 00 00 00 2C FF F3 00 31 12 34 04 7C CC 00 00 00 4A,1100,1100,44,4660,2026-07-30 23:27:10.776,1148,-13,49,
FF FF FF FF 00 25 05 CC 20 01 01 02 00 00 04 4C 00 00 04 4C 00 00 00 28 FF F1 00 31 12 34 04 7D C9 00 00 00 4F,1100,1100,40,4660,2026-07-30 23:27:10.866,1149,-15,49,
FF FF FF FF 00 25 05 CD 20 01 01 02 00 00 04 4C 00 00 04 4C 00 00 00 2E FF ED 00 2E 12 34 04 7E CC 00 00 00 4D,1100,1100,46,4660,2026-07-30 23:27:10.970,1150,-19,46,
FF FF FF FF 00 25 05 CE 20 01 01 02 00 00 04 4C 00 00 04 4C 00 00 00 40 FF E6 00 29 12 34 04 7F C4 00 00 00 25,1100,1100,64,4660,2026-07-30 23:27:11.068,1151,-26,41,
FF FF FF FF 00 25 05 CF 20 01 01 02 00 00 04 4C 00 00 04 4C 00 00 00 42 FF E3 00 20 12 34 04 80 CC 00 00 00 DD,1100,1100,66,4660,2026-07-30 23:27:11.171,1152,-29,32,
FF FF FF FF 00 25 05 D0 20 01 01 02 00 00 04 4C 00 00 04 4C 00 00 00 42 FF E4 00 25 12 34 04 81 CB 00 00 00 C6,1100,1100,66,4660,2026-07-30 23:27:11.268,1153,-28,37,
FF FF FF FF 00 25 05 D1 20 01 01 02 00 00 04 4C 00 00 04 4C 00 00 00 3D FF E9 00 26 12 34 04 82 CD 00 00 00 B3,1100,1100,61,4660,2026-07-30 23:27:11.365,1154,-23,38,
FF FF FF FF 00 25 05 D2 20 01 01 02 00 00 04 4C 00 00 04 4C 00 00 00 37 FF EC 00 29 12 34 04 83 CB 00 00 00 B7,1100,1100,55,4660,2026-07-30 23:27:11.466,1155,-20,41,
FF FF FF FF 00 25 05 D3 20 01 01 02 00 00 04 4C 00 00 04 4C 00 00 00 30 FF EE 00 2A 12 34 04 84 CB 00 00 00 B7,1100,1100,48,4660,2026-07-30 23:27:11.574,1156,-18,42,
FF FF FF FF 00 25 05 D4 20 01 01 02 00 00 04 4C 00 00 04 4C 00 00 00 31 FF EE 00 2A 12 34 04 85 CD 00 00 00 B6,1100,1100,49,4660,2026-07-30 23:27:11.671,1157,-18,42,
FF FF FF FF 00 25 05 D5 20 01 01 02 00 00 04 4C 00 00 04 4C 00 00 00 34 FF ED 00 2B 12 34 04 86 CB 00 00 00 B5,1100,1100,52,4660,2026-07-30 23:27:11.775,1158,-19,43,
FF FF FF FF 00 25 05 D6 20 01 01 02 00 00 04 4C 00 00 04 4C 00 00 00 34 FF F0 00 2B 12 34 04 87 D6 00 00 00 B7,1100,1100,52,4660,2026-07-30 23:27:11.872,1159,-16,43,
FF FF FF FF 00 25 05 D7 20 01 01 02 00 00 04 4C 00 00 04 4C 00 00 00 2F FF F7 00 25 12 34 04 88 CA 00 00 00 B7,1100,1100,47,4660,2026-07-30 23:27:11.970,1160,-9,37,
FF FF FF FF 00 25 05 D8 20 01 01 02 00 00 04 4C 00 00 04 4C 00 00 00 31 00 00 00 1D 12 34 04 89 CE 00 00 00 93,1100,1100,49,4660,2026-07-30 23:27:12.073,1161,0,29,
FF FF FF FF 00 25 05 D9 20 01 01 02 00 00 04 4C 00 00 04 4C 00 00 00 33 00 00 00 1A 12 34 04 8A D1 00 00 00 8B,1100,1100,51,4660,2026-07-30 23:27:12.171,1162,0,26,
FF FF FF FF 00 25 05 DA 20 01 01 02 00 00 04 4C 00 00 04 4C 00 00 00 36 FF F6 00 0B 12 34 04 8B C7 00 00 00 82,1100,1100,54,4660,2026-07-30 23:27:12.275,1163,-10,11,
FF FF FF FF 00 25 05 DB 20 01 01 02 00 00 04 4C 00 00 04 4C 00 00 00 38 FF F9 00 0E 12 34 04 8C CD 00 00 00 8A,1100,1100,56,4660,2026-07-30 23:27:12.372,1164,-7,14,
FF FF FF FF 00 25 05 DC 20 01 01 02 00 00 04 4C 00 00 04 4C 00 00 00 37 FF FB 00 10 12 34 04 8D D1 00 00 00 83,1100,1100,55,4660,2026-07-30 23:27:12.470,1165,-5,16,
FF FF FF FF 00 25 05 DD 20 01 01 02 00 00 04 4C 00 00 04 4C 00 00 00 33 00 00 00 12 12 34 04 8E D2 00 00 00 80,1100,1100,51,4660,2026-07-30 23:27:12.567,1166,0,18,
FF FF FF FF 00 25 05 DE 20 01 01 02 00 00 04 4C 00 00 04 4C 00 00 00 32 00 06 00 12 12 34 04 8F D2 00 00 00 85,1100,1100,50,4660,2026-07-30 23:27:12.667,1167,6,18,
FF FF FF FF 00 25 05 DF 20 01 01 02 00 00 04 4C 00 00 04 4C 00 00 00 31 00 09 00 10 12 34 04 90 CE 00 00 00 89,1100,1100,49,4660,2026-07-30 23:27:12.768,1168,9,16,
FF FF FF FF 00 25 05 E0 20 01 01 02 00 00 04 4C 00 00 04 4C 00 00 00 39 00 12 00 10 12 34 04 91 CF 00 00 00 A5,1100,1100,57,4660,2026-07-30 23:27:12.873,1169,18,16,
FF FF FF FF 00 25 05 E1 20 01 01 02 00 00 04 4C 00 00 04 4C 00 00 00 38 00 13 00 12 12 34 04 92 D4 00 00 00 BE,1100,1100,56,4660,2026-07-30 23:27:12.977,1170,19,18,
FF FF FF FF 00 25 05 E2 20 01 01 02 00 00 04 4C 00 00 04 4C 00 00 00 34 00 0F 00 17 12 34 04 93 CF 00 00 00 B2,1100,1100,52,4660,2026-07-30 23:27:13.067,1171,15,23,
FF FF FF FF 00 25 05 E3 20 01 01 02 00 00 04 4C 00 00 04 4C 00 00 00 34 00 0C 00 18 12 34 04 94 D3 00 00 00 A4,1100,1100,52,4660,2026-07-30 23:27:13.164,1172,12,24,
FF FF FF FF 00 25 05 E4 20 01 01 02 00 00 04 4C 00 00 04 4C 00 00 00 35 00 21 00 18 12 34 04 95 CA 00 00 00 97,1100,1100,53,4660,2026-07-30 23:27:13.270,1173,33,24,
FF FF FF FF 00 25 05 E5 20 01 01 02 00 00 04 4C 00 00 04 4C 00 00 00 34 00 24 00 1B 12 34 04 96 CC 00 00 00 94,1100,1100,52,4660,2026-07-30 23:27:13.365,1174,36,27,
FF FF FF FF 00 25 05 E6 20 01 01 02 00 00 04 4C 00 00 04 4C 00 00 00 32 00 24 00 1A 12 34 04 97 D0 00 00 00 8D,1100,1100,50,4660,2026-07-30 23:27:13.477,1175,36,26,
FF FF FF FF 00 25 05 E7 20 01 01 02 00 00 04 4C 00 00 04 4C 00 00 00 2E 00 1D 00 19 12 34 04 98 D2 00 00 00 A7,1100,1100,46,4660,2026-07-30 23:27:13.567,1176,29,25,
FF FF FF FF 00 25 05 E8 20 01 01 02 00 00 04 4C 00 00 04 4C 00 00 00 2F 00 17 00 18 12 34 04 99 D1 00 00 00 A0,1100,1100,47,4660,2026-07-30 23:27:13.679,1177,23,24,
FF FF FF FF 00 25 05 E9 20 01 01 02 00 00 04 4C 00 00 04 4C 00 00 00 36 00 14 00 24 12 34 04 9A C8 00 00 00 9D,1100,1100,54,4660,2026-07-30 23:27:13.768,1178,20,36,
FF FF FF FF 00 25 05 EA 20 01 01 02 00 00 04 4C 00 00 04 4C 00 00 00 34 00 11 00 24 12 34 04 9C CC 00 00 00 9B,1100,1100,52,4660,2026-07-30 23:27:14.004,1180,17,36,
FF FF FF FF 00 25 05 EB 20 01 01 02 00 00 04 4C 00 00 04 4C 00 00 00 32 00 0D 00 22 12 34 04 9D CB 00 00 00 80,1100,1100,50,4660,2026-07-30 23:27:14.074,1181,13,34,
FF FF FF FF 00 25 05 EC 20 01 01 02 00 00 04 4C 00 00 04 4C 00 00 00 34 00 23 00 19 12 34 04 9E CF 00 00 00 93,1100,1100,52,4660,2026-07-30 23:27:14.178,1182,35,25,
FF FF FF FF 00 25 05 ED 20 01 01 02 00 00 04 4C 00 00 04 4C 00 00 00 27 00 22 00 23 12 34 04 9F CC 00 00 00 B8,1100,1100,39,4660,2026-07-30 23:27:14.275,1183,34,35,
FF FF FF FF 00 25 05 EE 20 01 01 02 00 00 04 4C 00 00 04 4C 00 00 00 32 00 0E 00 2C 12 34 04 A0 C9 00 00 00 B7,1100,1100,50,4660,2026-07-30 23:27:14.373,1184,14,44,
FF FF FF FF 00 25 05 EF 20 01 01 02 00 00 04 4C 00 00 04 4C 00 00 00 2C 00 04 00 26 12 34 04 A1 C5 00 00 00 A5,1100,1100,44,4660,2026-07-30 23:27:14.467,1185,4,38,
FF FF FF FF 00 25 05 F0 20 01 01 02 00 00 04 4C 00 00 04 4C 00 00 00 32 FF FF 00 28 12 34 04 A2 CB 00 00 00 A3,1100,1100,50,4660,2026-07-30 23:27:14.576,1186,-1,40,
FF FF FF FF 00 25 05 F1 20 01 01 02 00 00 04 4C 00 00 04 4C 00 00 00 38 FF FF 00 2E 12 34 04 A3 CB 00 00 00 AF,1100,1100,56,4660,2026-07-30 23:27:14.675,1187,-1,46,
FF FF FF FF 00 25 05 F2 20 01 01 02 00 00 04 4C 00 00 04 4C 00 00 00 37 FF FD 00 30 12 34 04 A4 CD 00 00 00 BE,1100,1100,55,4660,2026-07-30 23:27:14.771,1188,-3,48,
FF FF FF FF 00 25 05 F3 20 01 01 02 00 00 04 4C 00 00 04 4C 00 00 00 3A FF EC 00 23 12 34 04 A5 CC 00 00 00 B0,1100,1100,58,4660,2026-07-30 23:27:14.866,1189,-20,35,
FF FF FF FF 00 25 05 F4 20 01 01 02 00 00 04 4C 00 00 04 4C 00 00 00 3B FF F5 00 32 12 34 04 A6 C7 00 00 00 B6,1100,1100,59,4660,2026-07-30 23:27:14.978,1190,-11,50,
FF FF FF FF 00 25 05 F5 20 01 01 02 00 00 04 4C 00 00 04 4C 00 00 00 3E FF FB 00 37 12 34 04 A7 CB 00 00 00 B4,1100,1100,62,4660,2026-07-30 23:27:15.079,1191,-5,55,
FF FF FF FF 00 25 05 F6 20 01 01 02 00 00 04 4C 00 00 04 4C 00 00 00 32 FF FB 00 38 12 34 04 A8 CC 00 00 00 BC,1100,1100,50,4660,2026-07-30 23:27:15.169,1192,-5,56,
FF FF FF FF 00 25 05 F7 20 01 01 02 00 00 04 4C 00 00 04 4C 00 00 00 36 FF FF 00 3C 12 34 04 A9 CB 00 00 00 BF,1100,1100,54,4660,2026-07-30 23:27:15.268,1193,-1,60,
FF FF FF FF 00 25 05 F8 20 01 01 02 00 00 04 4C 00 00 04 4C 00 00 00 38 00 01 00 40 12 34 04 AA CB 00 00 00 C0,1100,1100,56,4660,2026-07-30 23:27:15.372,1194,1,64,
FF FF FF FF 00 25 05 F9 20 01 01 02 00 00 04 4C 00 00 04 4C 00 00 00 37 00 01 00 3F 12 34 04 AB CA 00 00 00 B1,1100,1100,55,4660,2026-07-30 23:27:15.463,1195,1,63,
FF FF FF FF 00 25 05 FA 20 01 01 02 00 00 04 4C 00 00 04 4C 00 00 00 37 00 01 00 3A 12 34 04 AC CE 00 00 00 B4,1100,1100,55,4660,2026-07-30 23:27:15.574,1196,1,58,
FF FF FF FF 00 25 05 FB 20 01 01 02 00 00 04 4C 00 00 04 4C 00 00 00 34 FF FD 00 36 12 34 04 AD D1 00 00 00 A7,1100,1100,52,4660,2026-07-30 23:27:15.678,1197,-3,54,
FF FF FF FF 00 25 05 FC 20 01 01 02 00 00 04 4C 00 00 04 4C 00 00 00 32 FF F9 00 33 12 34 04 AE CE 00 00 00 BB,1100,1100,50,4660,2026-07-30 23:27:15.771,1198,-7,51,
FF FF FF FF 00 25 05 FD 20 01 01 02 00 00 04 4C 00 00 04 4C 00 00 00 31 FF F6 00 32 12 34 04 AF CA 00 00 00 B2,1100,1100,49,4660,2026-07-30 23:27:15.866,1199,-10,50,
FF FF FF FF 00 25 05 FE 20 01 01 02 00 00 04 4C 00 00 04 4C 00 00 00 34 FF FD 00 2A 12 34 04 B0 C1 00 00 00 B3,1100,1100,52,4660,2026-07-30 23:27:15.963,1200,-3,42,
FF FF FF FF 00 25 05 FF 20 01 01 02 00 00 04 4C 00 00 04 4C 00 00 00 37 FF FA 00 2A 12 34 04 B1 C6 00 00 00 B0,1100,1100,55,4660,2026-07-30 23:27:16.068,1201,-6,42,
FF FF FF FF 00 25 06 00 20 01 01 02 00 00 04 4C 00 00 04 4C 00 00 00 3F FF FA 00 37 12 34 04 B2 C7 00 00 00 5B,1100,1100,63,4660,2026-07-30 23:27:16.171,1202,-6,55,
FF FF FF FF 00 25 06 01 20 01 01 02 00 00 04 4C 00 00 04 4C 00 00 00 3E FF F6 00 37 12 34 04 B3 CB 00 00 00 5A,1100,1100,62,4660,2026-07-30 23:27:16.268,1203,-10,55,
FF FF FF FF 00 25 06 02 20 01 01 02 00 00 04 4C 00 00 04 4C 00 00 00 3B FF F4 00 35 12 34 04 B4 C9 00 00 00 59,1100,1100,59,4660,2026-07-30 23:27:16.366,1204,-12,53,
FF FF FF FF 00 25 06 03 20 01 01 02 00 00 04 4C 00 00 04 4C 00 00 00 3F FF F1 00 32 12 34 04 B5 C8 00 00 00 5E,1100,1100,63,4660,2026-07-30 23:27:16.470,1205,-15,50,
FF FF FF FF 00 25 06 04 20 01 01 02 00 00 04 4C 00 00 04 4C 00 00 00 41 FF EE 00 30 12 34 04 B6 C5 00 00 00 34,1100,1100,65,4660,2026-07-30 23:27:16.567,1206,-18,48,
FF FF FF FF 00 25 06 05 20 01 01 02 00 00 04 4C 00 00 04 4C 00 00 00 3F FF EF 00 31 12 34 04 B7 C5 00 00 00 4A,1100,1100,63,4660,2026-07-30 23:27:16.674,1207,-17,49,
FF FF FF FF 00 25 06 06 20 01 01 02 00 00 04 4C 00 00 04 4C 00 00 00 41 FF F0 00 34 12 34 04 B8 C9 00 00 00 2E,1100,1100,65,4660,2026-07-30 23:27:16.768,1208,-16,52,
FF FF FF FF 00 25 06 07 20 01 01 02 00 00 04 4C 00 00 04 4C 00 00 00 3F FF EF 00 35 12 34 04 B9 CC 00 00 00 4B,1100,1100,63,4660,2026-07-30 23:27:16.866,1209,-17,53,
FF FF FF FF 00 25 06 08 20 01 01 02 00 00 04 4C 00 00 04 4C 00 00 00 3D FF EC 00 34 12 34 04 BA CB 00 00 00 40,1100,1100,61,4660,2026-07-30 23:27:16.970,1210,-20,52,
FF FF FF FF 00 25 06 09 20 01 01 02 00 00 04 4C 00 00 04 4C 00 00 00 3F FF EA 00 33 12 34 04 BB C9 00 00 00 41,1100,1100,63,4660,2026-07-30 23:27:17.074,1211,-22,51,
FF FF FF FF 00 25 06 0A 20 01 01 02 00 00 04 4C 00 00 04 4C 00 00 00 3C FF E9 00 31 12 34 04 BC C6 00 00 00 48,1100,1100,60,4660,2026-07-30 23:27:17.179,1212,-23,49,
FF FF FF FF 00 25 06 0B 20 01 01 02 00 00 04 4C 00 00 04 4C 00 00 00 38 FF EA 00 30 12 34 04 BD C8 00 00 00 40,1100,1100,56,4660,2026-07-30 23:27:17.269,1213,-22,48,
FF FF FF FF 00 25 06 0C 20 01 01 02 00 00 04 4C 00 00 04 4C 00 00 00 3A FF EB 00 31 12 34 04 BE C9 00 00 00 47,1100,1100,58,4660,2026-07-30 23:27:17.373,1214,-21,49,
FF FF FF FF 00 25 06 0D 20 01 01 02 00 00 04 4C 00 00 04 4C 00 00 00 38 FF EB 00 31 12 34 04 BF C9 00 00 00 45,1100,1100,56,4660,2026-07-30 23:27:17.470,1215,-21,49,
FF FF FF FF 00 25 06 0E 20 01 01 02 00 00 04 4C 00 00 04 4C 00 00 00 35 FF ED 00 31 12 34 04 C0 C8 00 00 00 33,1100,1100,53,4660,2026-07-30 23:27:17.574,1216,-19,49,
FF FF FF FF 00 25 06 0F 20 01 01 02 00 00 04 4C 00 00 04 4C 00 00 00 2D FF EE 00 2F 12 34 04 C1 C8 00 00 00 36,1100,1100,45,4660,2026-07-30 23:27:17.664,1217,-18,47,
FF FF FF FF 00 25 06 10 20 01 01 02 00 00 04 4C 00 00 04 4C 00 00 00 2B FF EE 00 2F 12 34 04 C2 C7 00 00 00 23,1100,1100,43,4660,2026-07-30 23:27:17.769,1218,-18,47,
FF FF FF FF 00 25 06 11 20 01 01 02 00 00 04 4C 00 00 04 4C 00 00 00 33 FF EE 00 2F 12 34 04 C3 C9 00 00 00 35,1100,1100,51,4660,2026-07-30 23:27:17.868,1219,-18,47,
FF FF FF FF 00 25 06 12 20 01 01 02 00 00 04 4C 00 00 04 4C 00 00 00 37 FF EE 00 31 12 34 04 C4 C8 00 00 00 2A,1100,1100,55,4660,2026-07-30 23:27:17.970,1220,-18,49,
FF FF FF FF 00 25 06 13 20 01 01 02 00 00 04 4C 00 00 04 4C 00 00 00 3B FF EE 00 32 12 34 04 C5 C8 00 00 00 25,1100,1100,59,4660,2026-07-30 23:27:18.067,1221,-18,50,
FF FF FF FF 00 25 06 14 20 01 01 02 00 00 04 4C 00 00 04 4C 00 00 00 3D FF ED 00 31 12 34 04 C6 C5 00 00 00 2A,1100,1100,61,4660,2026-07-30 23:27:18.170,1222,-19,49,
FF FF FF FF 00 25 06 15 20 01 01 02 00 00 04 4C 00 00 04 4C 00 00 00 36 FF EC 00 2D 12 34 04 C7 C5 00 00 00 3C,1100,1100,54,4660,2026-07-30 23:27:18.275,1223,-20,45,
FF FF FF FF 00 25 06 16 20 01 01 02 00 00 04 4C 00 00 04 4C 00 00 00 30 FF EC 00 2C 12 34 04 C8 C3 00 00 00 31,1100,1100,48,4660,2026-07-30 23:27:18.368,1224,-20,44,
FF FF FF FF 00 25 06 17 20 01 01 02 00 00 04 4C 00 00 04 4C 00 00 00 32 FF EC 00 2B 12 34 04 C9 C7 00 00 00 30,1100,1100,50,4660,2026-07-30 23:27:18.473,1225,-20,43,
FF FF FF FF 00 25 06 18 20 01 01 02 00 00 04 4C 00 00 04 4C 00 00 00 3C FF EF 00 38 12 34 04 CA C8 00 00 00 2D,1100,1100,60,4660,2026-07-30 23:27:18.567,1226,-17,56,
FF FF FF FF 00 25 06 19 20 01 01 02 00 00 04 4C 00 00 04 4C 00 00 00 3C FF EE 00 37 12 34 04 CB C8 00 00 00 23,1100,1100,60,4660,2026-07-30 23:27:18.668,1227,-18,55,
FF FF FF FF 00 25 06 1A 20 01 01 02 00 00 04 4C 00 00 04 4C 00 00 00 3C FF ED 00 34 12 34 04 CC C6 00 00 00 29,1100,1100,60,4660,2026-07-30 23:27:18.775,1228,-19,52,
FF FF FF FF 00 25 06 1B 20 01 01 02 00 00 04 4C 00 00 04 4C 00 00 00 3E FF EB 00 31 12 34 04 CD C7 00 00 00 29,1100,1100,62,4660,2026-07-30 23:27:18.865,1229,-21,49,
FF FF FF FF 00 25 06 1C 20 01 01 02 00 00 04 4C 00 00 04 4C 00 00 00 40 FF EA 00 2F 12 34 04 CE C7 00 00 00 4C,1100,1100,64,4660,2026-07-30 23:27:18.977,1230,-22,47,
FF FF FF FF 00 25 06 1D 20 01 01 02 00 00 04 4C 00 00 04 4C 00 00 00 3F FF EA 00 2D 12 34 04 CF C9 00 00 00 3F,1100,1100,63,4660,2026-07-30 23:27:19.073,1231,-22,45,
FF FF FF FF 00 25 06 1E 20 01 01 02 00 00 04 4C 00 00 04 4C 00 00 00 3C FF EB 00 2D 12 34 04 D0 C3 00 00 00 2B,1100,1100,60,4660,2026-07-30 23:27:19.171,1232,-21,45,
FF FF FF FF 00 25 06 1F 20 01 01 02 00 00 04 4C 00 00 04 4C 00 00 00 3C FF ED 00 30 12 34 04 D1 C6 00 00 00 35,1100,1100,60,4660,2026-07-30 23:27:19.268,1233,-19,48,
FF FF FF FF 00 25 06 20 20 01 01 02 00 00 04 4C 00 00 04 4C 00 00 00 3F FF F3 00 33 12 34 04 D2 CA 00 00 00 1B,1100,1100,63,4660,2026-07-30 23:27:19.366,1234,-13,51,
FF FF FF FF 00 25 06 21 20 01 01 02 00 00 04 4C 00 00 04 4C 00 00 00 3B FF F4 00 31 12 34 04 D3 D5 00 00 00 05,1100,1100,59,4660,2026-07-30 23:27:19.469,1235,-12,49,
FF FF FF FF 00 25 06 22 20 01 01 02 00 00 04 4C 00 00 04 4C 00 00 00 35 FF F5 00 2D 12 34 04 D4 D1 00 00 00 16,1100,1100,53,4660,2026-07-30 23:27:19.567,1236,-11,45,
FF FF FF FF 00 25 06 23 20 01 01 02 00 00 04 4C 00 00 04 4C 00 00 00 2C FF FC 00 22 12 34 04 D5 C9 00 00 00 11,1100,1100,44,4660,2026-07-30 23:27:19.666,1237,-4,34,
FF FF FF FF 00 25 06 24 20 01 01 02 00 00 04 4C 00 00 04 4C 00 00 00 26 FF FD 00 19 12 34 04 D6 CA 00 00 00 26,1100,1100,38,4660,2026-07-30 23:27:19.775,1238,-3,25,
FF FF FF FF 00 25 06 25 20 01 01 02 00 00 04 4C 00 00 04 4C 00 00 00 27 FF FA 00 16 12 34 04 D7 CD 00 00 00 28,1100,1100,39,4660,2026-07-30 23:27:19.868,1239,-6,22,
FF FF FF FF 00 25 06 26 20 01 01 02 00 00 04 4C 00 00 04 4C 00 00 00 29 00 01 00 15 12 34 04 D8 CE 00 00 00 2E,1100,1100,41,4660,2026-07-30 23:27:19.976,1240,1,21,
FF FF FF FF 00 25 06 27 20 01 01 02 00 00 04 4C 00 00 04 4C 00 00 00 2A 00 03 00 15 12 34 04 D9 D6 00 00 00 37,1100,1100,42,4660,2026-07-30 23:27:20.071,1241,3,21,
FF FF FF FF 00 25 06 28 20 01 01 02 00 00 04 4C 00 00 04 4C 00 00 00 29 00 09 00 12 12 34 04 DA CE 00 00 00 2D,1100,1100,41,4660,2026-07-30 23:27:20.168,1242,9,18,
FF FF FF FF 00 25 06 29 20 01 01 02 00 00 04 4C 00 00 04 4C 00 00 00 29 00 09 00 0F 12 34 04 DB CC 00 00 00 32,1100,1100,41,4660,2026-07-30 23:27:20.274,1243,9,15,
FF FF FF FF 00 25 06 2A 20 01 01 02 00 00 04 4C 00 00 04 4C 00 00 00 2C 00 0A 00 11 12 34 04 DC CD 00 00 00 2F,1100,1100,44,4660,2026-07-30 23:27:20.372,1244,10,17,
FF FF FF FF 00 25 06 2B 20 01 01 02 00 00 04 4C 00 00 04 4C 00 00 00 30 00 0D 00 13 12 34 04 DD CD 00 00 00 36,1100,1100,48,4660,2026-07-30 23:27:20.463,1245,13,19,
FF FF FF FF 00 25 06 2C 20 01 01 02 00 00 04 4C 00 00 04 4C 00 00 00 35 00 0C 00 15 12 34 04 DE D0 00 00 00 2D,1100,1100,53,4660,2026-07-30 23:27:20.569,1246,12,21,
FF FF FF FF 00 25 06 2D 20 01 01 02 00 00 04 4C 00 00 04 4C 00 00 00 37 00 03 00 16 12 34 04 DF CC 00 00 00 3F,1100,1100,55,4660,2026-07-30 23:27:20.676,1247,3,22,
FF FF FF FF 00 25 06 2E 20 01 01 02 00 00 04 4C 00 00 04 4C 00 00 00 3A FF FE 00 1B 12 34 04 E0 D1 00 00 00 1C,1100,1100,58,4660,2026-07-30 23:27:20.775,1248,-2,27,
FF FF FF FF 00 25 06 2F 20 01 01 02 00 00 04 4C 00 00 04 4C 00 00 00 3C FF FD 00 21 12 34 04 E1 D3 00 00 00 21,1100,1100,60,4660,2026-07-30 23:27:20.866,1249,-3,33,
FF FF FF FF 00 25 06 30 20 01 01 02 00 00 04 4C 00 00 04 4C 00 00 00 3E FF F7 00 24 12 34 04 E2 CC 00 00 00 2F,1100,1100,62,4660,2026-07-30 23:27:20.969,1250,-9,36,
FF FF FF FF 00 25 06 31 20 01 01 02 00 00 04 4C 00 00 04 4C 00 00 00 3D FF F2 00 25 12 34 04 E3 CC 00 00 00 28,1100,1100,61,4660,2026-07-30 23:27:21.075,1251,-14,37,
FF FF FF FF 00 25 06 32 20 01 01 02 00 00 04 4C 00 00 04 4C 00 00 00 3E FF EF 00 26 12 34 04 E4 CB 00 00 00 36,1100,1100,62,4660,2026-07-30 23:27:21.167,1252,-17,38,
FF FF FF FF 00 25 06 33 20 01 01 02 00 00 04 4C 00 00 04 4C 00 00 00 40 FF F1 00 28 12 34 04 E5 CF 00 00 00 5C,1100,1100,64,4660,2026-07-30 23:27:21.268,1253,-15,40,
FF FF FF FF 00 25 06 34 20 01 01 02 00 00 04 4C 00 00 04 4C 00 00 00 42 FF F0 00 27 12 34 04 E6 CC 00 00 00 57,1100,1100,66,4660,2026-07-30 23:27:21.366,1254,-16,39,
FF FF FF FF 00 25 06 35 20 01 01 02 00 00 04 4C 00 00 04 4C 00 00 00 59 FF F3 00 2A 12 34 04 E7 C7 00 00 00 49,1100,1100,89,4660,2026-07-30 23:27:21.462,1255,-13,42,
FF FF FF FF 00 25 06 36 20 01 01 02 00 00 04 4C 00 00 04 4C 00 00 00 5E FF F5 00 2B 12 34 04 E8 C8 00 00 00 4A,1100,1100,94,4660,2026-07-30 23:27:21.574,1256,-11,43,
FF FF FF FF 00 25 06 37 20 01 01 02 00 00 04 4C 00 00 04 4C 00 00 00 60 FF FA 00 2A 12 34 04 E9 C4 00 00 00 76,1100,1100,96,4660,2026-07-30 23:27:21.665,1257,-6,42,
FF FF FF FF 00 25 06 38 20 01 01 02 00 00 04 4C 00 00 04 4C 00 00 00 64 FF FA 00 2D 12 34 04 EA C7 00 00 00 7A,1100,1100,100,4660,2026-07-30 23:27:21.775,1258,-6,45,
FF FF FF FF 00 25 06 39 20 01 01 02 00 00 04 4C 00 00 04 4C 00 00 00 67 FF FA 00 30 12 34 04 EB C8 00 00 00 6B,1100,1100,103,4660,2026-07-30 23:27:21.873,1259,-6,48,
FF FF FF FF 00 25 06 3A 20 01 01 02 00 00 04 4C 00 00 04 4C 00 00 00 60 FF F9 00 2F 12 34 04 EC C1 00 00 00 7D,1100,1100,96,4660,2026-07-30 23:27:21.970,1260,-7,47,
FF FF FF FF 00 25 06 3B 20 01 01 02 00 00 04 4C 00 00 04 4C 00 00 00 61 FF FA 00 32 12 34 04 ED C5 00 00 00 66,1100,1100,97,4660,2026-07-30 23:27:22.066,1261,-6,50,
FF FF FF FF 00 25 06 3C 20 01 01 02 00 00 04 4C 00 00 04 4C 00 00 00 55 FF F5 00 2C 12 34 04 EE C5 00 00 00 47,1100,1100,85,4660,2026-07-30 23:27:22.165,1262,-11,44,
FF FF FF FF 00 25 06 3D 20 01 01 02 00 00 04 4C 00 00 04 4C 00 00 00 52 FF F3 00 28 12 34 04 EF C8 00 00 00 4F,1100,1100,82,4660,2026-07-30 23:27:22.269,1263,-13,40,
FF FF FF FF 00 25 06 3E 20 01 01 02 00 00 04 4C 00 00 04 4C 00 00 00 53 FF EF 00 28 12 34 04 F0 C7 00 00 00 41,1100,1100,83,4660,2026-07-30 23:27:22.368,1264,-17,40,
FF FF FF FF 00 25 06 3F 20 01 01 02 00 00 04 4C 00 00 04 4C 00 00 00 57 FF F2 00 27 12 34 04 F1 C8 00 00 00 58,1100,1100,87,4660,2026-07-30 23:27:22.471,1265,-14,39,
FF FF FF FF 00 25 06 40 20 01 01 02 00 00 04 4C 00 00 04 4C 00 00 00 4C FF EE 00 22 12 34 04 F2 C0 00 00 00 2E,1100,1100,76,4660,2026-07-30 23:27:22.569,1266,-18,34,
FF FF FF FF 00 25 06 41 20 01 01 02 00 00 04 4C 00 00 04 4C 00 00 00 4D FF ED 00 23 12 34 04 F3 CE 00 00 00 23,1100,1100,77,4660,2026-07-30 23:27:22.678,1267,-19,35,
FF FF FF FF 00 25 06 42 20 01 01 02 00 00 04 4C 00 00 04 4C 00 00 00 4D FF EF 00 2A 12 34 04 F4 CC 00 00 00 2E,1100,1100,77,4660,2026-07-30 23:27:22.768,1268,-17,42,
FF FF FF FF 00 25 06 43 20 01 01 02 00 00 04 4C 00 00 04 4C 00 00 00 4A FF F0 00 2C 12 34 04 F5 CD 00 00 00 31,1100,1100,74,4660,2026-07-30 23:27:22.866,1269,-16,44,
FF FF FF FF 00 25 06 44 20 01 01 02 00 00 04 4C 00 00 04 4C 00 00 00 46 FF ED 00 2B 12 34 04 F6 CD 00 00 00 23,1100,1100,70,4660,2026-07-30 23:27:22.969,1270,-19,43,
FF FF FF FF 00 25 06 45 20 01 01 02 00 00 04 4C 00 00 04 4C 00 00 00 43 FF EB 00 27 12 34 04 F7 C4 00 00 00 25,1100,1100,67,4660,2026-07-30 23:27:23.066,1271,-21,39,
FF FF FF FF 00 25 06 46 20 01 01 02 00 00 04 4C 00 00 04 4C 00 00 00 4C FF F0 00 2D 12 34 04 F8 C9 00 00 00 3A,1100,1100,76,4660,2026-07-30 23:27:23.175,1272,-16,45,
FF FF FF FF 00 25 06 47 20 01 01 02 00 00 04 4C 00 00 04 4C 00 00 00 4B FF F0 00 2C 12 34 04 F9 CE 00 00 00 3B,1100,1100,75,4660,2026-07-30 23:27:23.275,1273,-16,44,
FF FF FF FF 00 25 06 48 20 01 01 02 00 00 04 4C 00 00 04 4C 00 00 00 4B FF EE 00 2B 12 34 04 FA CD 00 00 00 2D,1100,1100,75,4660,2026-07-30 23:27:23.365,1274,-18,43,
FF FF FF FF 00 25 06 49 20 01 01 02 00 00 04 4C 00 00 04 4C 00 00 00 46 FF EC 00 27 12 34 04 FB C5 00 00 00 26,1100,1100,70,4660,2026-07-30 23:27:23.477,1275,-20,39,
FF FF FF FF 00 25 06 4A 20 01 01 02 00 00 04 4C 00 00 04 4C 00 00 00 3F FF E2 00 24 12 34 04 FC BA 00 00 00 29,1100,1100,63,4660,2026-07-30 23:27:23.574,1276,-30,36,
FF FF FF FF 00 25 06 4B 20 01 01 02 00 00 04 4C 00 00 04 4C 00 00 00 44 FF E3 00 22 12 34 04 FD C8 00 00 00 27,1100,1100,68,4660,2026-07-30 23:27:23.671,1277,-29,34,
FF FF FF FF 00 25 06 4C 20 01 01 02 00 00 04 4C 00 00 04 4C 00 00 00 44 FF E4 00 21 12 34 04 FE C9 00 00 00 26,1100,1100,68,4660,2026-07-30 23:27:23.774,1278,-28,33,
FF FF FF FF 00 25 06 4D 20 01 01 02 00 00 04 4C 00 00 04 4C 00 00 00 47 FF E3 00 1F 12 34 04 FF C4 00 00 00 11,1100,1100,71,4660,2026-07-30 23:27:23.866,1279,-29,31,
FF FF FF FF 00 25 06 4E 20 01 01 02 00 00 04 4C 00 00 04 4C 00 00 00 49 FF E4 00 21 12 34 05 00 C7 00 00 00 D8,1100,1100,73,4660,2026-07-30 23:27:23.977,1280,-28,33,
FF FF FF FF 00 25 06 4F 20 01 01 02 00 00 04 4C 00 00 04 4C 00 00 00 43 FF F1 00 30 12 34 05 01 C2 00 00 00 D3,1100,1100,67,4660,2026-07-30 23:27:24.074,1281,-15,48,
FF FF FF FF 00 25 06 50 20 01 01 02 00 00 04 4C 00 00 04 4C 00 00 00 47 FF F1 00 2E 12 34 05 02 C7 00 00 00 D0,1100,1100,71,4660,2026-07-30 23:27:24.164,1282,-15,46,
FF FF FF FF 00 25 06 51 20 01 01 02 00 00 04 4C 00 00 04 4C 00 00 00 48 FF EF 00 2B 12 34 05 03 C8 00 00 00 CB,1100,1100,72,4660,2026-07-30 23:27:24.275,1283,-17,43,
FF FF FF FF 00 25 06 52 20 01 01 02 00 00 04 4C 00 00 04 4C 00 00 00 48 FF ED 00 28 12 34 05 04 C8 00 00 00 CE,1100,1100,72,4660,2026-07-30 23:27:24.372,1284,-19,40,
FF FF FF FF 00 25 06 53 20 01 01 02 00 00 04 4C 00 00 04 4C 00 00 00 49 FF ED 00 29 12 34 05 05 C8 00 00 00 CE,1100,1100,73,4660,2026-07-30 23:27:24.468,1285,-19,41,
FF FF FF FF 00 25 06 54 20 01 01 02 00 00 04 4C 00 00 04 4C 00 00 00 54 FF F5 00 32 12 34 05 06 C4 00 00 00 D8,1100,1100,84,4660,2026-07-30 23:27:24.566,1286,-11,50,
FF FF FF FF 00 25 06 55 20 01 01 02 00 00 04 4C 00 00 04 4C 00 00 00 59 FF F7 00 34 12 34 05 07 C4 00 00 00 D1,1100,1100,89,4660,2026-07-30 23:27:24.677,1287,-9,52,
FF FF FF FF 00 25 06 56 20 01 01 02 00 00 04 4C 00 00 04 4C 00 00 00 57 FF F4 00 30 12 34 05 08 CA 00 00 00 DA,1100,1100,87,4660,2026-07-30 23:27:24.778,1288,-12,48,
FF FF FF FF 00 25 06 57 20 01 01 02 00 00 04 4C 00 00 04 4C 00 00 00 44 FF F1 00 2C 12 34 05 09 C8 00 00 00 D2,1100,1100,68,4660,2026-07-30 23:27:24.865,1289,-15,44,
FF FF FF FF 00 25 06 58 20 01 01 02 00 00 04 4C 00 00 04 4C 00 00 00 46 FF F0 00 2C 12 34 05 0A C9 00 00 00 DC,1100,1100,70,4660,2026-07-30 23:27:24.963,1290,-16,44,
FF FF FF FF 00 25 06 59 20 01 01 02 00 00 04 4C 00 00 04 4C 00 00 00 49 FF EB 00 28 12 34 05 0B C4 00 00 00 C1,1100,1100,73,4660,2026-07-30 23:27:25.066,1291,-21,40,
FF FF FF FF 00 25 06 5A 20 01 01 02 00 00 04 4C 00 00 04 4C 00 00 00 44 FF EA 00 24 12 34 05 0C C3 00 00 00 C2,1100,1100,68,4660,2026-07-30 23:27:25.174,1292,-22,36,
FF FF FF FF 00 25 06 5B 20 01 01 02 00 00 04 4C 00 00 04 4C 00 00 00 43 FF EB 00 24 12 34 05 0D CC 00 00 00 CB,1100,1100,67,4660,2026-07-30 23:27:25.275,1293,-21,36,
FF FF FF FF 00 25 06 5C 20 01 01 02 00 00 04 4C 00 00 04 4C 00 00 00 45 FF EB 00 24 12 34 05 0E CA 00 00 00 CF,1100,1100,69,4660,2026-07-30 23:27:25.365,1294,-21,36,
FF FF FF FF 00 25 06 5D 20 01 01 02 00 00 04 4C 00 00 04 4C 00 00 00 47 FF EB 00 23 12 34 05 0F C4 00 00 00 C4,1100,1100,71,4660,2026-07-30 23:27:25.475,1295,-21,35,
FF FF FF FF 00 25 06 5E 20 01 01 02 00 00 04 4C 00 00 04 4C 00 00 00 48 FF EB 00 23 12 34 05 10 CB 00 00 00 D8,1100,1100,72,4660,2026-07-30 23:27:25.567,1296,-21,35,
FF FF FF FF 00 25 06 5F 20 01 01 02 00 00 04 4C 00 00 04 4C 00 00 00 46 FF EB 00 24 12 34 05 11 CC 00 00 00 D6,1100,1100,70,4660,2026-07-30 23:27:25.671,1297,-21,36,
FF FF FF FF 00 25 06 60 20 01 01 02 00 00 04 4C 00 00 04 4C 00 00 00 4A FF EB 00 24 12 34 05 12 CB 00 00 00 E1,1100,1100,74,4660,2026-07-30 23:27:25.771,1298,-21,36,
FF FF FF FF 00 25 06 61 20 01 01 02 00 00 04 4C 00 00 04 4C 00 00 00 4B FF EB 00 24 12 34 05 13 CC 00 00 00 E7,1100,1100,75,4660,2026-07-30 23:27:25.865,1299,-21,36,
FF FF FF FF 00 25 06 62 20 01 01 02 00 00 04 4C 00 00 04 4C 00 00 00 4B FF EB 00 23 12 34 05 14 C9 00 00 00 E1,1100,1100,75,4660,2026-07-30 23:27:25.969,1300,-21,35,
FF FF FF FF 00 25 06 63 20 01 01 02 00 00 04 4C 00 00 04 4C 00 00 00 4D FF EB 00 24 12 34 05 15 CB 00 00 00 E2,1100,1100,77,4660,2026-07-30 23:27:26.073,1301,-21,36,
FF FF FF FF 00 25 06 64 20 01 01 02 00 00 04 4C 00 00 04 4C 00 00 00 4F FF EB 00 25 12 34 05 16 C7 00 00 00 E9,1100,1100,79,4660,2026-07-30 23:27:26.166,1302,-21,37,
FF FF FF FF 00 25 06 65 20 01 01 02 00 00 04 4C 00 00 04 4C 00 00 00 4C FF EC 00 26 12 34 05 17 C9 00 00 00 E0,1100,1100,76,4660,2026-07-30 23:27:26.271,1303,-20,38,
FF FF FF FF 00 25 06 66 20 01 01 02 00 00 04 4C 00 00 04 4C 00 00 00 4D FF EC 00 26 12 34 05 18 C9 00 00 00 ED,1100,1100,77,4660,2026-07-30 23:27:26.369,1304,-20,38,
FF FF FF FF 00 25 06 67 20 01 01 02 00 00 04 4C 00 00 04 4C 00 00 00 4C FF EB 00 24 12 34 05 19 CA 00 00 00 EA,1100,1100,76,4660,2026-07-30 23:27:26.469,1305,-21,36,
FF FF FF FF 00 25 06 68 20 01 01 02 00 00 04 4C 00 00 04 4C 00 00 00 4B FF EB 00 25 12 34 05 1A CA 00 00 00 E0,1100,1100,75,4660,2026-07-30 23:27:26.567,1306,-21,37,
FF FF FF FF 00 25 06 69 20 01 01 02 00 00 04 4C 00 00 04 4C 00 00 00 50 FF EE 00 2A 12 34 05 1B CA 00 00 00 F1,1100,1100,80,4660,2026-07-30 23:27:26.664,1307,-18,42,
FF FF FF FF 00 25 06 6A 20 01 01 02 00 00 04 4C 00 00 04 4C 00 00 00 54 FF EF 00 2A 12 34 05 1C C8 00 00 00 F2,1100,1100,84,4660,2026-07-30 23:27:26.769,1308,-17,42,
FF FF FF FF 00 25 06 6B 20 01 01 02 00 00 04 4C 00 00 04 4C 00 00 00 55 FF EE 00 2A 12 34 05 1D C9 00 00 00 F3,1100,1100,85,4660,2026-07-30 23:27:26.868,1309,-18,42,
FF FF FF FF 00 25 06 6C 20 01 01 02 00 00 04 4C 00 00 04 4C 00 00 00 55 FF EE 00 29 12 34 05 1E C8 00 00 00 F5,1100,1100,85,4660,2026-07-30 23:27:26.976,1310,-18,41,
FF FF FF FF 00 25 06 6D 20 01 01 02 00 00 04 4C 00 00 04 4C 00 00 00 54 FF EE 00 28 12 34 05 1F CA 00 00 00 F7,1100,1100,84,4660,2026-07-30 23:27:27.066,1311,-18,40,
FF FF FF FF 00 25 06 6E 20 01 01 02 00 00 04 4C 00 00 04 4C 00 00 00 51 FF EE 00 28 12 34 05 20 CA 00 00 00 CE,1100,1100,81,4660,2026-07-30 23:27:27.171,1312,-18,40,
FF FF FF FF 00 25 06 6F 20 01 01 02 00 00 04 4C 00 00 04 4C 00 00 00 50 FF ED 00 27 12 34 05 21 CA 00 00 00 C3,1100,1100,80,4660,2026-07-30 23:27:27.268,1313,-19,39,
FF FF FF FF 00 25 06 70 20 01 01 02 00 00 04 4C 00 00 04 4C 00 00 00 50 FF EC 00 26 12 34 05 22 C7 00 00 00 D2,1100,1100,80,4660,2026-07-30 23:27:27.366,1314,-20,38,
FF FF FF FF 00 25 06 71 20 01 01 02 00 00 04 4C 00 00 04 4C 00 00 00 47 FF EC 00 23 12 34 05 23 C0 00 00 00 C7,1100,1100,71,4660,2026-07-30 23:27:27.463,1315,-20,35,
FF FF FF FF 00 25 06 72 20 01 01 02 00 00 04 4C 00 00 04 4C 00 00 00 48 FF ED 00 24 12 34 05 24 D1 00 00 00 DB,1100,1100,72,4660,2026-07-30 23:27:27.566,1316,-19,36,
FF FF FF FF 00 25 06 73 20 01 01 02 00 00 04 4C 00 00 04 4C 00 00 00 48 FF F0 00 24 12 34 05 25 D0 00 00 00 C7,1100,1100,72,4660,2026-07-30 23:27:27.671,1317,-16,36,
FF FF FF FF 00 25 06 74 20 01 01 02 00 00 04 4C 00 00 04 4C 00 00 00 47 FF F4 00 23 12 34 05 26 CC 00 00 00 D3,1100,1100,71,4660,2026-07-30 23:27:27.774,1318,-12,35,
FF FF FF FF 00 25 06 75 20 01 01 02 00 00 04 4C 00 00 04 4C 00 00 00 49 FF F4 00 24 12 34 05 27 D0 00 00 00 C6,1100,1100,73,4660,2026-07-30 23:27:27.868,1319,-12,36,
FF FF FF FF 00 25 06 76 20 01 01 02 00 00 04 4C 00 00 04 4C 00 00 00 4A FF F3 00 26 12 34 05 28 C7 00 00 00 DB,1100,1100,74,4660,2026-07-30 23:27:27.965,1320,-13,38,
FF FF FF FF 00 25 06 77 20 01 01 02 00 00 04 4C 00 00 04 4C 00 00 00 4A FF F0 00 26 12 34 05 29 C6 00 00 00 D9,1100,1100,74,4660,2026-07-30 23:27:28.073,1321,-16,38,
FF FF FF FF 00 25 06 78 20 01 01 02 00 00 04 4C 00 00 04 4C 00 00 00 45 FF ED 00 26 12 34 05 2A C8 00 00 00 C9,1100,1100,69,4660,2026-07-30 23:27:28.171,1322,-19,38,
FF FF FF FF 00 25 06 79 20 01 01 02 00 00 04 4C 00 00 04 4C 00 00 00 45 FF E9 00 27 12 34 05 2B CF 00 00 00 CB,1100,1100,69,4660,2026-07-30 23:27:28.269,1323,-23,39,
FF FF FF FF 00 25 06 7A 20 01 01 02 00 00 04 4C 00 00 04 4C 00 00 00 47 FF E8 00 29 12 34 05 2C D3 00 00 00 DE,1100,1100,71,4660,2026-07-30 23:27:28.366,1324,-24,41,
FF FF FF FF 00 25 06 7B 20 01 01 02 00 00 04 4C 00 00 04 4C 00 00 00 49 FF E7 00 24 12 34 05 2D CB 00 00 00 CA,1100,1100,73,4660,2026-07-30 23:27:28.476,1325,-25,36,
FF FF FF FF 00 25 06 7C 20 01 01 02 00 00 04 4C 00 00 04 4C 00 00 00 47 FF E7 00 27 12 34 05 2E C5 00 00 00 CD,1100,1100,71,4660,2026-07-30 23:27:28.568,1326,-25,39,
FF FF FF FF 00 25 06 7D 20 01 01 02 00 00 04 4C 00 00 04 4C 00 00 00 48 FF E8 00 26 12 34 05 2F C2 00 00 00 CB,1100,1100,72,4660,2026-07-30 23:27:28.671,1327,-24,38,
FF FF FF FF 00 25 06 7E 20 01 01 02 00 00 04 4C 00 00 04 4C 00 00 00 4B FF E5 00 27 12 34 05 30 CB 00 00 00 D1,1100,1100,75,4660,2026-07-30 23:27:28.775,1328,-27,39,
FF FF FF FF 00 25 06 7F 20 01 01 02 00 00 04 4C 00 00 04 4C 00 00 00 4A FF E4 00 2B 12 34 05 31 CF 00 00 00 D9,1100,1100,74,4660,2026-07-30 23:27:28.876,1329,-28,43,
FF FF FF FF 00 25 06 80 20 01 01 02 00 00 04 4C 00 00 04 4C 00 00 00 49 FF E4 00 29 12 34 05 32 D1 00 00 00 3A,1100,1100,73,4660,2026-07-30 23:27:28.976,1330,-28,41,
FF FF FF FF 00 25 06 81 20 01 01 02 00 00 04 4C 00 00 04 4C 00 00 00 4A FF E4 00 28 12 34 05 33 CD 00 00 00 24,1100,1100,74,4660,2026-07-30 23:27:29.067,1331,-28,40,
FF FF FF FF 00 25 06 82 20 01 01 02 00 00 04 4C 00 00 04 4C 00 00 00 49 FF E4 00 26 12 34 05 34 C8 00 00 00 28,1100,1100,73,4660,2026-07-30 23:27:29.171,1332,-28,38,
FF FF FF FF 00 25 06 83 20 01 01 02 00 00 04 4C 00 00 04 4C 00 00 00 46 FF E5 00 27 12 34 05 35 C3 00 00 00 2C,1100,1100,70,4660,2026-07-30 23:27:29.268,1333,-27,39,
FF FF FF FF 00 25 06 84 20 01 01 02 00 00 04 4C 00 00 04 4C 00 00 00 47 FF E4 00 28 12 34 05 36 C9 00 00 00 2D,1100,1100,71,4660,2026-07-30 23:27:29.371,1334,-28,40,
FF FF FF FF 00 25 06 85 20 01 01 02 00 00 04 4C 00 00 04 4C 00 00 00 4A FF E2 00 29 12 34 05 37 CE 00 00 00 20,1100,1100,74,4660,2026-07-30 23:27:29.476,1335,-30,41,
FF FF FF FF 00 25 06 86 20 01 01 02 00 00 04 4C 00 00 04 4C 00 00 00 4A FF E2 00 29 12 34 05 38 CC 00 00 00 2E,1100,1100,74,4660,2026-07-30 23:27:29.567,1336,-30,41,
FF FF FF FF 00 25 06 87 20 01 01 02 00 00 04 4C 00 00 04 4C 00 00 00 4B FF E1 00 28 12 34 05 39 CC 00 00 00 2D,1100,1100,75,4660,2026-07-30 23:27:29.668,1337,-31,40,
FF FF FF FF 00 25 06 88 20 01 01 02 00 00 04 4C 00 00 04 4C 00 00 00 48 FF E1 00 26 12 34 05 3A C5 00 00 00 25,1100,1100,72,4660,2026-07-30 23:27:29.768,1338,-31,38,
FF FF FF FF 00 25 06 89 20 01 01 02 00 00 04 4C 00 00 04 4C 00 00 00 4B FF E3 00 26 12 34 05 3B CA 00 00 00 2B,1100,1100,75,4660,2026-07-30 23:27:29.871,1339,-29,38,
FF FF FF FF 00 25 06 8A 20 01 01 02 00 00 04 4C 00 00 04 4C 00 00 00 4A FF E1 00 27 12 34 05 3C C8 00 00 00 2F,1100,1100,74,4660,2026-07-30 23:27:29.970,1340,-31,39,
FF FF FF FF 00 25 06 8B 20 01 01 02 00 00 04 4C 00 00 04 4C 00 00 00 4D FF E0 00 28 12 34 05 3D CC 00 00 00 22,1100,1100,77,4660,2026-07-30 23:27:30.069,1341,-32,40,
FF FF FF FF 00 25 06 8C 20 01 01 02 00 00 04 4C 00 00 04 4C 00 00 00 4E FF E0 00 28 12 34 05 3E CE 00 00 00 27,1100,1100,78,4660,2026-07-30 23:27:30.171,1342,-32,40,
FF FF FF FF 00 25 06 8D 20 01 01 02 00 00 04 4C 00 00 04 4C 00 00 00 50 FF E0 00 27 12 34 05 3F CB 00 00 00 33,1100,1100,80,4660,2026-07-30 23:27:30.271,1343,-32,39,
FF FF FF FF 00 25 06 8E 20 01 01 02 00 00 04 4C 00 00 04 4C 00 00 00 4E FF E3 00 27 12 34 05 40 C7 00 00 00 5E,1100,1100,78,4660,2026-07-30 23:27:30.366,1344,-29,39,
FF FF FF FF 00 25 06 8F 20 01 01 02 00 00 04 4C 00 00 04 4C 00 00 00 4F FF E4 00 27 12 34 05 41 C7 00 00 00 58,1100,1100,79,4660,2026-07-30 23:27:30.473,1345,-28,39,
FF FF FF FF 00 25 06 90 20 01 01 02 00 00 04 4C 00 00 04 4C 00 00 00 4C FF E4 00 27 12 34 05 42 C6 00 00 00 46,1100,1100,76,4660,2026-07-30 23:27:30.575,1346,-28,39,
FF FF FF FF 00 25 06 E2 20 01 01 02 00 00 04 4C 00 00 04 4C 00 00 00 4D FF EA 00 20 12 34 05 94 C8 00 00 00 E4,1100,1100,77,4660,2026-07-30 23:27:38.775,1428,-22,32,
FF FF FF FF 00 25 06 E3 20 01 01 02 00 00 04 4C 00 00 04 4C 00 00 00 4E FF EB 00 22 12 34 05 95 CD 00 00 00 E1,1100,1100,78,4660,2026-07-30 23:27:38.878,1429,-21,34,
FF FF FF FF 00 25 06 E4 20 01 01 02 00 00 04 4C 00 00 04 4C 00 00 00 4A FF EA 00 21 12 34 05 96 C6 00 00 00 E8,1100,1100,74,4660,2026-07-30 23:27:38.971,1430,-22,33,
FF FF FF FF 00 25 06 E5 20 01 01 02 00 00 04 4C 00 00 04 4C 00 00 00 4A FF EB 00 21 12 34 05 97 CA 00 00 00 E5,1100,1100,74,4660,2026-07-30 23:27:39.071,1431,-21,33,
FF FF FF FF 00 25 06 E6 20 01 01 02 00 00 04 4C 00 00 04 4C 00 00 00 49 FF EA 00 20 12 34 05 98 CC 00 00 00 EC,1100,1100,73,4660,2026-07-30 23:27:39.170,1432,-22,32,
FF FF FF FF 00 25 06 E7 20 01 01 02 00 00 04 4C 00 00 04 4C 00 00 00 48 FF EA 00 21 12 34 05 99 CB 00 00 00 EB,1100,1100,72,4660,2026-07-30 23:27:39.271,1433,-22,33,
FF FF FF FF 00 25 06 E8 20 01 01 02 00 00 04 4C 00 00 04 4C 00 00 00 47 FF EB 00 21 12 34 05 9A CB 00 00 00 E9,1100,1100,71,4660,2026-07-30 23:27:39.379,1434,-21,33,
FF FF FF FF 00 25 06 E9 20 01 01 02 00 00 04 4C 00 00 04 4C 00 00 00 46 FF EB 00 20 12 34 05 9B C6 00 00 00 E4,1100,1100,70,4660,2026-07-30 23:27:39.478,1435,-21,32,
FF FF FF FF 00 25 06 EA 20 01 01 02 00 00 04 4C 00 00 04 4C 00 00 00 47 FF EB 00 21 12 34 05 9C CC 00 00 00 EA,1100,1100,71,4660,2026-07-30 23:27:39.571,1436,-21,33,
FF FF FF FF 00 25 06 EB 20 01 01 02 00 00 04 4C 00 00 04 4C 00 00 00 49 FF EB 00 21 12 34 05 9D CB 00 00 00 E3,1100,1100,73,4660,2026-07-30 23:27:39.675,1437,-21,33,
FF FF FF FF 00 25 06 EC 20 01 01 02 00 00 04 4C 00 00 04 4C 00 00 00 4A FF EB 00 21 12 34 05 9E CC 00 00 00 E3,1100,1100,74,4660,2026-07-30 23:27:39.767,1438,-21,33,
FF FF FF FF 00 25 06 ED 20 01 01 02 00 00 04 4C 00 00 04 4C 00 00 00 4D FF EC 00 22 12 34 05 9F CA 00 00 00 E6,1100,1100,77,4660,2026-07-30 23:27:39.869,1439,-20,34,
FF FF FF FF 00 25 06 EE 20 01 01 02 00 00 04 4C 00 00 04 4C 00 00 00 4E FF ED 00 22 12 34 05 A0 CC 00 00 00 DE,1100,1100,78,4660,2026-07-30 23:27:39.966,1440,-19,34,
FF FF FF FF 00 25 06 EF 20 01 01 02 00 00 04 4C 00 00 04 4C 00 00 00 4F FF ED 00 25 12 34 05 A1 CC 00 00 00 D8,1100,1100,79,4660,2026-07-30 23:27:40.066,1441,-19,37,
FF FF FF FF 00 25 06 F0 20 01 01 02 00 00 04 4C 00 00 04 4C 00 00 00 4D FF EF 00 26 12 34 05 A2 CC 00 00 00 C7,1100,1100,77,4660,2026-07-30 23:27:40.179,1442,-17,38,
FF FF FF FF 00 25 06 F1 20 01 01 02 00 00 04 4C 00 00 04 4C 00 00 00 4A FF EF 00 26 12 34 05 A3 CD 00 00 00 C1,1100,1100,74,4660,2026-07-30 23:27:40.271,1443,-17,38,
FF FF FF FF 00 25 06 F2 20 01 01 02 00 00 04 4C 00 00 04 4C 00 00 00 47 FF EF 00 26 12 34 05 A4 C7 00 00 00 C2,1100,1100,71,4660,2026-07-30 23:27:40.379,1444,-17,38,
FF FF FF FF 00 25 06 F3 20 01 01 02 00 00 04 4C 00 00 04 4C 00 00 00 46 FF EE 00 27 12 34 05 A5 CB 00 00 00 CF,1100,1100,70,4660,2026-07-30 23:27:40.478,1445,-18,39,
FF FF FF FF 00 25 06 F4 20 01 01 02 00 00 04 4C 00 00 04 4C 00 00 00 48 FF EE 00 2B 12 34 05 A6 C6 00 00 00 C4,1100,1100,72,4660,2026-07-30 23:27:40.573,1446,-18,43,
FF FF FF FF 00 25 06 F5 20 01 01 02 00 00 04 4C 00 00 04 4C 00 00 00 47 FF EE 00 2A 12 34 05 A7 CF 00 00 00 C3,1100,1100,71,4660,2026-07-30 23:27:40.670,1447,-18,42,
FF FF FF FF 00 25 06 F6 20 01 01 02 00 00 04 4C 00 00 04 4C 00 00 00 46 FF EF 00 28 12 34 05 A8 CC 00 00 00 CE,1100,1100,70,4660,2026-07-30 23:27:40.767,1448,-17,40,
FF FF FF FF 00 25 06 F7 20 01 01 02 00 00 04 4C 00 00 04 4C 00 00 00 49 FF F0 00 29 12 34 05 A9 CE 00 00 00 DD,1100,1100,73,4660,2026-07-30 23:27:40.865,1449,-16,41,
FF FF FF FF 00 25 06 F8 20 01 01 02 00 00 04 4C 00 00 04 4C 00 00 00 4E FF F2 00 2B 12 34 05 AA CB 00 00 00 D3,1100,1100,78,4660,2026-07-30 23:27:40.976,1450,-14,43,
FF FF FF FF 00 25 06 F9 20 01 01 02 00 00 04 4C 00 00 04 4C 00 00 00 4B FF F2 00 2A 12 34 05 AB C6 00 00 00 DA,1100,1100,75,4660,2026-07-30 23:27:41.066,1451,-14,42,
FF FF FF FF 00 25 06 FA 20 01 01 02 00 00 04 4C 00 00 04 4C 00 00 00 47 FF F1 00 29 12 34 05 AC C7 00 00 00 D3,1100,1100,71,4660,2026-07-30 23:27:41.170,1452,-15,41,
FF FF FF FF 00 25 06 FB 20 01 01 02 00 00 04 4C 00 00 04 4C 00 00 00 40 FF EC 00 29 12 34 05 AD C8 00 00 00 C6,1100,1100,64,4660,2026-07-30 23:27:41.274,1453,-20,41,
FF FF FF FF 00 25 06 FC 20 01 01 02 00 00 04 4C 00 00 04 4C 00 00 00 41 FF EC 00 2B 12 34 05 AE D0 00 00 00 D9,1100,1100,65,4660,2026-07-30 23:27:41.378,1454,-20,43,
FF FF FF FF 00 25 06 FD 20 01 01 02 00 00 04 4C 00 00 04 4C 00 00 00 46 FF EF 00 2B 12 34 05 AF D5 00 00 00 D8,1100,1100,70,4660,2026-07-30 23:27:41.476,1455,-17,43,
FF FF FF FF 00 25 06 FE 20 01 01 02 00 00 04 4C 00 00 04 4C 00 00 00 48 FF F4 00 2B 12 34 05 B0 D1 00 00 00 D5,1100,1100,72,4660,2026-07-30 23:27:41.570,1456,-12,43,
FF FF FF FF 00 25 06 FF 20 01 01 02 00 00 04 4C 00 00 04 4C 00 00 00 4A FF F7 00 2B 12 34 05 B1 D7 00 00 00 D2,1100,1100,74,4660,2026-07-30 23:27:41.671,1457,-9,43,
FF FF FF FF 00 25 07 00 20 01 01 02 00 00 04 4C 00 00 04 4C 00 00 00 4D FF F8 00 2D 12 34 05 B2 D3 00 00 00 25,1100,1100,77,4660,2026-07-30 23:27:41.768,1458,-8,45,
FF FF FF FF 00 25 07 01 20 01 01 02 00 00 04 4C 00 00 04 4C 00 00 00 4C FF F4 00 2B 12 34 05 B3 CE 00 00 00 33,1100,1100,76,4660,2026-07-30 23:27:41.871,1459,-12,43,
FF FF FF FF 00 25 07 02 20 01 01 02 00 00 04 4C 00 00 04 4C 00 00 00 49 FF F1 00 29 12 34 05 B4 C9 00 00 00 32,1100,1100,73,4660,2026-07-30 23:27:41.969,1460,-15,41,
FF FF FF FF 00 25 07 03 20 01 01 02 00 00 04 4C 00 00 04 4C 00 00 00 47 FF EF 00 29 12 34 05 B5 CE 00 00 00 25,1100,1100,71,4660,2026-07-30 23:27:42.073,1461,-17,41,
FF FF FF FF 00 25 07 04 20 01 01 02 00 00 04 4C 00 00 04 4C 00 00 00 48 FF EC 00 29 12 34 05 B6 D1 00 00 00 32,1100,1100,72,4660,2026-07-30 23:27:42.164,1462,-20,41,
FF FF FF FF 00 25 07 05 20 01 01 02 00 00 04 4C 00 00 04 4C 00 00 00 4A FF EE 00 28 12 34 05 B7 CD 00 00 00 2F,1100,1100,74,4660,2026-07-30 23:27:42.270,1463,-18,40,
FF FF FF FF 00 25 07 06 20 01 01 02 00 00 04 4C 00 00 04 4C 00 00 00 4D FF EC 00 29 12 34 05 B8 CE 00 00 00 24,1100,1100,77,4660,2026-07-30 23:27:42.367,1464,-20,41,
FF FF FF FF 00 25 07 07 20 01 01 02 00 00 04 4C 00 00 04 4C 00 00 00 4A FF EC 00 28 12 34 05 B9 CA 00 00 00 26,1100,1100,74,4660,2026-07-30 23:27:42.469,1465,-20,40,
FF FF FF FF 00 25 07 08 20 01 01 02 00 00 04 4C 00 00 04 4C 00 00 00 45 FF EC 00 27 12 34 05 BA CC 00 00 00 2C,1100,1100,69,4660,2026-07-30 23:27:42.573,1466,-20,39,
FF FF FF FF 00 25 07 09 20 01 01 02 00 00 04 4C 00 00 04 4C 00 00 00 44 FF ED 00 26 12 34 05 BB CC 00 00 00 2D,1100,1100,68,4660,2026-07-30 23:27:42.664,1467,-19,38,
FF FF FF FF 00 25 07 0A 20 01 01 02 00 00 04 4C 00 00 04 4C 00 00 00 47 FF ED 00 26 12 34 05 BC CD 00 00 00 2B,1100,1100,71,4660,2026-07-30 23:27:42.772,1468,-19,38,
FF FF FF FF 00 25 07 0B 20 01 01 02 00 00 04 4C 00 00 04 4C 00 00 00 4B FF EC 00 25 12 34 05 BD CC 00 00 00 24,1100,1100,75,4660,2026-07-30 23:27:42.866,1469,-20,37,
FF FF FF FF 00 25 07 0C 20 01 01 02 00 00 04 4C 00 00 04 4C 00 00 00 4B FF ED 00 24 12 34 05 BE CB 00 00 00 27,1100,1100,75,4660,2026-07-30 23:27:42.977,1470,-19,36,
FF FF FF FF 00 25 07 0D 20 01 01 02 00 00 04 4C 00 00 04 4C 00 00 00 4C FF EF 00 23 12 34 05 BF D1 00 00 00 3F,1100,1100,76,4660,2026-07-30 23:27:43.070,1471,-17,35,
FF FF FF FF 00 25 07 0E 20 01 01 02 00 00 04 4C 00 00 04 4C 00 00 00 4F FF EF 00 23 12 34 05 C0 D0 00 00 00 41,1100,1100,79,4660,2026-07-30 23:27:43.166,1472,-17,35,
FF FF FF FF 00 25 07 0F 20 01 01 02 00 00 04 4C 00 00 04 4C 00 00 00 51 FF F0 00 23 12 34 05 C1 D1 00 00 00 41,1100,1100,81,4660,2026-07-30 23:27:43.269,1473,-16,35,
FF FF FF FF 00 25 07 10 20 01 01 02 00 00 04 4C 00 00 04 4C 00 00 00 52 FF F1 00 23 12 34 05 C2 D1 00 00 00 5F,1100,1100,82,4660,2026-07-30 23:27:43.372,1474,-15,35,
FF FF FF FF 00 25 07 11 20 01 01 02 00 00 04 4C 00 00 04 4C 00 00 00 4F FF F2 00 22 12 34 05 C3 CE 00 00 00 5F,1100,1100,79,4660,2026-07-30 23:27:43.477,1475,-14,34,
FF FF FF FF 00 25 07 12 20 01 01 02 00 00 04 4C 00 00 04 4C 00 00 00 50 FF F2 00 21 12 34 05 C4 CF 00 00 00 46,1100,1100,80,4660,2026-07-30 23:27:43.571,1476,-14,33,
FF FF FF FF 00 25 07 13 20 01 01 02 00 00 04 4C 00 00 04 4C 00 00 00 52 FF F1 00 22 12 34 05 C5 D0 00 00 00 5B,1100,1100,82,4660,2026-07-30 23:27:43.677,1477,-15,34,
FF FF FF FF 00 25 07 14 20 01 01 02 00 00 04 4C 00 00 04 4C 00 00 00 54 FF F1 00 22 12 34 05 C6 CF 00 00 00 46,1100,1100,84,4660,2026-07-30 23:27:43.771,1478,-15,34,
FF FF FF FF 00 25 07 15 20 01 01 02 00 00 04 4C 00 00 04 4C 00 00 00 55 FF F1 00 23 12 34 05 C7 D2 00 00 00 5B,1100,1100,85,4660,2026-07-30 23:27:43.871,1479,-15,35,
FF FF FF FF 00 25 07 16 20 01 01 02 00 00 04 4C 00 00 04 4C 00 00 00 54 FF F1 00 23 12 34 05 C8 CD 00 00 00 49,1100,1100,84,4660,2026-07-30 23:27:43.969,1480,-15,35,
FF FF FF FF 00 25 07 17 20 01 01 02 00 00 04 4C 00 00 04 4C 00 00 00 52 FF F2 00 22 12 34 05 C9 CC 00 00 00 4C,1100,1100,82,4660,2026-07-30 23:27:44.074,1481,-14,34,
FF FF FF FF 00 25 07 18 20 01 01 02 00 00 04 4C 00 00 04 4C 00 00 00 52 FF F1 00 21 12 34 05 CA CF 00 00 00 43,1100,1100,82,4660,2026-07-30 23:27:44.172,1482,-15,33,
FF FF FF FF 00 25 07 19 20 01 01 02 00 00 04 4C 00 00 04 4C 00 00 00 53 FF F1 00 21 12 34 05 CB CD 00 00 00 40,1100,1100,83,4660,2026-07-30 23:27:44.270,1483,-15,33,
FF FF FF FF 00 25 07 1A 20 01 01 02 00 00 04 4C 00 00 04 4C 00 00 00 54 FF F2 00 21 12 34 05 CC CD 00 00 00 40,1100,1100,84,4660,2026-07-30 23:27:44.367,1484,-14,33,
FF FF FF FF 00 25 07 1B 20 01 01 02 00 00 04 4C 00 00 04 4C 00 00 00 53 FF F3 00 21 12 34 05 CD C7 00 00 00 4C,1100,1100,83,4660,2026-07-30 23:27:44.476,1485,-13,33,
FF FF FF FF 00 25 07 1C 20 01 01 02 00 00 04 4C 00 00 04 4C 00 00 00 53 FF F3 00 21 12 34 05 CE CB 00 00 00 44,1100,1100,83,4660,2026-07-30 23:27:44.575,1486,-13,33,
FF FF FF FF 00 25 07 1D 20 01 01 02 00 00 04 4C 00 00 04 4C 00 00 00 53 FF F3 00 21 12 34 05 CF D0 00 00 00 5F,1100,1100,83,4660,2026-07-30 23:27:44.671,1487,-13,33,
FF FF FF FF 00 25 07 1E 20 01 01 02 00 00 04 4C 00 00 04 4C 00 00 00 52 FF F3 00 20 12 34 05 D0 D1 00 00 00 42,1100,1100,82,4660,2026-07-30 23:27:44.775,1488,-13,32,
FF FF FF FF 00 25 07 1F 20 01 01 02 00 00 04 4C 00 00 04 4C 00 00 00 52 FF F4 00 20 12 34 05 D1 D0 00 00 00 44,1100,1100,82,4660,2026-07-30 23:27:44.878,1489,-12,32,
FF FF FF FF 00 25 07 20 20 01 01 02 00 00 04 4C 00 00 04 4C 00 00 00 52 FF F5 00 20 12 34 05 D2 CC 00 00 00 65,1100,1100,82,4660,2026-07-30 23:27:44.976,1490,-11,32,
FF FF FF FF 00 25 07 21 20 01 01 02 00 00 04 4C 00 00 04 4C 00 00 00 55 FF F5 00 20 12 34 05 D3 D5 00 00 00 7B,1100,1100,85,4660,2026-07-30 23:27:45.071,1491,-11,32,
FF FF FF FF 00 25 07 22 20 01 01 02 00 00 04 4C 00 00 04 4C 00 00 00 55 FF F5 00 1F 12 34 05 D4 CF 00 00 00 5A,1100,1100,85,4660,2026-07-30 23:27:45.164,1492,-11,31,
FF FF FF FF 00 25 07 23 20 01 01 02 00 00 04 4C 00 00 04 4C 00 00 00 56 FF F6 00 1F 12 34 05 D5 D0 00 00 00 45,1100,1100,86,4660,2026-07-30 23:27:45.271,1493,-10,31,
FF FF FF FF 00 25 07 24 20 01 01 02 00 00 04 4C 00 00 04 4C 00 00 00 55 FF F7 00 1F 12 34 05 D6 CD 00 00 00 5E,1100,1100,85,4660,2026-07-30 23:27:45.374,1494,-9,31,
FF FF FF FF 00 25 07 25 20 01 01 02 00 00 04 4C 00 00 04 4C 00 00 00 57 FF F7 00 20 12 34 05 D7 D4 00 00 00 7A,1100,1100,87,4660,2026-07-30 23:27:45.471,1495,-9,32,
FF FF FF FF 00 25 07 26 20 01 01 02 00 00 04 4C 00 00 04 4C 00 00 00 5A FF F6 00 1F 12 34 05 D8 CE 00 00 00 5F,1100,1100,90,4660,2026-07-30 23:27:45.573,1496,-10,31,
FF FF FF FF 00 25 07 27 20 01 01 02 00 00 04 4C 00 00 04 4C 00 00 00 5A FF F5 00 20 12 34 05 D9 D3 00 00 00 7E,1100,1100,90,4660,2026-07-30 23:27:45.667,1497,-11,32,
FF FF FF FF 00 25 07 28 20 01 01 02 00 00 04 4C 00 00 04 4C 00 00 00 57 FF F4 00 20 12 34 05 DA CA 00 00 00 67,1100,1100,87,4660,2026-07-30 23:27:45.774,1498,-12,32,
FF FF FF FF 00 25 07 29 20 01 01 02 00 00 04 4C 00 00 04 4C 00 00 00 58 FF F4 00 21 12 34 05 DB D0 00 00 00 73,1100,1100,88,4660,2026-07-30 23:27:45.867,1499,-12,33,
FF FF FF FF 00 25 07 2A 20 01 01 02 00 00 04 4C 00 00 04 4C 00 00 00 5A FF F6 00 22 12 34 05 DC CA 00 00 00 6E,1100,1100,90,4660,2026-07-30 23:27:45.972,1500,-10,34,
FF FF FF FF 00 25 07 2B 20 01 01 02 00 00 04 4C 00 00 04 4C 00 00 00 5A FF F6 00 21 12 34 05 DD CF 00 00 00 68,1100,1100,90,4660,2026-07-30 23:27:46.075,1501,-10,33,
FF FF FF FF 00 25 07 2C 20 01 01 02 00 00 04 4C 00 00 04 4C 00 00 00 5A FF F7 00 21 12 34 05 DE CE 00 00 00 6C,1100,1100,90,4660,2026-07-30 23:27:46.175,1502,-9,33,
FF FF FF FF 00 25 07 2D 20 01 01 02 00 00 04 4C 00 00 04 4C 00 00 00 58 FF F8 00 20 12 34 05 DF CC 00 00 00 62,1100,1100,88,4660,2026-07-30 23:27:46.271,1503,-8,32,
FF FF FF FF 00 25 07 2E 20 01 01 02 00 00 04 4C 00 00 04 4C 00 00 00 59 FF F9 00 20 12 34 05 E0 CC 00 00 00 5E,1100,1100,89,4660,2026-07-30 23:27:46.372,1504,-7,32,
FF FF FF FF 00 25 07 2F 20 01 01 02 00 00 04 4C 00 00 04 4C 00 00 00 5A FF FA 00 20 12 34 05 E1 CC 00 00 00 5E,1100,1100,90,4660,2026-07-30 23:27:46.476,1505,-6,32,
FF FF FF FF 00 25 07 30 20 01 01 02 00 00 04 4C 00 00 04 4C 00 00 00 5C FF FC 00 20 12 34 05 E2 CD 00 00 00 43,1100,1100,92,4660,2026-07-30 23:27:46.576,1506,-4,32,
FF FF FF FF 00 25 07 31 20 01 01 02 00 00 04 4C 00 00 04 4C 00 00 00 5B FF FC 00 21 12 34 05 E3 D2 00 00 00 5A,1100,1100,91,4660,2026-07-30 23:27:46.679,1507,-4,33,
FF FF FF FF 00 25 07 32 20 01 01 02 00 00 04 4C 00 00 04 4C 00 00 00 56 FF FB 00 20 12 34 05 E4 CD 00 00 00 4A,1100,1100,86,4660,2026-07-30 23:27:46.774,1508,-5,32,
FF FF FF FF 00 25 07 33 20 01 01 02 00 00 04 4C 00 00 04 4C 00 00 00 55 FF FA 00 20 12 34 05 E5 CE 00 00 00 4B,1100,1100,85,4660,2026-07-30 23:27:46.865,1509,-6,32,
FF FF FF FF 00 25 07 34 20 01 01 02 00 00 04 4C 00 00 04 4C 00 00 00 56 FF F9 00 20 12 34 05 E6 CF 00 00 00 4E,1100,1100,86,4660,2026-07-30 23:27:46.975,1510,-7,32,
FF FF FF FF 00 25 07 35 20 01 01 02 00 00 04 4C 00 00 04 4C 00 00 00 58 FF F9 00 20 12 34 05 E7 CE 00 00 00 41,1100,1100,88,4660,2026-07-30 23:27:47.070,1511,-7,32,
FF FF FF FF 00 25 07 36 20 01 01 02 00 00 04 4C 00 00 04 4C 00 00 00 58 FF F9 00 20 12 34 05 E8 CE 00 00 00 4D,1100,1100,88,4660,2026-07-30 23:27:47.178,1512,-7,32,
FF FF FF FF 00 25 07 37 20 01 01 02 00 00 04 4C 00 00 04 4C 00 00 00 5B FF F9 00 1F 12 34 05 E9 CA 00 00 00 75,1100,1100,91,4660,2026-07-30 23:27:47.268,1513,-7,31,
FF FF FF FF 00 25 07 38 20 01 01 02 00 00 04 4C 00 00 04 4C 00 00 00 60 FF FC 00 1F 12 34 05 EA C4 00 00 00 49,1100,1100,96,4660,2026-07-30 23:27:47.369,1514,-4,31,
FF FF FF FF 00 25 07 39 20 01 01 02 00 00 04 4C 00 00 04 4C 00 00 00 68 FF F9 00 21 12 34 05 EB C6 00 00 00 78,1100,1100,104,4660,2026-07-30 23:27:47.476,1515,-7,33,
FF FF FF FF 00 25 07 3A 20 01 01 02 00 00 04 4C 00 00 04 4C 00 00 00 66 FF FB 00 20 12 34 05 EC C9 00 00 00 7E,1100,1100,102,4660,2026-07-30 23:27:47.574,1516,-5,32,
FF FF FF FF 00 25 07 3B 20 01 01 02 00 00 04 4C 00 00 04 4C 00 00 00 63 FF FD 00 20 12 34 05 ED CC 00 00 00 78,1100,1100,99,4660,2026-07-30 23:27:47.674,1517,-3,32,
FF FF FF FF 00 25 07 3C 20 01 01 02 00 00 04 4C 00 00 04 4C 00 00 00 5E FF FD 00 21 12 34 05 EE D3 00 00 00 5F,1100,1100,94,4660,2026-07-30 23:27:47.767,1518,-3,33,
FF FF FF FF 00 25 07 3D 20 01 01 02 00 00 04 4C 00 00 04 4C 00 00 00 58 FF FB 00 20 12 34 05 EF CE 00 00 00 43,1100,1100,88,4660,2026-07-30 23:27:47.871,1519,-5,32,
FF FF FF FF 00 25 07 3E 20 01 01 02 00 00 04 4C 00 00 04 4C 00 00 00 55 FF F8 00 20 12 34 05 F0 CF 00 00 00 50,1100,1100,85,4660,2026-07-30 23:27:47.975,1520,-8,32,
FF FF FF FF 00 25 07 3F 20 01 01 02 00 00 04 4C 00 00 04 4C 00 00 00 55 FF F8 00 20 12 34 05 F1 CF 00 00 00 50,1100,1100,85,4660,2026-07-30 23:27:48.066,1521,-8,32,
FF FF FF FF 00 25 07 40 20 01 01 02 00 00 04 4C 00 00 04 4C 00 00 00 55 FF FA 00 20 12 34 05 F2 CC 00 00 00 2D,1100,1100,85,4660,2026-07-30 23:27:48.170,1522,-6,32,
FF FF FF FF 00 25 07 41 20 01 01 02 00 00 04 4C 00 00 04 4C 00 00 00 55 FF FA 00 21 12 34 05 F3 CE 00 00 00 2E,1100,1100,85,4660,2026-07-30 23:27:48.274,1523,-6,33,
FF FF FF FF 00 25 07 42 20 01 01 02 00 00 04 4C 00 00 04 4C 00 00 00 56 FF FA 00 21 12 34 05 F4 CC 00 00 00 2B,1100,1100,86,4660,2026-07-30 23:27:48.372,1524,-6,33,
FF FF FF FF 00 25 07 43 20 01 01 02 00 00 04 4C 00 00 04 4C 00 00 00 55 FF FA 00 21 12 34 05 F5 CB 00 00 00 2F,1100,1100,85,4660,2026-07-30 23:27:48.476,1525,-6,33,
FF FF FF FF 00 25 07 44 20 01 01 02 00 00 04 4C 00 00 04 4C 00 00 00 55 FF FB 00 21 12 34 05 F6 CA 00 00 00 2B,1100,1100,85,4660,2026-07-30 23:27:48.574,1526,-5,33,
FF FF FF FF 00 25 07 45 20 01 01 02 00 00 04 4C 00 00 04 4C 00 00 00 57 FF FD 00 21 12 34 05 F7 CF 00 00 00 2A,1100,1100,87,4660,2026-07-30 23:27:48.676,1527,-3,33,
FF FF FF FF 00 25 07 46 20 01 01 02 00 00 04 4C 00 00 04 4C 00 00 00 57 FF FE 00 21 12 34 05 F8 CD 00 00 00 27,1100,1100,87,4660,2026-07-30 23:27:48.775,1528,-2,33,
FF FF FF FF 00 25 07 47 20 01 01 02 00 00 04 4C 00 00 04 4C 00 00 00 53 FF FC 00 21 12 34 05 F9 CF 00 00 00 23,1100,1100,83,4660,2026-07-30 23:27:48.866,1529,-4,33,
FF FF FF FF 00 25 07 48 20 01 01 02 00 00 04 4C 00 00 04 4C 00 00 00 52 FF FB 00 20 12 34 05 FA CA 00 00 00 2D,1100,1100,82,4660,2026-07-30 23:27:48.963,1530,-5,32,
FF FF FF FF 00 25 07 49 20 01 01 02 00 00 04 4C 00 00 04 4C 00 00 00 52 FF FA 00 20 12 34 05 FB D1 00 00 00 37,1100,1100,82,4660,2026-07-30 23:27:49.067,1531,-6,32,
FF FF FF FF 00 25 07 4A 20 01 01 02 00 00 04 4C 00 00 04 4C 00 00 00 53 FF FA 00 21 12 34 05 FC CF 00 00 00 2D,1100,1100,83,4660,2026-07-30 23:27:49.171,1532,-6,33,
FF FF FF FF 00 25 07 4B 20 01 01 02 00 00 04 4C 00 00 04 4C 00 00 00 55 FF FB 00 21 12 34 05 FD CC 00 00 00 29,1100,1100,85,4660,2026-07-30 23:27:49.273,1533,-5,33,
FF FF FF FF 00 25 07 4C 20 01 01 02 00 00 04 4C 00 00 04 4C 00 00 00 58 FF FC 00 20 12 34 05 FE CA 00 00 00 20,1100,1100,88,4660,2026-07-30 23:27:49.368,1534,-4,32,
FF FF FF FF 00 25 07 4D 20 01 01 02 00 00 04 4C 00 00 04 4C 00 00 00 59 FF FB 00 20 12 34 05 FF CF 00 00 00 23,1100,1100,89,4660,2026-07-30 23:27:49.475,1535,-5,32,
FF FF FF FF 00 25 07 4E 20 01 01 02 00 00 04 4C 00 00 04 4C 00 00 00 5A FF FB 00 20 12 34 06 00 D1 00 00 00 C1,1100,1100,90,4660,2026-07-30 23:27:49.573,1536,-5,32,
FF FF FF FF 00 25 07 4F 20 01 01 02 00 00 04 4C 00 00 04 4C 00 00 00 59 FF FA 00 21 12 34 06 01 D1 00 00 00 C2,1100,1100,89,4660,2026-07-30 23:27:49.672,1537,-6,33,
FF FF FF FF 00 25 07 50 20 01 01 02 00 00 04 4C 00 00 04 4C 00 00 00 59 FF F8 00 21 12 34 06 02 D1 00 00 00 DC,1100,1100,89,4660,2026-07-30 23:27:49.773,1538,-8,33,
FF FF FF FF 00 25 07 51 20 01 01 02 00 00 04 4C 00 00 04 4C 00 00 00 5C FF F5 00 21 12 34 06 03 C6 00 00 00 C3,1100,1100,92,4660,2026-07-30 23:27:49.873,1539,-11,33,
FF FF FF FF 00 25 07 52 20 01 01 02 00 00 04 4C 00 00 04 4C 00 00 00 5C FF F4 00 22 12 34 06 04 CD 00 00 00 CE,1100,1100,92,4660,2026-07-30 23:27:49.965,1540,-12,34,
FF FF FF FF 00 25 07 53 20 01 01 02 00 00 04 4C 00 00 04 4C 00 00 00 5C FF F3 00 22 12 34 06 05 D2 00 00 00 D6,1100,1100,92,4660,2026-07-30 23:27:50.073,1541,-13,34,
FF FF FF FF 00 25 07 54 20 01 01 02 00 00 04 4C 00 00 04 4C 00 00 00 5B FF F1 00 22 12 34 06 06 D1 00 00 00 D4,1100,1100,91,4660,2026-07-30 23:27:50.178,1542,-15,34,
FF FF FF FF 00 25 07 55 20 01 01 02 00 00 04 4C 00 00 04 4C 00 00 00 5B FF F1 00 20 12 34 06 07 CE 00 00 00 C9,1100,1100,91,4660,2026-07-30 23:27:50.267,1543,-15,32,
FF FF FF FF 00 25 07 56 20 01 01 02 00 00 04 4C 00 00 04 4C 00 00 00 5B FF F1 00 20 12 34 06 08 D2 00 00 00 D9,1100,1100,91,4660,2026-07-30 23:27:50.368,1544,-15,32,
FF FF FF FF 00 25 07 57 20 01 01 02 00 00 04 4C 00 00 04 4C 00 00 00 5B FF F1 00 20 12 34 06 09 D1 00 00 00 DA,1100,1100,91,4660,2026-07-30 23:27:50.469,1545,-15,32,
FF FF FF FF 00 25 07 58 20 01 01 02 00 00 04 4C 00 00 04 4C 00 00 00 5A FF F1 00 20 12 34 06 0A CB 00 00 00 CD,1100,1100,90,4660,2026-07-30 23:27:50.567,1546,-15,32,
FF FF FF FF 00 25 07 59 20 01 01 02 00 00 04 4C 00 00 04 4C 00 00 00 5C FF F1 00 20 12 34 06 0B CD 00 00 00 CD,1100,1100,92,4660,2026-07-30 23:27:50.674,1547,-15,32,
FF FF FF FF 00 25 07 5A 20 01 01 02 00 00 04 4C 00 00 04 4C 00 00 00 5B FF F1 00 21 12 34 06 0C D4 00 00 00 D6,1100,1100,91,4660,2026-07-30 23:27:50.771,1548,-15,33,
FF FF FF FF 00 25 07 5B 20 01 01 02 00 00 04 4C 00 00 04 4C 00 00 00 59 FF F0 00 21 12 34 06 0D D3 00 00 00 D2,1100,1100,89,4660,2026-07-30 23:27:50.866,1549,-16,33,
FF FF FF FF 00 25 07 5C 20 01 01 02 00 00 04 4C 00 00 04 4C 00 00 00 56 FF ED 00 22 12 34 06 0E CA 00 00 00 DE,1100,1100,86,4660,2026-07-30 23:27:50.966,1550,-19,34,
FF FF FF FF 00 25 07 5D 20 01 01 02 00 00 04 4C 00 00 04 4C 00 00 00 54 FF EC 00 20 12 34 06 0F C4 00 00 00 D1,1100,1100,84,4660,2026-07-30 23:27:51.074,1551,-20,32,
FF FF FF FF 00 25 07 5E 20 01 01 02 00 00 04 4C 00 00 04 4C 00 00 00 53 FF EB 00 1E 12 34 06 10 C1 00 00 00 F6,1100,1100,83,4660,2026-07-30 23:27:51.166,1552,-21,30,
FF FF FF FF 00 25 07 5F 20 01 01 02 00 00 04 4C 00 00 04 4C 00 00 00 57 FF EA 00 1C 12 34 06 11 C5 00 00 00 F5,1100,1100,87,4660,2026-07-30 23:27:51.274,1553,-22,28,
FF FF FF FF 00 25 07 60 20 01 01 02 00 00 04 4C 00 00 04 4C 00 00 00 5E FF E8 00 1C 12 34 06 12 C6 00 00 00 C1,1100,1100,94,4660,2026-07-30 23:27:51.379,1554,-24,28,
FF FF FF FF 00 25 07 61 20 01 01 02 00 00 04 4C 00 00 04 4C 00 00 00 64 FF E9 00 1E 12 34 06 13 BD 00 00 00 83,1100,1100,100,4660,2026-07-30 23:27:51.471,1555,-23,30,
FF FF FF FF 00 25 07 62 20 01 01 02 00 00 04 4C 00 00 04 4C 00 00 00 6E FF EA 00 1F 12 34 06 14 AE 00 00 00 9C,1100,1100,110,4660,2026-07-30 23:27:51.573,1556,-22,31,
FF FF FF FF 00 25 07 63 20 01 01 02 00 00 04 4C 00 00 04 4C 00 00 00 74 FF E9 00 1F 12 34 06 15 BA 00 00 00 91,1100,1100,116,4660,2026-07-30 23:27:51.671,1557,-23,31,
FF FF FF FF 00 25 07 64 20 01 01 02 00 00 04 4C 00 00 04 4C 00 00 00 7A FF E9 00 1C 12 34 06 16 B9 00 00 00 9B,1100,1100,122,4660,2026-07-30 23:27:51.774,1558,-23,28,
FF FF FF FF 00 25 07 65 20 01 01 02 00 00 04 4C 00 00 04 4C 00 00 00 80 FF E2 00 1A 12 34 06 17 B8 00 00 00 6D,1100,1100,128,4660,2026-07-30 23:27:51.869,1559,-30,26,
FF FF FF FF 00 25 07 66 20 01 01 02 00 00 04 4C 00 00 04 4C 00 00 00 81 FF E1 00 1B 12 34 06 18 AB 00 00 00 71,1100,1100,129,4660,2026-07-30 23:27:51.971,1560,-31,27,
FF FF FF FF 00 25 07 67 20 01 01 02 00 00 04 4C 00 00 04 4C 00 00 00 89 FF E0 00 17 12 34 06 19 BC 00 00 00 63,1100,1100,137,4660,2026-07-30 23:27:52.079,1561,-32,23,
FF FF FF FF 00 25 07 68 20 01 01 02 00 00 04 4C 00 00 04 4C 00 00 00 87 FF DE 00 14 12 34 06 1A B8 00 00 00 58,1100,1100,135,4660,2026-07-30 23:27:52.172,1562,-34,20,
FF FF FF FF 00 25 07 69 20 01 01 02 00 00 04 4C 00 00 04 4C 00 00 00 8D FF D7 00 12 12 34 06 1B B8 00 00 00 5D,1100,1100,141,4660,2026-07-30 23:27:52.267,1563,-41,18,
FF FF FF FF 00 25 07 6A 20 01 01 02 00 00 04 4C 00 00 04 4C 00 00 00 9B FF D8 00 05 12 34 06 1C B3 00 00 00 5C,1100,1100,155,4660,2026-07-30 23:27:52.370,1564,-40,5,
FF FF FF FF 00 25 07 6B 20 01 01 02 00 00 04 4C 00 00 04 4C 00 00 00 A4 FF E2 00 16 12 34 06 1D AD 00 00 00 54,1100,1100,164,4660,2026-07-30 23:27:52.468,1565,-30,22,
FF FF FF FF 00 25 07 6C 20 01 01 02 00 00 04 4C 00 00 04 4C 00 00 00 A9 FF DF 00 0D 12 34 06 1E B3 00 00 00 65,1100,1100,169,4660,2026-07-30 23:27:52.568,1566,-33,13,
FF FF FF FF 00 25 07 6D 20 01 01 02 00 00 04 4C 00 00 04 4C 00 00 00 A2 FF DD 00 08 12 34 06 1F B3 00 00 00 69,1100,1100,162,4660,2026-07-30 23:27:52.668,1567,-35,8,
FF FF FF FF 00 25 07 6E 20 01 01 02 00 00 04 4C 00 00 04 4C 00 00 00 A2 FF DD 00 02 12 34 06 20 AE 00 00 00 42,1100,1100,162,4660,2026-07-30 23:27:52.767,1568,-35,2,
FF FF FF FF 00 25 07 6F 20 01 01 02 00 00 04 4C 00 00 04 4C 00 00 00 9C FF DC FF FC 12 34 06 21 B0 00 00 00 62,1100,1100,156,4660,2026-07-30 23:27:52.877,1569,-36,-4,
FF FF FF FF 00 25 07 70 20 01 01 02 00 00 04 4C 00 00 04 4C 00 00 00 A5 FF DC FF F6 12 34 06 22 B3 00 00 00 4E,1100,1100,165,4660,2026-07-30 23:27:52.968,1570,-36,-10,
FF FF FF FF 00 25 07 71 20 01 01 02 00 00 04 4C 00 00 04 4C 00 00 00 A9 FF D4 FF F2 12 34 06 23 AF 00 00 00 52,1100,1100,169,4660,2026-07-30 23:27:53.073,1571,-44,-14,
FF FF FF FF 00 25 07 72 20 01 01 02 00 00 04 4C 00 00 04 4C 00 00 00 A8 FF C8 FF F6 12 34 06 24 B4 00 00 00 54,1100,1100,168,4660,2026-07-30 23:27:53.175,1572,-56,-10,
FF FF FF FF 00 25 07 73 20 01 01 02 00 00 04 4C 00 00 04 4C 00 00 00 BE FF BF FF F3 12 34 06 25 B0 00 00 00 34,1100,1100,190,4660,2026-07-30 23:27:53.267,1573,-65,-13,
FF FF FF FF 00 25 07 74 20 01 01 02 00 00 04 4C 00 00 04 4C 00 00 00 C2 FF B8 FF E2 12 34 06 26 BB 00 00 00 51,1100,1100,194,4660,2026-07-30 23:27:53.378,1574,-72,-30,
FF FF FF FF 00 25 07 75 20 01 01 02 00 00 04 4C 00 00 04 4C 00 00 00 C6 FF C4 FF D2 12 34 06 27 BC 00 00 00 1E,1100,1100,198,4660,2026-07-30 23:27:53.471,1575,-60,-46,
FF FF FF FF 00 25 07 76 20 01 01 02 00 00 04 4C 00 00 04 4C 00 00 00 C7 FF D2 FF E3 12 34 06 28 BB 00 00 00 33,1100,1100,199,4660,2026-07-30 23:27:53.572,1576,-46,-29,
FF FF FF FF 00 25 07 77 20 01 01 02 00 00 04 4C 00 00 04 4C 00 00 00 C8 FF E3 FF EF 12 34 06 29 AE 00 00 00 14,1100,1100,200,4660,2026-07-30 23:27:53.663,1577,-29,-17,
FF FF FF FF 00 25 07 78 20 01 01 02 00 00 04 4C 00 00 04 4C 00 00 00 DF FF F0 FF F8 12 34 06 2A B1 00 00 00 14,1100,1100,223,4660,2026-07-30 23:27:53.767,1578,-16,-8,
FF FF FF FF 00 25 07 79 20 01 01 02 00 00 04 4C 00 00 04 4C 00 00 00 E3 FF F9 FF FE 12 34 06 2B AE 00 00 00 38,1100,1100,227,4660,2026-07-30 23:27:53.870,1579,-7,-2,
FF FF FF FF 00 25 07 7A 20 01 01 02 00 00 04 4C 00 00 04 4C 00 00 00 F8 FF FF 00 02 12 34 06 2C AE 00 00 00 22,1100,1100,248,4660,2026-07-30 23:27:53.968,1580,-1,2,
FF FF FF FF 00 25 07 7B 20 01 01 02 00 00 04 4C 00 00 04 4C 00 00 00 FD FF F7 FF FD 12 34 06 2D AE 00 00 00 2F,1100,1100,253,4660,2026-07-30 23:27:54.066,1581,-9,-3,
FF FF FF FF 00 25 07 7C 20 01 01 02 00 00 04 4C 00 00 04 4C 00 00 00 F9 FF EC 00 00 12 34 06 2E B0 00 00 00 28,1100,1100,249,4660,2026-07-30 23:27:54.167,1582,-20,0,
FF FF FF FF 00 25 07 7D 20 01 01 02 00 00 04 4C 00 00 04 4C 00 00 00 E9 FF ED FF F6 12 34 06 2F BE 00 00 00 3E,1100,1100,233,4660,2026-07-30 23:27:54.275,1583,-19,-10,
FF FF FF FF 00 25 07 7E 20 01 01 02 00 00 04 4C 00 00 04 4C 00 00 00 DA FF E5 FF F8 12 34 06 30 B2 00 00 00 1B,1100,1100,218,4660,2026-07-30 23:27:54.371,1584,-27,-8,
FF FF FF FF 00 25 07 7F 20 01 01 02 00 00 04 4C 00 00 04 4C 00 00 00 E8 FF E0 FF FA 12 34 06 31 AE 00 00 00 32,1100,1100,232,4660,2026-07-30 23:27:54.467,1585,-32,-6,
FF FF FF FF 00 25 07 80 20 01 01 02 00 00 04 4C 00 00 04 4C 00 00 00 F4 FF E6 FF F1 12 34 06 32 B0 00 00 00 C1,1100,1100,244,4660,2026-07-30 23:27:54.568,1586,-26,-15,
FF FF FF FF 00 25 07 81 20 01 01 02 00 00 04 4C 00 00 04 4C 00 00 00 F6 FF D5 FF DD 12 34 06 33 BE 00 00 00 D2,1100,1100,246,4660,2026-07-30 23:27:54.670,1587,-43,-35,
FF FF FF FF 00 25 07 82 20 01 01 02 00 00 04 4C 00 00 04 4C 00 00 00 F0 FF D6 FF D9 12 34 06 34 B2 00 00 00 DB,1100,1100,240,4660,2026-07-30 23:27:54.768,1588,-42,-39,
FF FF FF FF 00 25 07 83 20 01 01 02 00 00 04 4C 00 00 04 4C 00 00 00 F8 FF D3 FF CB 12 34 06 35 AF 00 00 00 D9,1100,1100,248,4660,2026-07-30 23:27:54.864,1589,-45,-53,
FF FF FF FF 00 25 07 84 20 01 01 02 00 00 04 4C 00 00 04 4C 00 00 01 02 FF D2 FF CA 12 34 06 36 AE 00 00 00 27,1100,1100,258,4660,2026-07-30 23:27:54.966,1590,-46,-54,
FF FF FF FF 00 25 07 85 20 01 01 02 00 00 04 4C 00 00 04 4C 00 00 01 2D FF D9 FF E4 12 34 06 37 B0 00 00 00 33,1100,1100,301,4660,2026-07-30 23:27:55.067,1591,-39,-28,
FF FF FF FF 00 25 07 86 20 01 01 02 00 00 04 4C 00 00 04 4C 00 00 01 32 FF E2 FF F3 12 34 06 38 B0 00 00 00 0C,1100,1100,306,4660,2026-07-30 23:27:55.163,1592,-30,-13,
FF FF FF FF 00 25 07 87 20 01 01 02 00 00 04 4C 00 00 04 4C 00 00 01 58 FF E9 FF F9 12 34 06 39 B1 00 00 00 66,1100,1100,344,4660,2026-07-30 23:27:55.268,1593,-23,-7,
FF FF FF FF 00 25 07 88 20 01 01 02 00 00 04 4C 00 00 04 4C 00 00 01 3F FF EF FF F5 12 34 06 3A AE 00 00 00 18,1100,1100,319,4660,2026-07-30 23:27:55.365,1594,-17,-11,
FF FF FF FF 00 25 07 89 20 01 01 02 00 00 04 4C 00 00 04 4C 00 00 01 29 FF F1 FF F0 12 34 06 3B AD 00 00 00 16,1100,1100,297,4660,2026-07-30 23:27:55.466,1595,-15,-16,
FF FF FF FF 00 25 07 8A 20 01 01 02 00 00 04 4C 00 00 04 4C 00 00 01 55 FF EE 00 00 12 34 06 3C B0 00 00 00 63,1100,1100,341,4660,2026-07-30 23:27:55.565,1596,-18,0,
FF FF FF FF 00 25 07 8B 20 01 01 02 00 00 04 4C 00 00 04 4C 00 00 01 3E FF DB 00 0C 12 34 06 3D BC 00 00 00 3D,1100,1100,318,4660,2026-07-30 23:27:55.677,1597,-37,12,
FF FF FF FF 00 25 07 8C 20 01 01 02 00 00 04 4C 00 00 04 4C 00 00 01 2C FF CD 00 14 12 34 06 3E B9 00 00 00 20,1100,1100,300,4660,2026-07-30 23:27:55.771,1598,-51,20,
FF FF FF FF 00 25 07 8D 20 01 01 02 00 00 04 4C 00 00 04 4C 00 00 01 45 FF C2 00 18 12 34 06 3F B3 00 00 00 40,1100,1100,325,4660,2026-07-30 23:27:55.871,1599,-62,24,
FF FF FF FF 00 25 07 8E 20 01 01 02 00 00 04 4C 00 00 04 4C 00 00 01 3E FF BB 00 1C 12 34 06 40 B0 00 00 00 39,1100,1100,318,4660,2026-07-30 23:27:55.968,1600,-69,28,
FF FF FF FF 00 25 07 8F 20 01 01 02 00 00 04 4C 00 00 04 4C 00 00 01 2E FF B5 00 1F 12 34 06 41 AF 00 00 00 3B,1100,1100,302,4660,2026-07-30 23:27:56.078,1601,-75,31,
FF FF FF FF 00 25 07 90 20 01 01 02 00 00 04 4C 00 00 04 4C 00 00 01 2F FF C6 00 12 12 34 06 42 B3 00 00 00 44,1100,1100,303,4660,2026-07-30 23:27:56.177,1602,-58,18,
FF FF FF FF 00 25 07 91 20 01 01 02 00 00 04 4C 00 00 04 4C 00 00 01 1E FF BE 00 1B 12 34 06 43 B4 00 00 00 03,1100,1100,286,4660,2026-07-30 23:27:56.274,1603,-66,27,
FF FF FF FF 00 25 07 92 20 01 01 02 00 00 04 4C 00 00 04 4C 00 00 01 33 FF B7 00 1F 12 34 06 44 B4 00 00 00 27,1100,1100,307,4660,2026-07-30 23:27:56.363,1604,-73,31,
FF FF FF FF 00 25 07 93 20 01 01 02 00 00 04 4C 00 00 04 4C 00 00 01 28 FF D3 00 25 12 34 06 45 B9 00 00 00 6F,1100,1100,296,4660,2026-07-30 23:27:56.475,1605,-45,37,
FF FF FF FF 00 25 07 94 20 01 01 02 00 00 04 4C 00 00 04 4C 00 00 01 36 FF C7 00 24 12 34 06 46 AE 00 00 00 77,1100,1100,310,4660,2026-07-30 23:27:56.575,1606,-57,36,
FF FF FF FF 00 25 07 95 20 01 01 02 00 00 04 4C 00 00 04 4C 00 00 01 2B FF D3 00 17 12 34 06 47 B4 00 00 00 57,1100,1100,299,4660,2026-07-30 23:27:56.677,1607,-45,23,
FF FF FF FF 00 25 07 96 20 01 01 02 00 00 04 4C 00 00 04 4C 00 00 01 2A FF CC 00 18 12 34 06 48 B2 00 00 00 4C,1100,1100,298,4660,2026-07-30 23:27:56.781,1608,-52,24,
FF FF FF FF 00 25 07 97 20 01 01 02 00 00 04 4C 00 00 04 4C 00 00 01 17 FF C3 00 21 12 34 06 49 B2 00 00 00 47,1100,1100,279,4660,2026-07-30 23:27:56.865,1609,-61,33,
FF FF FF FF 00 25 07 98 20 01 01 02 00 00 04 4C 00 00 04 4C 00 00 01 20 FF BC 00 24 12 34 06 4A B8 00 00 00 0C,1100,1100,288,4660,2026-07-30 23:27:56.971,1610,-68,36,
FF FF FF FF 00 25 07 99 20 01 01 02 00 00 04 4C 00 00 04 4C 00 00 01 16 FF B6 00 26 12 34 06 4B B8 00 00 00 32,1100,1100,278,4660,2026-07-30 23:27:57.072,1611,-74,38,
FF FF FF FF 00 25 07 9A 20 01 01 02 00 00 04 4C 00 00 04 4C 00 00 01 18 FF BD 00 10 12 34 06 4C B1 00 00 00 0C,1100,1100,280,4660,2026-07-30 23:27:57.166,1612,-67,16,
FF FF FF FF 00 25 07 9B 20 01 01 02 00 00 04 4C 00 00 04 4C 00 00 01 33 FF CC 00 14 12 34 06 4D B0 00 00 00 53,1100,1100,307,4660,2026-07-30 23:27:57.274,1613,-52,20,
FF FF FF FF 00 25 07 9C 20 01 01 02 00 00 04 4C 00 00 04 4C 00 00 01 3B FF D6 00 19 12 34 06 4E B4 00 00 00 4C,1100,1100,315,4660,2026-07-30 23:27:57.371,1614,-42,25,
FF FF FF FF 00 25 07 9D 20 01 01 02 00 00 04 4C 00 00 04 4C 00 00 01 26 FF C9 00 1F 12 34 06 4F B8 00 00 00 44,1100,1100,294,4660,2026-07-30 23:27:57.471,1615,-55,31,
FF FF FF FF 00 25 07 9E 20 01 01 02 00 00 04 4C 00 00 04 4C 00 00 01 47 FF D8 00 1F 12 34 06 50 B8 00 00 00 28,1100,1100,327,4660,2026-07-30 23:27:57.569,1616,-40,31,
FF FF FF FF 00 25 07 9F 20 01 01 02 00 00 04 4C 00 00 04 4C 00 00 01 35 FF CB 00 23 12 34 06 51 BC 00 00 00 71,1100,1100,309,4660,2026-07-30 23:27:57.676,1617,-53,35,
FF FF FF FF 00 25 07 A0 20 01 01 02 00 00 04 4C 00 00 04 4C 00 00 01 28 FF C1 00 2A 12 34 06 52 B0 00 00 00 5F,1100,1100,296,4660,2026-07-30 23:27:57.778,1618,-63,42,
FF FF FF FF 00 25 07 A1 20 01 01 02 00 00 04 4C 00 00 04 4C 00 00 01 31 FF C5 00 37 12 34 06 53 B4 00 00 00 5B,1100,1100,305,4660,2026-07-30 23:27:57.871,1619,-59,55,
FF FF FF FF 00 25 07 A2 20 01 01 02 00 00 04 4C 00 00 04 4C 00 00 01 48 FF BD 00 32 12 34 06 54 B4 00 00 00 5B,1100,1100,328,4660,2026-07-30 23:27:57.968,1620,-67,50,
FF FF FF FF 00 25 07 A3 20 01 01 02 00 00 04 4C 00 00 04 4C 00 00 01 3C FF B7 00 33 12 34 06 55 B0 00 00 00 20,1100,1100,316,4660,2026-07-30 23:27:58.065,1621,-73,51,
FF FF FF FF 00 25 07 A4 20 01 01 02 00 00 04 4C 00 00 04 4C 00 00 01 49 FF CA 00 2E 12 34 06 56 B8 00 00 00 39,1100,1100,329,4660,2026-07-30 23:27:58.166,1622,-54,46,
FF FF FF FF 00 25 07 A5 20 01 01 02 00 00 04 4C 00 00 04 4C 00 00 01 61 FF E2 00 2F 12 34 06 57 BC 00 00 00 3C,1100,1100,353,4660,2026-07-30 23:27:58.270,1623,-30,47,
FF FF FF FF 00 25 07 A6 20 01 01 02 00 00 04 4C 00 00 04 4C 00 00 01 44 FF D2 00 2D 12 34 06 58 BC 00 00 00 27,1100,1100,324,4660,2026-07-30 23:27:58.370,1624,-46,45,
FF FF FF FF 00 25 07 A7 20 01 01 02 00 00 04 4C 00 00 04 4C 00 00 01 49 FF D9 00 2C 12 34 06 59 BC 00 00 00 20,1100,1100,329,4660,2026-07-30 23:27:58.462,1625,-39,44,
FF FF FF FF 00 25 07 A8 20 01 01 02 00 00 04 4C 00 00 04 4C 00 00 01 4C FF E8 00 1E 12 34 06 5A B0 00 00 00 26,1100,1100,332,4660,2026-07-30 23:27:58.568,1626,-24,30,
FF FF FF FF 00 25 07 A9 20 01 01 02 00 00 04 4C 00 00 04 4C 00 00 01 36 FF DC 00 22 12 34 06 5B B0 00 00 00 54,1100,1100,310,4660,2026-07-30 23:27:58.663,1627,-36,34,
FF FF FF FF 00 25 07 AA 20 01 01 02 00 00 04 4C 00 00 04 4C 00 00 01 3A FF E7 00 20 12 34 06 5C AE 00 00 00 7B,1100,1100,314,4660,2026-07-30 23:27:58.778,1628,-25,32,
FF FF FF FF 00 25 07 AB 20 01 01 02 00 00 04 4C 00 00 04 4C 00 00 01 2A FF E1 00 11 12 34 06 5D AE 00 00 00 5C,1100,1100,298,4660,2026-07-30 23:27:58.874,1629,-31,17,
FF FF FF FF 00 25 07 AC 20 01 01 02 00 00 04 4C 00 00 04 4C 00 00 01 58 FF E7 00 16 12 34 06 5E B3 00 00 00 36,1100,1100,344,4660,2026-07-30 23:27:58.968,1630,-25,22,
FF FF FF FF 00 25 07 AD 20 01 01 02 00 00 04 4C 00 00 04 4C 00 00 01 39 FF DF 00 24 12 34 06 5F B8 00 00 00 56,1100,1100,313,4660,2026-07-30 23:27:59.073,1631,-33,36,
FF FF FF FF 00 25 07 AE 20 01 01 02 00 00 04 4C 00 00 04 4C 00 00 01 59 FF D0 00 25 12 34 06 60 B8 00 00 00 04,1100,1100,345,4660,2026-07-30 23:27:59.170,1632,-48,37,
FF FF FF FF 00 25 07 AF 20 01 01 02 00 00 04 4C 00 00 04 4C 00 00 01 3D FF C5 00 2A 12 34 06 61 B8 00 00 00 7A,1100,1100,317,4660,2026-07-30 23:27:59.265,1633,-59,42,
FF FF FF FF 00 25 07 B0 20 01 01 02 00 00 04 4C 00 00 04 4C 00 00 01 4C FF D5 00 26 12 34 06 62 AF 00 00 00 1C,1100,1100,332,4660,2026-07-30 23:27:59.371,1634,-43,38,
FF FF FF FF 00 25 07 B1 20 01 01 02 00 00 04 4C 00 00 04 4C 00 00 01 36 FF D9 00 19 12 34 06 63 AD 00 00 00 57,1100,1100,310,4660,2026-07-30 23:27:59.468,1635,-39,25,
FF FF FF FF 00 25 07 B2 20 01 01 02 00 00 04 4C 00 00 04 4C 00 00 01 35 FF D1 00 25 12 34 06 64 B1 00 00 00 78,1100,1100,309,4660,2026-07-30 23:27:59.566,1636,-47,37,
FF FF FF FF 00 25 07 B3 20 01 01 02 00 00 04 4C 00 00 04 4C 00 00 01 23 FF C6 00 26 12 34 06 65 B8 00 00 00 73,1100,1100,291,4660,2026-07-30 23:27:59.677,1637,-58,38,
FF FF FF FF 00 25 07 B4 20 01 01 02 00 00 04 4C 00 00 04 4C 00 00 01 15 FF C8 00 2E 12 34 06 66 B8 00 00 00 47,1100,1100,277,4660,2026-07-30 23:27:59.769,1638,-56,46,
FF FF FF FF 00 25 07 B5 20 01 01 02 00 00 04 4C 00 00 04 4C 00 00 01 13 FF BF 00 2B 12 34 06 67 B3 00 00 00 38,1100,1100,275,4660,2026-07-30 23:27:59.871,1639,-65,43,
FF FF FF FF 00 25 07 B6 20 01 01 02 00 00 04 4C 00 00 04 4C 00 00 01 0D FF BC 00 30 12 34 06 68 B4 00 00 00 35,1100,1100,269,4660,2026-07-30 23:27:59.969,1640,-68,48,
FF FF FF FF 00 25 07 B7 20 01 01 02 00 00 04 4C 00 00 04 4C 00 00 01 09 FF D1 00 3B 12 34 06 69 B0 00 00 00 53,1100,1100,265,4660,2026-07-30 23:28:00.066,1641,-47,59,
FF FF FF FF 00 25 07 B8 20 01 01 02 00 00 04 4C 00 00 04 4C 00 00 01 07 FF C6 00 3A 12 34 06 6A AD 00 00 00 5A,1100,1100,263,4660,2026-07-30 23:28:00.170,1642,-58,58,
FF FF FF FF 00 25 07 B9 20 01 01 02 00 00 04 4C 00 00 04 4C 00 00 01 34 FF D3 00 32 12 34 06 6B B3 00 00 00 6A,1100,1100,308,4660,2026-07-30 23:28:00.266,1643,-45,50,
FF FF FF FF 00 25 07 BA 20 01 01 02 00 00 04 4C 00 00 04 4C 00 00 01 34 FF E5 00 25 12 34 06 6C B3 00 00 00 4F,1100,1100,308,4660,2026-07-30 23:28:00.371,1644,-27,37,
FF FF FF FF 00 25 07 BB 20 01 01 02 00 00 04 4C 00 00 04 4C 00 00 01 3D FF E5 00 33 12 34 06 6D B0 00 00 00 53,1100,1100,317,4660,2026-07-30 23:28:00.474,1645,-27,51,
FF FF FF FF 00 25 07 BC 20 01 01 02 00 00 04 4C 00 00 04 4C 00 00 01 2A FF E3 00 39 12 34 06 6E BC 00 00 00 40,1100,1100,298,4660,2026-07-30 23:28:00.565,1646,-29,57,
FF FF FF FF 00 25 07 BD 20 01 01 02 00 00 04 4C 00 00 04 4C 00 00 01 1A FF D3 00 33 12 34 06 6F B3 00 00 00 45,1100,1100,282,4660,2026-07-30 23:28:00.670,1647,-45,51,
FF FF FF FF 00 25 07 BE 20 01 01 02 00 00 04 4C 00 00 04 4C 00 00 01 12 FF C7 00 2F 12 34 06 70 AF 00 00 00 45,1100,1100,274,4660,2026-07-30 23:28:00.774,1648,-57,47,
FF FF FF FF 00 25 07 BF 20 01 01 02 00 00 04 4C 00 00 04 4C 00 00 01 0E FF CA 00 37 12 34 06 71 B1 00 00 00 52,1100,1100,270,4660,2026-07-30 23:28:00.871,1649,-54,55,
FF FF FF FF 00 25 07 C0 20 01 01 02 00 00 04 4C 00 00 04 4C 00 00 01 0B FF D0 00 23 12 34 06 72 B4 00 00 00 20,1100,1100,267,4660,2026-07-30 23:28:00.966,1650,-48,35,
FF FF FF FF 00 25 07 C1 20 01 01 02 00 00 04 4C 00 00 04 4C 00 00 01 00 FF D4 00 31 12 34 06 73 AF 00 00 00 26,1100,1100,256,4660,2026-07-30 23:28:01.066,1651,-44,49,
FF FF FF FF 00 25 07 C2 20 01 01 02 00 00 04 4C 00 00 04 4C 00 00 00 F6 FF DA 00 3C 12 34 06 74 B0 00 00 00 C9,1100,1100,246,4660,2026-07-30 23:28:01.169,1652,-38,60,
FF FF FF FF 00 25 07 C3 20 01 01 02 00 00 04 4C 00 00 04 4C 00 00 00 F5 FF DE 00 44 12 34 06 75 B0 00 00 00 B6,1100,1100,245,4660,2026-07-30 23:28:01.266,1653,-34,68,
FF FF FF FF 00 25 07 C4 20 01 01 02 00 00 04 4C 00 00 04 4C 00 00 00 F2 FF E6 00 4A 12 34 06 76 B0 00 00 00 83,1100,1100,242,4660,2026-07-30 23:28:01.365,1654,-26,74,
FF FF FF FF 00 25 07 C5 20 01 01 02 00 00 04 4C 00 00 04 4C 00 00 00 EF FF E9 00 4E 12 34 06 77 AE 00 00 00 8B,1100,1100,239,4660,2026-07-30 23:28:01.468,1655,-23,78,
FF FF FF FF 00 25 07 C6 20 01 01 02 00 00 04 4C 00 00 04 4C 00 00 00 EA FF E7 00 33 12 34 06 78 B2 00 00 00 ED,1100,1100,234,4660,2026-07-30 23:28:01.568,1656,-25,51,
FF FF FF FF 00 25 07 C7 20 01 01 02 00 00 04 4C 00 00 04 4C 00 00 00 E6 FF E6 00 20 12 34 06 79 B0 00 00 00 F1,1100,1100,230,4660,2026-07-30 23:28:01.670,1657,-26,32,
FF FF FF FF 00 25 07 C8 20 01 01 02 00 00 04 4C 00 00 04 4C 00 00 00 E7 FF E7 00 30 12 34 06 7A AF 00 00 00 F2,1100,1100,231,4660,2026-07-30 23:28:01.774,1658,-25,48,
FF FF FF FF 00 25 07 C9 20 01 01 02 00 00 04 4C 00 00 04 4C 00 00 00 E3 FF E4 00 3B 12 34 06 7B BE 00 00 00 EF,1100,1100,227,4660,2026-07-30 23:28:01.871,1659,-28,59,
FF FF FF FF 00 25 07 CA 20 01 01 02 00 00 04 4C 00 00 04 4C 00 00 00 E2 FF E4 00 24 12 34 06 7C BC 00 00 00 F7,1100,1100,226,4660,2026-07-30 23:28:01.975,1660,-28,36,
FF FF FF FF 00 25 07 CB 20 01 01 02 00 00 04 4C 00 00 04 4C 00 00 00 DF FF E2 00 32 12 34 06 7D BC 00 00 00 DA,1100,1100,223,4660,2026-07-30 23:28:02.073,1661,-30,50,
FF FF FF FF 00 25 07 CC 20 01 01 02 00 00 04 4C 00 00 04 4C 00 00 00 E9 FF E5 00 1E 12 34 06 7E B2 00 00 00 CD,1100,1100,233,4660,2026-07-30 23:28:02.170,1662,-27,30,
FF FF FF FF 00 25 07 CD 20 01 01 02 00 00 04 4C 00 00 04 4C 00 00 00 E3 FF E6 00 11 12 34 06 7F B3 00 00 00 CA,1100,1100,227,4660,2026-07-30 23:28:02.273,1663,-26,17,
FF FF FF FF 00 25 07 CE 20 01 01 02 00 00 04 4C 00 00 04 4C 00 00 00 E2 FF E3 00 05 12 34 06 80 BC 00 00 00 29,1100,1100,226,4660,2026-07-30 23:28:02.374,1664,-29,5,
FF FF FF FF 00 25 07 CF 20 01 01 02 00 00 04 4C 00 00 04 4C 00 00 00 E0 FF E2 FF F8 12 34 06 81 B8 00 00 00 2C,1100,1100,224,4660,2026-07-30 23:28:02.475,1665,-30,-8,
FF FF FF FF 00 25 07 D0 20 01 01 02 00 00 04 4C 00 00 04 4C 00 00 00 DC FF DA 00 04 12 34 06 82 BD 00 00 00 32,1100,1100,220,4660,2026-07-30 23:28:02.565,1666,-38,4,
FF FF FF FF 00 25 07 D1 20 01 01 02 00 00 04 4C 00 00 04 4C 00 00 00 E2 FF DF FF F9 12 34 06 83 AF 00 00 00 19,1100,1100,226,4660,2026-07-30 23:28:02.669,1667,-33,-7,
FF FF FF FF 00 25 07 D2 20 01 01 02 00 00 04 4C 00 00 04 4C 00 00 00 DD FF EA FF F7 12 34 06 84 AE 00 00 00 18,1100,1100,221,4660,2026-07-30 23:28:02.774,1668,-22,-9,
FF FF FF FF 00 25 07 D3 20 01 01 02 00 00 04 4C 00 00 04 4C 00 00 00 E3 FF E3 FF EC 12 34 06 85 BC 00 00 00 26,1100,1100,227,4660,2026-07-30 23:28:02.870,1669,-29,-20,
FF FF FF FF 00 25 07 D4 20 01 01 02 00 00 04 4C 00 00 04 4C 00 00 00 DD FF E0 FF E7 12 34 06 86 B2 00 00 00 1A,1100,1100,221,4660,2026-07-30 23:28:02.969,1670,-32,-25,
FF FF FF FF 00 25 07 D5 20 01 01 02 00 00 04 4C 00 00 04 4C 00 00 00 D8 FF DE FF E0 12 34 06 87 BA 00 00 00 2E,1100,1100,216,4660,2026-07-30 23:28:03.066,1671,-34,-32,
FF FF FF FF 00 25 07 D6 20 01 01 02 00 00 04 4C 00 00 04 4C 00 00 00 D6 FF E0 FF E2 12 34 06 88 B8 00 00 00 12,1100,1100,214,4660,2026-07-30 23:28:03.171,1672,-32,-30,
FF FF FF FF 00 25 07 D7 20 01 01 02 00 00 04 4C 00 00 04 4C 00 00 00 C7 FF E1 FF E3 12 34 06 89 B1 00 00 00 0A,1100,1100,199,4660,2026-07-30 23:28:03.270,1673,-31,-29,
FF FF FF FF 00 25 07 D8 20 01 01 02 00 00 04 4C 00 00 04 4C 00 00 00 FE FF E2 FF DE 12 34 06 8A AE 00 00 00 1E,1100,1100,254,4660,2026-07-30 23:28:03.370,1674,-30,-34,
FF FF FF FF 00 25 07 D9 20 01 01 02 00 00 04 4C 00 00 04 4C 00 00 01 36 FF E4 FF EF 12 34 06 8B B0 00 00 00 FE,1100,1100,310,4660,2026-07-30 23:28:03.475,1675,-28,-17,
FF FF FF FF 00 25 07 DA 20 01 01 02 00 00 04 4C 00 00 04 4C 00 00 01 1C FF E1 FF EE 12 34 06 8C B8 00 00 00 DC,1100,1100,284,4660,2026-07-30 23:28:03.572,1676,-31,-18,
FF FF FF FF 00 25 07 DB 20 01 01 02 00 00 04 4C 00 00 04 4C 00 00 01 09 FF DD FF E5 12 34 06 8D BA 00 00 00 FC,1100,1100,265,4660,2026-07-30 23:28:03.670,1677,-35,-27,
FF FF FF FF 00 25 07 DC 20 01 01 02 00 00 04 4C 00 00 04 4C 00 00 00 FB FF DD FF E0 12 34 06 8E BC 00 00 00 08,1100,1100,251,4660,2026-07-30 23:28:03.767,1678,-35,-32,
FF FF FF FF 00 25 07 DD 20 01 01 02 00 00 04 4C 00 00 04 4C 00 00 00 EA FF E1 FF E4 12 34 06 8F BC 00 00 00 21,1100,1100,234,4660,2026-07-30 23:28:03.867,1679,-31,-28,
FF FF FF FF 00 25 07 DE 20 01 01 02 00 00 04 4C 00 00 04 4C 00 00 01 2A FF E7 FF F2 12 34 06 90 B4 00 00 00 E4,1100,1100,298,4660,2026-07-30 23:28:03.976,1680,-25,-14,
FF FF FF FF 00 25 07 DF 20 01 01 02 00 00 04 4C 00 00 04 4C 00 00 01 5A FF E7 00 00 12 34 06 91 AE 00 00 00 83,1100,1100,346,4660,2026-07-30 23:28:04.071,1681,-25,0,
FF FF FF FF 00 25 07 E0 20 01 01 02 00 00 04 4C 00 00 04 4C 00 00 01 6B FF E3 FF F8 12 34 06 92 BC 00 00 00 9F,1100,1100,363,4660,2026-07-30 23:28:04.163,1682,-29,-8,
FF FF FF FF 00 25 07 E1 20 01 01 02 00 00 04 4C 00 00 04 4C 00 00 01 42 FF D7 FF EC 12 34 06 93 B9 00 00 00 93,1100,1100,322,4660,2026-07-30 23:28:04.271,1683,-41,-20,
FF FF FF FF 00 25 07 E2 20 01 01 02 00 00 04 4C 00 00 04 4C 00 00 01 3C FF E4 FF F2 12 34 06 94 BB 00 00 00 C6,1100,1100,316,4660,2026-07-30 23:28:04.367,1684,-28,-14,
FF FF FF FF 00 25 07 E3 20 01 01 02 00 00 04 4C 00 00 04 4C 00 00 01 44 FF D3 FF E6 12 34 06 95 B2 00 00 00 94,1100,1100,324,4660,2026-07-30 23:28:04.475,1685,-45,-26,
FF FF FF FF 00 25 07 E4 20 01 01 02 00 00 04 4C 00 00 04 4C 00 00 01 6C FF DA FF F6 12 34 06 96 B9 00 00 00 AA,1100,1100,364,4660,2026-07-30 23:28:04.571,1686,-38,-10,
FF FF FF FF 00 25 07 E5 20 01 01 02 00 00 04 4C 00 00 04 4C 00 00 01 89 FF E3 00 00 12 34 06 97 B4 00 00 00 72,1100,1100,393,4660,2026-07-30 23:28:04.669,1687,-29,0,
FF FF FF FF 00 25 07 E6 20 01 01 02 00 00 04 4C 00 00 04 4C 00 00 01 9C FF E8 00 08 12 34 06 98 B8 00 00 00 64,1100,1100,412,4660,2026-07-30 23:28:04.773,1688,-24,8,
FF FF FF FF 00 25 07 E7 20 01 01 02 00 00 04 4C 00 00 04 4C 00 00 01 AD FF EA 00 0F 12 34 06 99 BA 00 00 00 52,1100,1100,429,4660,2026-07-30 23:28:04.871,1689,-22,15,
FF FF FF FF 00 25 07 E8 20 01 01 02 00 00 04 4C 00 00 04 4C 00 00 01 B4 FF EA 00 17 12 34 06 9A B8 00 00 00 5D,1100,1100,436,4660,2026-07-30 23:28:04.975,1690,-22,23,
FF FF FF FF 00 25 07 E9 20 01 01 02 00 00 04 4C 00 00 04 4C 00 00 01 BC FF EE 00 18 12 34 06 9B BA 00 00 00 5C,1100,1100,444,4660,2026-07-30 23:28:05.073,1691,-18,24,
FF FF FF FF 00 25 07 EA 20 01 01 02 00 00 04 4C 00 00 04 4C 00 00 01 C6 FF ED 00 1E 12 34 06 9C B2 00 00 00 2F,1100,1100,454,4660,2026-07-30 23:28:05.171,1692,-19,30,
FF FF FF FF 00 25 07 EB 20 01 01 02 00 00 04 4C 00 00 04 4C 00 00 01 C6 FF F0 00 20 12 34 06 9D B8 00 00 00 06,1100,1100,454,4660,2026-07-30 23:28:05.274,1693,-16,32,
FF FF FF FF 00 25 07 EC 20 01 01 02 00 00 04 4C 00 00 04 4C 00 00 01 C5 FF F7 00 1B 12 34 06 9E BA 00 00 00 3F,1100,1100,453,4660,2026-07-30 23:28:05.374,1694,-9,27,
FF FF FF FF 00 25 07 ED 20 01 01 02 00 00 04 4C 00 00 04 4C 00 00 01 C2 FF FA 00 15 12 34 06 9F B9 00 00 00 38,1100,1100,450,4660,2026-07-30 23:28:05.468,1695,-6,21,
FF FF FF FF 00 25 07 EE 20 01 01 02 00 00 04 4C 00 00 04 4C 00 00 01 A0 FF FB 00 28 12 34 06 A0 B8 00 00 00 5B,1100,1100,416,4660,2026-07-30 23:28:05.566,1696,-5,40,
FF FF FF FF 00 25 07 EF 20 01 01 02 00 00 04 4C 00 00 04 4C 00 00 01 71 00 09 00 29 12 34 06 A1 AF 00 00 00 91,1100,1100,369,4660,2026-07-30 23:28:05.677,1697,9,41,
FF FF FF FF 00 25 07 F0 20 01 01 02 00 00 04 4C 00 00 04 4C 00 00 01 4B 00 1F 00 2D 12 34 06 A2 B0 00 00 00 BA,1100,1100,331,4660,2026-07-30 23:28:05.773,1698,31,45,
FF FF FF FF 00 25 07 F1 20 01 01 02 00 00 04 4C 00 00 04 4C 00 00 01 54 00 18 00 2F 12 34 06 A3 B8 00 00 00 A8,1100,1100,340,4660,2026-07-30 23:28:05.871,1699,24,47,
FF FF FF FF 00 25 07 F2 20 01 01 02 00 00 04 4C 00 00 04 4C 00 00 01 2E 00 29 00 2E 12 34 06 A4 BC 00 00 00 E2,1100,1100,302,4660,2026-07-30 23:28:05.964,1700,41,46,
FF FF FF FF 00 25 07 F3 20 01 01 02 00 00 04 4C 00 00 04 4C 00 00 01 1C 00 24 00 16 12 34 06 A5 AE 00 00 00 F7,1100,1100,284,4660,2026-07-30 23:28:06.073,1701,36,22,
FF FF FF FF 00 25 07 F4 20 01 01 02 00 00 04 4C 00 00 04 4C 00 00 01 0A 00 21 00 04 12 34 06 A6 B1 00 00 00 ED,1100,1100,266,4660,2026-07-30 23:28:06.171,1702,33,4,
FF FF FF FF 00 25 07 F5 20 01 01 02 00 00 04 4C 00 00 04 4C 00 00 00 FA 00 0D FF FF 12 34 06 A7 AD 00 00 00 28,1100,1100,250,4660,2026-07-30 23:28:06.267,1703,13,-1,
FF FF FF FF 00 25 07 F6 20 01 01 02 00 00 04 4C 00 00 04 4C 00 00 01 05 00 00 FF FA 12 34 06 A8 AE 00 00 00 D1,1100,1100,261,4660,2026-07-30 23:28:06.366,1704,0,-6,
FF FF FF FF 00 25 07 F7 20 01 01 02 00 00 04 4C 00 00 04 4C 00 00 00 F8 00 05 00 0C 12 34 06 A9 AE 00 00 00 21,1100,1100,248,4660,2026-07-30 23:28:06.471,1705,5,12,
FF FF FF FF 00 25 07 F8 20 01 01 02 00 00 04 4C 00 00 04 4C 00 00 00 E9 00 1C 00 02 12 34 06 AA AF 00 00 00 2A,1100,1100,233,4660,2026-07-30 23:28:06.566,1706,28,2,
FF FF FF FF 00 25 07 F9 20 01 01 02 00 00 04 4C 00 00 04 4C 00 00 00 DC 00 2C FF FC 12 34 06 AB AD 00 00 00 2C,1100,1100,220,4660,2026-07-30 23:28:06.676,1707,44,-4,
FF FF FF FF 00 25 07 FA 20 01 01 02 00 00 04 4C 00 00 04 4C 00 00 00 ED 00 39 00 09 12 34 06 AC B0 00 00 00 1B,1100,1100,237,4660,2026-07-30 23:28:06.773,1708,57,9,
FF FF FF FF 00 25 07 FB 20 01 01 02 00 00 04 4C 00 00 04 4C 00 00 00 F4 00 41 00 16 12 34 06 AD B3 00 00 00 66,1100,1100,244,4660,2026-07-30 23:28:06.871,1709,65,22,
FF FF FF FF 00 25 07 FC 20 01 01 02 00 00 04 4C 00 00 04 4C 00 00 00 FE 00 48 00 1E 12 34 06 AE AF 00 00 00 75,1100,1100,254,4660,2026-07-30 23:28:06.968,1710,72,30,
FF FF FF FF 00 25 07 FD 20 01 01 02 00 00 04 4C 00 00 04 4C 00 00 01 01 00 2B 00 2E 12 34 06 AF AE 00 00 00 D9,1100,1100,257,4660,2026-07-30 23:28:07.069,1711,43,46,
FF FF FF FF 00 25 07 FE 20 01 01 02 00 00 04 4C 00 00 04 4C 00 00 01 02 00 1C 00 1D 12 34 06 B0 B2 00 00 00 DE,1100,1100,258,4660,2026-07-30 23:28:07.170,1712,28,29,
FF FF FF FF 00 25 07 FF 20 01 01 02 00 00 04 4C 00 00 04 4C 00 00 01 12 00 11 00 11 12 34 06 B1 B1 00 00 00 CC,1100,1100,274,4660,2026-07-30 23:28:07.274,1713,17,17,
FF FF FF FF 00 25 08 00 20 01 01 02 00 00 04 4C 00 00 04 4C 00 00 01 11 00 20 00 1C 12 34 06 B2 B0 00 00 00 01,1100,1100,273,4660,2026-07-30 23:28:07.373,1714,32,28,
FF FF FF FF 00 25 08 01 20 01 01 02 00 00 04 4C 00 00 04 4C 00 00 01 14 00 2F 00 20 12 34 06 B3 BC 00 00 00 3B,1100,1100,276,4660,2026-07-30 23:28:07.474,1715,47,32,
FF FF FF FF 00 25 08 02 20 01 01 02 00 00 04 4C 00 00 04 4C 00 00 01 1E 00 3B 00 1A 12 34 06 B4 AD 00 00 00 0A,1100,1100,286,4660,2026-07-30 23:28:07.565,1716,59,26,
FF FF FF FF 00 25 08 03 20 01 01 02 00 00 04 4C 00 00 04 4C 00 00 01 18 00 26 00 2B 12 34 06 B5 B1 00 00 00 3C,1100,1100,280,4660,2026-07-30 23:28:07.670,1717,38,43,
FF FF FF FF 00 25 08 04 20 01 01 02 00 00 04 4C 00 00 04 4C 00 00 01 0C 00 1C 00 25 12 34 06 B7 B0 00 00 00 18,1100,1100,268,4660,2026-07-30 23:28:07.902,1719,28,37,
FF FF FF FF 00 25 08 05 20 01 01 02 00 00 04 4C 00 00 04 4C 00 00 01 03 00 15 00 21 12 34 06 B8 B0 00 00 00 14,1100,1100,259,4660,2026-07-30 23:28:07.975,1720,21,33,
FF FF FF FF 00 25 08 06 20 01 01 02 00 00 04 4C 00 00 04 4C 00 00 01 03 00 0B 00 0E 12 34 06 B9 AF 00 00 00 38,1100,1100,259,4660,2026-07-30 23:28:08.073,1721,11,14,
FF FF FF FF 00 25 08 07 20 01 01 02 00 00 04 4C 00 00 04 4C 00 00 01 36 00 04 00 18 12 34 06 BA B0 00 00 00 09,1100,1100,310,4660,2026-07-30 23:28:08.176,1722,4,24,
FF FF FF FF 00 25 08 08 20 01 01 02 00 00 04 4C 00 00 04 4C 00 00 01 30 00 04 00 26 12 34 06 BB B1 00 00 00 3E,1100,1100,304,4660,2026-07-30 23:28:08.274,1723,4,38,
FF FF FF FF 00 25 08 09 20 01 01 02 00 00 04 4C 00 00 04 4C 00 00 01 26 00 03 00 34 12 34 06 BC AE 00 00 00 24,1100,1100,294,4660,2026-07-30 23:28:08.370,1724,3,52,
FF FF FF FF 00 25 08 0A 20 01 01 02 00 00 04 4C 00 00 04 4C 00 00 01 1F FF F6 00 3E 12 34 06 BD AE 00 00 00 1F,1100,1100,287,4660,2026-07-30 23:28:08.466,1725,-10,62,
FF FF FF FF 00 25 08 0B 20 01 01 02 00 00 04 4C 00 00 04 4C 00 00 01 1B FF FE 00 46 12 34 06 BE AE 00 00 00 69,1100,1100,283,4660,2026-07-30 23:28:08.571,1726,-2,70,
FF FF FF FF 00 25 08 0C 20 01 01 02 00 00 04 4C 00 00 04 4C 00 00 01 0E FF F1 00 39 12 34 06 BF AF 00 00 00 0B,1100,1100,270,4660,2026-07-30 23:28:08.676,1727,-15,57,
FF FF FF FF 00 25 08 0D 20 01 01 02 00 00 04 4C 00 00 04 4C 00 00 01 14 FF E6 00 36 12 34 06 C0 B0 00 00 00 68,1100,1100,276,4660,2026-07-30 23:28:08.777,1728,-26,54,
FF FF FF FF 00 25 08 0E 20 01 01 02 00 00 04 4C 00 00 04 4C 00 00 01 0D FF E4 00 29 12 34 06 C1 B0 00 00 00 6E,1100,1100,269,4660,2026-07-30 23:28:08.870,1729,-28,41,
FF FF FF FF 00 25 08 0F 20 01 01 02 00 00 04 4C 00 00 04 4C 00 00 01 07 FF E2 00 1F 12 34 06 C2 AF 00 00 00 49,1100,1100,263,4660,2026-07-30 23:28:08.974,1730,-30,31,
FF FF FF FF 00 25 08 10 20 01 01 02 00 00 04 4C 00 00 04 4C 00 00 01 0C FF D2 00 24 12 34 06 C3 B9 00 00 00 41,1100,1100,268,4660,2026-07-30 23:28:09.072,1731,-46,36,
FF FF FF FF 00 25 08 11 20 01 01 02 00 00 04 4C 00 00 04 4C 00 00 01 00 FF E3 00 32 12 34 06 C4 B9 00 00 00 6C,1100,1100,256,4660,2026-07-30 23:28:09.169,1732,-29,50,
FF FF FF FF 00 25 08 12 20 01 01 02 00 00 04 4C 00 00 04 4C 00 00 00 F5 FF DE 00 2B 12 34 06 C5 AF 00 00 00 A8,1100,1100,245,4660,2026-07-30 23:28:09.267,1733,-34,43,
FF FF FF FF 00 25 08 13 20 01 01 02 00 00 04 4C 00 00 04 4C 00 00 00 ED FF F1 00 32 12 34 06 C6 C2 00 00 00 E9,1100,1100,237,4660,2026-07-30 23:28:09.371,1734,-15,50,
FF FF FF FF 00 25 08 14 20 01 01 02 00 00 04 4C 00 00 04 4C 00 00 00 E3 FF F5 00 3D 12 34 06 C7 C2 00 00 00 EA,1100,1100,227,4660,2026-07-30 23:28:09.471,1735,-11,61,
FF FF FF FF 00 25 08 15 20 01 01 02 00 00 04 4C 00 00 04 4C 00 00 00 DA FF EB 00 39 12 34 06 C8 C2 00 00 00 C7,1100,1100,218,4660,2026-07-30 23:28:09.580,1736,-21,57,
FF FF FF FF 00 25 08 16 20 01 01 02 00 00 04 4C 00 00 04 4C 00 00 00 D2 FF E9 00 37 12 34 06 C9 C6 00 00 00 C5,1100,1100,210,4660,2026-07-30 23:28:09.663,1737,-23,55,
FF FF FF FF 00 25 08 17 20 01 01 02 00 00 04 4C 00 00 04 4C 00 00 00 CB FF E7 00 35 12 34 06 CA C4 00 00 00 D0,1100,1100,203,4660,2026-07-30 23:28:09.773,1738,-25,53,
FF FF FF FF 00 25 08 18 20 01 01 02 00 00 04 4C 00 00 04 4C 00 00 00 C6 FF E5 00 33 12 34 06 CB C3 00 00 00 D0,1100,1100,198,4660,2026-07-30 23:28:09.863,1739,-27,51,
FF FF FF FF 00 25 08 19 20 01 01 02 00 00 04 4C 00 00 04 4C 00 00 00 C1 FF E4 00 31 12 34 06 CC C3 00 00 00 D2,1100,1100,193,4660,2026-07-30 23:28:09.968,1740,-28,49,
FF FF FF FF 00 25 08 1A 20 01 01 02 00 00 04 4C 00 00 04 4C 00 00 00 BB FF E5 00 2F 12 34 06 CD C2 00 00 00 B4,1100,1100,187,4660,2026-07-30 23:28:10.064,1741,-27,47,
FF FF FF FF 00 25 08 1B 20 01 01 02 00 00 04 4C 00 00 04 4C 00 00 00 B9 FF E6 00 2D 12 34 06 CE C4 00 00 00 B3,1100,1100,185,4660,2026-07-30 23:28:10.169,1742,-26,45,
FF FF FF FF 00 25 08 1C 20 01 01 02 00 00 04 4C 00 00 04 4C 00 00 00 B8 FF E6 00 2C 12 34 06 CF C5 00 00 00 B4,1100,1100,184,4660,2026-07-30 23:28:10.273,1743,-26,44,
FF FF FF FF 00 25 08 1D 20 01 01 02 00 00 04 4C 00 00 04 4C 00 00 00 B8 FF E6 00 2C 12 34 06 D0 C5 00 00 00 AA,1100,1100,184,4660,2026-07-30 23:28:10.378,1744,-26,44,
FF FF FF FF 00 25 08 1E 20 01 01 02 00 00 04 4C 00 00 04 4C 00 00 00 B8 FF E5 00 2C 12 34 06 D1 C3 00 00 00 AD,1100,1100,184,4660,2026-07-30 23:28:10.467,1745,-27,44,
FF FF FF FF 00 25 08 1F 20 01 01 02 00 00 04 4C 00 00 04 4C 00 00 00 B8 FF E5 00 2A 12 34 06 D2 C3 00 00 00 A9,1100,1100,184,4660,2026-07-30 23:28:10.566,1746,-27,42,
FF FF FF FF 00 25 08 20 20 01 01 02 00 00 04 4C 00 00 04 4C 00 00 00 B7 FF E5 00 2A 12 34 06 D3 C4 00 00 00 9F,1100,1100,183,4660,2026-07-30 23:28:10.670,1747,-27,42,
FF FF FF FF 00 25 08 21 20 01 01 02 00 00 04 4C 00 00 04 4C 00 00 00 B5 FF E5 00 2C 12 34 06 D4 C4 00 00 00 9D,1100,1100,181,4660,2026-07-30 23:28:10.773,1748,-27,44,
FF FF FF FF 00 25 08 22 20 01 01 02 00 00 04 4C 00 00 04 4C 00 00 00 B4 FF E5 00 2D 12 34 06 D5 C4 00 00 00 9F,1100,1100,180,4660,2026-07-30 23:28:10.864,1749,-27,45,
FF FF FF FF 00 25 08 23 20 01 01 02 00 00 04 4C 00 00 04 4C 00 00 00 B4 FF E6 00 2C 12 34 06 D6 C4 00 00 00 9F,1100,1100,180,4660,2026-07-30 23:28:10.974,1750,-26,44,
FF FF FF FF 00 25 08 24 20 01 01 02 00 00 04 4C 00 00 04 4C 00 00 00 B4 FF E7 00 2D 12 34 06 D7 C4 00 00 00 99,1100,1100,180,4660,2026-07-30 23:28:11.064,1751,-25,45,
FF FF FF FF 00 25 08 25 20 01 01 02 00 00 04 4C 00 00 04 4C 00 00 00 B3 FF E7 00 2C 12 34 06 D8 C3 00 00 00 96,1100,1100,179,4660,2026-07-30 23:28:11.169,1752,-25,44,
FF FF FF FF 00 25 08 26 20 01 01 02 00 00 04 4C 00 00 04 4C 00 00 00 B3 FF E8 00 2D 12 34 06 D9 C4 00 00 00 9D,1100,1100,179,4660,2026-07-30 23:28:11.273,1753,-24,45,
FF FF FF FF 00 25 08 27 20 01 01 02 00 00 04 4C 00 00 04 4C 00 00 00 B4 FF E8 00 2D 12 34 06 DA C4 00 00 00 98,1100,1100,180,4660,2026-07-30 23:28:11.370,1754,-24,45,
FF FF FF FF 00 25 08 28 20 01 01 02 00 00 04 4C 00 00 04 4C 00 00 00 B5 FF E9 00 2D 12 34 06 DB C4 00 00 00 96,1100,1100,181,4660,2026-07-30 23:28:11.477,1755,-23,45,
FF FF FF FF 00 25 08 29 20 01 01 02 00 00 04 4C 00 00 04 4C 00 00 00 B7 FF E9 00 2C 12 34 06 DC C5 00 00 00 92,1100,1100,183,4660,2026-07-30 23:28:11.573,1756,-23,44,
FF FF FF FF 00 25 08 2A 20 01 01 02 00 00 04 4C 00 00 04 4C 00 00 00 B7 FF E9 00 2C 12 34 06 DD C9 00 00 00 9C,1100,1100,183,4660,2026-07-30 23:28:11.669,1757,-23,44,
FF FF FF FF 00 25 08 2B 20 01 01 02 00 00 04 4C 00 00 04 4C 00 00 00 B6 FF E7 00 2B 12 34 06 DE C5 00 00 00 9A,1100,1100,182,4660,2026-07-30 23:28:11.768,1758,-25,43,
FF FF FF FF 00 25 08 2C 20 01 01 02 00 00 04 4C 00 00 04 4C 00 00 00 B1 FF E6 00 2C 12 34 06 DF C4 00 00 00 9C,1100,1100,177,4660,2026-07-30 23:28:11.864,1759,-26,44,
FF FF FF FF 00 25 08 2D 20 01 01 02 00 00 04 4C 00 00 04 4C 00 00 00 A9 FF E5 00 2C 12 34 06 E0 C5 00 00 00 B8,1100,1100,169,4660,2026-07-30 23:28:11.971,1760,-27,44,
FF FF FF FF 00 25 08 2E 20 01 01 02 00 00 04 4C 00 00 04 4C 00 00 00 A7 FF E4 00 2C 12 34 06 E1 C6 00 00 00 B6,1100,1100,167,4660,2026-07-30 23:28:12.065,1761,-28,44,
FF FF FF FF 00 25 08 2F 20 01 01 02 00 00 04 4C 00 00 04 4C 00 00 00 A4 FF E5 00 2D 12 34 06 E2 C6 00 00 00 B7,1100,1100,164,4660,2026-07-30 23:28:12.176,1762,-27,45,
FF FF FF FF 00 25 08 30 20 01 01 02 00 00 04 4C 00 00 04 4C 00 00 00 9F FF E4 00 2A 12 34 06 E3 C4 00 00 00 96,1100,1100,159,4660,2026-07-30 23:28:12.268,1763,-28,42,
FF FF FF FF 00 25 08 31 20 01 01 02 00 00 04 4C 00 00 04 4C 00 00 00 93 FF DE 00 26 12 34 06 E4 BE 00 00 00 D0,1100,1100,147,4660,2026-07-30 23:28:12.364,1764,-34,38,
FF FF FF FF 00 25 08 32 20 01 01 02 00 00 04 4C 00 00 04 4C 00 00 00 9F FF E6 00 27 12 34 06 E6 BC 00 00 00 E6,1100,1100,159,4660,2026-07-30 23:28:12.593,1766,-26,39,
FF FF FF FF 00 25 08 33 20 01 01 02 00 00 04 4C 00 00 04 4C 00 00 00 B0 FF EA 00 36 12 34 06 E7 BA 00 00 00 D2,1100,1100,176,4660,2026-07-30 23:28:12.670,1767,-22,54,
FF FF FF FF 00 25 08 34 20 01 01 02 00 00 04 4C 00 00 04 4C 00 00 00 B6 FF EC 00 1B 12 34 06 E8 BF 00 00 00 F2,1100,1100,182,4660,2026-07-30 23:28:12.774,1768,-20,27,
FF FF FF FF 00 25 08 35 20 01 01 02 00 00 04 4C 00 00 04 4C 00 00 00 AD FF EB 00 0C 12 34 06 E9 B9 00 00 00 FF,1100,1100,173,4660,2026-07-30 23:28:12.871,1769,-21,12,
FF FF FF FF 00 25 08 36 20 01 01 02 00 00 04 4C 00 00 04 4C 00 00 00 AD FF F9 00 18 12 34 06 EA BA 00 00 00 FA,1100,1100,173,4660,2026-07-30 23:28:12.974,1770,-7,24,
FF FF FF FF 00 25 08 37 20 01 01 02 00 00 04 4C 00 00 04 4C 00 00 00 A4 FF F7 00 08 12 34 06 EB AF 00 00 00 F8,1100,1100,164,4660,2026-07-30 23:28:13.066,1771,-9,8,
FF FF FF FF 00 25 08 38 20 01 01 02 00 00 04 4C 00 00 04 4C 00 00 00 A3 FF F6 00 00 12 34 06 EC BE 00 00 00 EF,1100,1100,163,4660,2026-07-30 23:28:13.170,1772,-10,0,
FF FF FF FF 00 25 08 39 20 01 01 02 00 00 04 4C 00 00 04 4C 00 00 00 A0 FF F5 FF FB 12 34 06 ED C1 00 00 00 94,1100,1100,160,4660,2026-07-30 23:28:13.267,1773,-11,-5,
FF FF FF FF 00 25 08 3A 20 01 01 02 00 00 04 4C 00 00 04 4C 00 00 00 A2 FF EE FF F5 12 34 06 EE C6 00 00 00 84,1100,1100,162,4660,2026-07-30 23:28:13.371,1774,-18,-11,
FF FF FF FF 00 25 08 3B 20 01 01 02 00 00 04 4C 00 00 04 4C 00 00 00 A2 FF E3 FF F3 12 34 06 EF C0 00 00 00 89,1100,1100,162,4660,2026-07-30 23:28:13.468,1775,-29,-13,
FF FF FF FF 00 25 08 3C 20 01 01 02 00 00 04 4C 00 00 04 4C 00 00 00 A1 FF E8 FF FB 12 34 06 F0 BD 00 00 00 EC,1100,1100,161,4660,2026-07-30 23:28:13.569,1776,-24,-5,
FF FF FF FF 00 25 08 3D 20 01 01 02 00 00 04 4C 00 00 04 4C 00 00 00 A1 FF E0 FF F4 12 34 06 F1 C4 00 00 00 92,1100,1100,161,4660,2026-07-30 23:28:13.662,1777,-32,-12,
FF FF FF FF 00 25 08 3E 20 01 01 02 00 00 04 4C 00 00 04 4C 00 00 00 9B FF F3 FF F2 12 34 06 F2 BC 00 00 00 C5,1100,1100,155,4660,2026-07-30 23:28:13.767,1778,-13,-14,
FF FF FF FF 00 25 08 3F 20 01 01 02 00 00 04 4C 00 00 04 4C 00 00 00 9A FF E9 FF ED 12 34 06 F3 C0 00 00 00 BD,1100,1100,154,4660,2026-07-30 23:28:13.872,1779,-23,-19,
FF FF FF FF 00 25 08 40 20 01 01 02 00 00 04 4C 00 00 04 4C 00 00 00 9B FF DF FF EA 12 34 06 F4 C2 00 00 00 F7,1100,1100,155,4660,2026-07-30 23:28:13.968,1780,-33,-22,
FF FF FF FF 00 25 08 41 20 01 01 02 00 00 04 4C 00 00 04 4C 00 00 00 9B FF DA FF E9 12 34 06 F5 C4 00 00 00 F7,1100,1100,155,4660,2026-07-30 23:28:14.065,1781,-38,-23,
FF FF FF FF 00 25 08 42 20 01 01 02 00 00 04 4C 00 00 04 4C 00 00 00 99 FF DB FF EC 12 34 06 F6 C2 00 00 00 F7,1100,1100,153,4660,2026-07-30 23:28:14.170,1782,-37,-20,
FF FF FF FF 00 25 08 43 20 01 01 02 00 00 04 4C 00 00 04 4C 00 00 00 99 FF D7 FF E9 12 34 06 F7 C4 00 00 00 F8,1100,1100,153,4660,2026-07-30 23:28:14.273,1783,-41,-23,
FF FF FF FF 00 25 08 44 20 01 01 02 00 00 04 4C 00 00 04 4C 00 00 00 99 FF D5 FF E7 12 34 06 F8 C0 00 00 00 F8,1100,1100,153,4660,2026-07-30 23:28:14.371,1784,-43,-25,
FF FF FF FF 00 25 08 45 20 01 01 02 00 00 04 4C 00 00 04 4C 00 00 00 94 FF E2 FF F1 12 34 06 F9 BE 00 00 00 AA,1100,1100,148,4660,2026-07-30 23:28:14.479,1785,-30,-15,
FF FF FF FF 00 25 08 46 20 01 01 02 00 00 04 4C 00 00 04 4C 00 00 00 94 FF EB FF F7 12 34 06 FA BF 00 00 00 A4,1100,1100,148,4660,2026-07-30 23:28:14.566,1786,-21,-9,
FF FF FF FF 00 25 08 47 20 01 01 02 00 00 04 4C 00 00 04 4C 00 00 00 96 FF E5 FF F3 12 34 06 FB C6 00 00 00 D5,1100,1100,150,4660,2026-07-30 23:28:14.676,1787,-27,-13,
FF FF FF FF 00 25 08 48 20 01 01 02 00 00 04 4C 00 00 04 4C 00 00 00 98 FF DC FF EF 12 34 06 FC CA 00 00 00 FA,1100,1100,152,4660,2026-07-30 23:28:14.767,1788,-36,-17,
FF FF FF FF 00 25 08 49 20 01 01 02 00 00 04 4C 00 00 04 4C 00 00 00 90 FF DB FF EF 12 34 06 FD BE 00 00 00 81,1100,1100,144,4660,2026-07-30 23:28:14.871,1789,-37,-17,
FF FF FF FF 00 25 08 4A 20 01 01 02 00 00 04 4C 00 00 04 4C 00 00 00 8E FF DE FF E8 12 34 06 FE BC 00 00 00 9F,1100,1100,142,4660,2026-07-30 23:28:14.975,1790,-34,-24,
FF FF FF FF 00 25 08 4B 20 01 01 02 00 00 04 4C 00 00 04 4C 00 00 00 87 FF DF FF F7 12 34 06 FF BA 00 00 00 8E,1100,1100,135,4660,2026-07-30 23:28:15.072,1791,-33,-9,
FF FF FF FF 00 25 08 4C 20 01 01 02 00 00 04 4C 00 00 04 4C 00 00 00 8B FF EC FF F2 12 34 07 00 BC 00 00 00 4B,1100,1100,139,4660,2026-07-30 23:28:15.175,1792,-20,-14,
FF FF FF FF 00 25 08 4D 20 01 01 02 00 00 04 4C 00 00 04 4C 00 00 00 97 FF E5 FF F1 12 34 07 01 BF 00 00 00 5E,1100,1100,151,4660,2026-07-30 23:28:15.270,1793,-27,-15,
FF FF FF FF 00 25 08 4E 20 01 01 02 00 00 04 4C 00 00 04 4C 00 00 00 8E FF D4 FF F4 12 34 07 02 BB 00 00 00 77,1100,1100,142,4660,2026-07-30 23:28:15.371,1794,-44,-12,
FF FF FF FF 00 25 08 4F 20 01 01 02 00 00 04 4C 00 00 04 4C 00 00 00 8B FF DC 00 05 12 34 07 03 C3 00 00 00 0C,1100,1100,139,4660,2026-07-30 23:28:15.464,1795,-36,5,
FF FF FF FF 00 25 08 50 20 01 01 02 00 00 04 4C 00 00 04 4C 00 00 00 86 FF E1 00 0A 12 34 07 04 C4 00 00 00 2C,1100,1100,134,4660,2026-07-30 23:28:15.565,1796,-31,10,
FF FF FF FF 00 25 08 51 20 01 01 02 00 00 04 4C 00 00 04 4C 00 00 00 8A FF E4 00 0C 12 34 07 05 C0 00 00 00 27,1100,1100,138,4660,2026-07-30 23:28:15.676,1797,-28,12,
FF FF FF FF 00 25 08 52 20 01 01 02 00 00 04 4C 00 00 04 4C 00 00 00 8F FF E5 00 0C 12 34 07 06 C3 00 00 00 20,1100,1100,143,4660,2026-07-30 23:28:15.773,1798,-27,12,
FF FF FF FF 00 25 08 53 20 01 01 02 00 00 04 4C 00 00 04 4C 00 00 00 88 FF E5 00 07 12 34 07 07 C2 00 00 00 2D,1100,1100,136,4660,2026-07-30 23:28:15.870,1799,-27,7,
FF FF FF FF 00 25 08 54 20 01 01 02 00 00 04 4C 00 00 04 4C 00 00 00 84 FF E0 00 12 12 34 07 08 C5 00 00 00 3E,1100,1100,132,4660,2026-07-30 23:28:15.974,1800,-32,18,
FF FF FF FF 00 25 08 55 20 01 01 02 00 00 04 4C 00 00 04 4C 00 00 00 7F FF E3 00 16 12 34 07 09 C5 00 00 00 C2,1100,1100,127,4660,2026-07-30 23:28:16.065,1801,-29,22,
FF FF FF FF 00 25 08 56 20 01 01 02 00 00 04 4C 00 00 04 4C 00 00 00 7E FF E6 00 16 12 34 07 0A C4 00 00 00 C7,1100,1100,126,4660,2026-07-30 23:28:16.169,1802,-26,22,
FF FF FF FF 00 25 08 57 20 01 01 02 00 00 04 4C 00 00 04 4C 00 00 00 7E FF E5 00 15 12 34 07 0B C4 00 00 00 C7,1100,1100,126,4660,2026-07-30 23:28:16.266,1803,-27,21,
FF FF FF FF 00 25 08 58 20 01 01 02 00 00 04 4C 00 00 04 4C 00 00 00 79 FF EA 00 15 12 34 07 0C BC 00 00 00 BF,1100,1100,121,4660,2026-07-30 23:28:16.370,1804,-22,21,
FF FF FF FF 00 25 08 59 20 01 01 02 00 00 04 4C 00 00 04 4C 00 00 00 78 FF EA 00 13 12 34 07 0D C6 00 00 00 C2,1100,1100,120,4660,2026-07-30 23:28:16.474,1805,-22,19,
FF FF FF FF 00 25 08 5A 20 01 01 02 00 00 04 4C 00 00 04 4C 00 00 00 76 FF E9 00 14 12 34 07 0E C3 00 00 00 CD,1100,1100,118,4660,2026-07-30 23:28:16.571,1806,-23,20,
FF FF FF FF 00 25 08 5B 20 01 01 02 00 00 04 4C 00 00 04 4C 00 00 00 73 FF E7 00 13 12 34 07 0F C7 00 00 00 C5,1100,1100,115,4660,2026-07-30 23:28:16.676,1807,-25,19,
FF FF FF FF 00 25 08 5C 20 01 01 02 00 00 04 4C 00 00 04 4C 00 00 00 6E FF E3 00 13 12 34 07 10 C0 00 00 00 C3,1100,1100,110,4660,2026-07-30 23:28:16.767,1808,-29,19,
FF FF FF FF 00 25 08 5D 20 01 01 02 00 00 04 4C 00 00 04 4C 00 00 00 63 FF E1 00 13 12 34 07 11 BE 00 00 00 B2,1100,1100,99,4660,2026-07-30 23:28:16.870,1809,-31,19,
FF FF FF FF 00 25 08 5E 20 01 01 02 00 00 04 4C 00 00 04 4C 00 00 00 5A FF E0 00 13 12 34 07 12 BF 00 00 00 8B,1100,1100,90,4660,2026-07-30 23:28:16.968,1810,-32,19,
FF FF FF FF 00 25 08 5F 20 01 01 02 00 00 04 4C 00 00 04 4C 00 00 00 54 FF E1 00 14 12 34 07 13 CA 00 00 00 F6,1100,1100,84,4660,2026-07-30 23:28:17.064,1811,-31,20,
FF FF FF FF 00 25 08 60 20 01 01 02 00 00 04 4C 00 00 04 4C 00 00 00 4D FF E8 00 17 12 34 07 14 CD 00 00 00 DA,1100,1100,77,4660,2026-07-30 23:28:17.176,1812,-24,23,
FF FF FF FF 00 25 08 61 20 01 01 02 00 00 04 4C 00 00 04 4C 00 00 00 4B FF F1 00 18 12 34 07 15 CA 00 00 00 CD,1100,1100,75,4660,2026-07-30 23:28:17.266,1813,-15,24,
FF FF FF FF 00 25 08 62 20 01 01 02 00 00 04 4C 00 00 04 4C 00 00 00 4D FF F5 00 1B 12 34 07 16 CD 00 00 00 CB,1100,1100,77,4660,2026-07-30 23:28:17.377,1814,-11,27,
FF FF FF FF 00 25 08 63 20 01 01 02 00 00 04 4C 00 00 04 4C 00 00 00 4E FF F6 00 1E 12 34 07 17 CC 00 00 00 CF,1100,1100,78,4660,2026-07-30 23:28:17.471,1815,-10,30,
FF FF FF FF 00 25 08 64 20 01 01 02 00 00 04 4C 00 00 04 4C 00 00 00 4F FF ED 00 2E 12 34 07 18 CB 00 00 00 EA,1100,1100,79,4660,2026-07-30 23:28:17.579,1816,-19,46,
FF FF FF FF 00 25 08 65 20 01 01 02 00 00 04 4C 00 00 04 4C 00 00 00 4E FF DD 00 3A 12 34 07 19 C4 00 00 00 C0,1100,1100,78,4660,2026-07-30 23:28:17.670,1817,-35,58,
FF FF FF FF 00 25 08 66 20 01 01 02 00 00 04 4C 00 00 04 4C 00 00 00 52 FF E5 00 31 12 34 07 1A CD 00 00 00 E6,1100,1100,82,4660,2026-07-30 23:28:17.767,1818,-27,49,
FF FF FF FF 00 25 08 67 20 01 01 02 00 00 04 4C 00 00 04 4C 00 00 00 50 FF E7 00 2B 12 34 07 1B C5 00 00 00 F4,1100,1100,80,4660,2026-07-30 23:28:17.863,1819,-25,43,
FF FF FF FF 00 25 08 68 20 01 01 02 00 00 04 4C 00 00 04 4C 00 00 00 51 FF DE 00 26 12 34 07 1C C7 00 00 00 CB,1100,1100,81,4660,2026-07-30 23:28:17.974,1820,-34,38,
FF FF FF FF 00 25 08 69 20 01 01 02 00 00 04 4C 00 00 04 4C 00 00 00 5E FF DB 00 24 12 34 07 1D C0 00 00 00 C4,1100,1100,94,4660,2026-07-30 23:28:18.074,1821,-37,36,
FF FF FF FF 00 25 08 6A 20 01 01 02 00 00 04 4C 00 00 04 4C 00 00 00 5D FF CD 00 27 12 34 07 1E C4 00 00 00 D6,1100,1100,93,4660,2026-07-30 23:28:18.176,1822,-51,39,
FF FF FF FF 00 25 08 6B 20 01 01 02 00 00 04 4C 00 00 04 4C 00 00 00 60 FF DE 00 1E 12 34 07 1F BF 00 00 00 BA,1100,1100,96,4660,2026-07-30 23:28:18.273,1823,-34,30,
FF FF FF FF 00 25 08 6C 20 01 01 02 00 00 04 4C 00 00 04 4C 00 00 00 63 FF DC 00 1C 12 34 07 20 C5 00 00 00 FB,1100,1100,99,4660,2026-07-30 23:28:18.364,1824,-36,28,
FF FF FF FF 00 25 08 6D 20 01 01 02 00 00 04 4C 00 00 04 4C 00 00 00 64 FF E0 00 1C 12 34 07 21 C7 00 00 00 C2,1100,1100,100,4660,2026-07-30 23:28:18.469,1825,-32,28,
FF FF FF FF 00 25 08 6E 20 01 01 02 00 00 04 4C 00 00 04 4C 00 00 00 65 FF E2 00 1B 12 34 07 22 C8 00 00 00 C9,1100,1100,101,4660,2026-07-30 23:28:18.564,1826,-30,27,
