SourceData,TagID,SiteID,NowDis,State,CreateTimeStr,Sn,Azimuth,Elevation,
FF FF FF FF 00 25 00 36 20 01 01 02 00 00 0F 07 00 00 0F 07 00 00 00 5D 01 3A 00 2A 12 34 04 5E 00 00 00 00 01,3847,3847,93,4660,2026-04-09 12:31:35.622,1118,314,42,
FF FF FF FF 00 25 00 37 20 01 01 02 00 00 0F 07 00 00 0F 07 00 00 00 3D 01 2E 00 29 12 34 04 5F 00 00 00 00 76,3847,3847,61,4660,2026-04-09 12:31:35.652,1119,302,41,
FF FF FF FF 00 25 00 38 20 01 01 02 00 00 0F 07 00 00 0F 07 00 00 00 56 01 32 00 2A 12 34 04 5E 00 00 00 00 0C,3847,3847,86,4660,2026-04-09 12:31:35.668,1118,306,42,
FF FF FF FF 00 25 00 39 20 01 01 02 00 00 0F 07 00 00 0F 07 00 00 00 1C 01 2B 00 2F 12 34 04 5F 00 00 00 00 5A,3847,3847,28,4660,2026-04-09 12:31:35.698,1119,299,47,
FF FF FF FF 00 25 00 3A 20 01 01 02 00 00 0F 07 00 00 0F 07 00 00 00 36 01 29 00 2E 12 34 04 60 00 00 00 00 4F,3847,3847,54,4660,2026-04-09 12:31:35.745,1120,297,46,
FF FF FF FF 00 25 00 3B 20 01 01 02 00 00 0F 07 00 00 0F 07 00 00 00 40 01 27 00 2D 12 34 04 61 00 00 00 00 34,3847,3847,64,4660,2026-04-09 12:31:35.775,1121,295,45,
FF FF FF FF 00 25 00 3C 20 01 01 02 00 00 0F 07 00 00 0F 07 00 00 00 52 01 2B 00 2D 12 34 04 60 00 00 00 00 2C,3847,3847,82,4660,2026-04-09 12:31:35.791,1120,299,45,
FF FF FF FF 00 25 00 3D 20 01 01 02 00 00 0F 07 00 00 0F 07 00 00 00 67 01 2F 00 2A 12 34 04 61 00 00 00 00 1A,3847,3847,103,4660,2026-04-09 12:31:36.502,1121,303,42,
FF FF FF FF 00 25 00 35 20 01 01 02 00 00 0F 07 00 00 0F 07 00 00 00 42 01 4A 00 2A 12 34 04 5D 00 00 00 00 6E,3847,3847,68,4660,2026-04-09 12:31:37.492,1122,301,42,
FF FF FF FF 00 25 00 3E 20 01 01 02 00 00 0F 07 00 00 0F 07 00 00 00 44 01 2D 00 2A 12 34 04 62 00 00 00 00 3B,3847,3847,68,4660,2026-04-09 12:31:37.492,1122,301,42,
FF FF FF FF 00 25 00 56 20 01 01 02 00 00 0F 0B 00 00 0F 0B 00 00 00 70 01 2E FF CB 12 34 00 08 00 00 00 00 14,3851,3851,112,4660,2026-04-09 13:23:30.990,8,302,-53,
FF FF FF FF 00 25 00 57 20 01 01 02 00 00 0F 0B 00 00 0F 0B 00 00 00 6F 01 1F FF CA 12 34 00 09 00 00 00 00 3B,3851,3851,111,4660,2026-04-09 13:23:31.021,9,287,-54,
FF FF FF FF 00 25 00 58 20 01 01 02 00 00 0F 0B 00 00 0F 0B 00 00 00 6D 01 15 FF C9 12 34 00 0A 00 00 00 00 3C,3851,3851,109,4660,2026-04-09 13:23:31.052,10,277,-55,
FF FF FF FF 00 25 00 59 20 01 01 02 00 00 0F 0B 00 00 0F 0B 00 00 00 6B 01 0C FF C9 12 34 00 0B 00 00 00 00 23,3851,3851,107,4660,2026-04-09 13:23:31.067,11,268,-55,
FF FF FF FF 00 25 00 5A 20 01 01 02 00 00 0F 0B 00 00 0F 0B 00 00 00 69 01 05 FF CA 12 34 00 0C 00 00 00 00 2F,3851,3851,105,4660,2026-04-09 13:23:31.098,12,261,-54,
FF FF FF FF 00 25 00 5B 20 01 01 02 00 00 0F 0B 00 00 0F 0B 00 00 00 69 01 00 FF CC 12 34 00 0D 00 00 00 00 2C,3851,3851,105,4660,2026-04-09 13:23:31.145,13,256,-52,
FF FF FF FF 00 25 00 5C 20 01 01 02 00 00 0F 0B 00 00 0F 0B 00 00 00 68 00 FC FF CE 12 34 00 0E 00 00 00 00 D6,3851,3851,104,4660,2026-04-09 13:23:31.176,14,252,-50,
FF FF FF FF 00 25 00 5D 20 01 01 02 00 00 0F 0B 00 00 0F 0B 00 00 00 61 00 F7 FF D3 12 34 00 0F 00 00 00 00 C9,3851,3851,97,4660,2026-04-09 13:23:31.191,15,247,-45,
FF FF FF FF 00 25 00 5E 20 01 01 02 00 00 0F 0B 00 00 0F 0B 00 00 00 5F 00 F4 FF D6 12 34 00 10 00 00 00 00 ED,3851,3851,95,4660,2026-04-09 13:23:31.222,16,244,-42,
FF FF FF FF 00 25 00 55 20 01 01 02 00 00 0F 0B 00 00 0F 0B 00 00 00 72 01 4A FF CF 12 34 00 07 00 00 00 00 7A,3851,3851,95,4660,2026-04-09 13:23:31.222,16,244,-42,
FF FF FF FF 00 25 00 5F 20 01 01 02 00 00 0F 0B 00 00 0F 0B 00 00 00 63 00 F3 FF D6 12 34 00 11 00 00 00 00 D6,3851,3851,99,4660,2026-04-09 13:23:31.270,17,243,-42,
FF FF FF FF 00 25 00 60 20 01 01 02 00 00 0F 0B 00 00 0F 0B 00 00 00 61 00 F1 FF D5 12 34 00 12 00 00 00 00 E9,3851,3851,97,4660,2026-04-09 13:23:31.301,18,241,-43,
FF FF FF FF 00 25 00 61 20 01 01 02 00 00 0F 0B 00 00 0F 0B 00 00 00 60 00 F0 FF D6 12 34 00 13 00 00 00 00 EA,3851,3851,96,4660,2026-04-09 13:23:31.317,19,240,-42,
FF FF FF FF 00 25 00 62 20 01 01 02 00 00 0F 0B 00 00 0F 0B 00 00 00 5C 00 EE FF D8 12 34 00 14 00 00 00 00 C2,3851,3851,92,4660,2026-04-09 13:23:31.349,20,238,-40,
FF FF FF FF 00 25 00 63 20 01 01 02 00 00 0F 0B 00 00 0F 0B 00 00 00 5C 00 EC FF D9 12 34 00 15 00 00 00 00 C1,3851,3851,92,4660,2026-04-09 13:23:31.396,21,236,-39,
FF FF FF FF 00 25 00 64 20 01 01 02 00 00 0F 0B 00 00 0F 0B 00 00 00 60 00 EC FF D9 12 34 00 16 00 00 00 00 F9,3851,3851,96,4660,2026-04-09 13:23:31.426,22,236,-39,
FF FF FF FF 00 25 00 65 20 01 01 02 00 00 0F 0B 00 00 0F 0B 00 00 00 5E 00 EA FF DA 12 34 00 17 00 00 00 00 C2,3851,3851,94,4660,2026-04-09 13:23:31.441,23,234,-38,
FF FF FF FF 00 25 00 66 20 01 01 02 00 00 0F 0B 00 00 0F 0B 00 00 00 5E 00 EA FF DB 12 34 00 18 00 00 00 00 CF,3851,3851,94,4660,2026-04-09 13:23:31.472,24,234,-37,
FF FF FF FF 00 25 00 67 20 01 01 02 00 00 0F 0B 00 00 0F 0B 00 00 00 62 00 E9 FF DA 12 34 00 19 00 00 00 00 F1,3851,3851,98,4660,2026-04-09 13:23:31.503,25,233,-38,
FF FF FF FF 00 25 00 68 20 01 01 02 00 00 0F 0B 00 00 0F 0B 00 00 00 62 00 E9 FF DA 12 34 00 1A 00 00 00 00 FD,3851,3851,98,4660,2026-04-09 13:23:31.519,26,233,-38,
FF FF FF FF 00 25 00 69 20 01 01 02 00 00 0F 0B 00 00 0F 0B 00 00 00 62 00 E9 FF DA 12 34 00 1B 00 00 00 00 FD,3851,3851,98,4660,2026-04-09 13:23:31.550,27,233,-38,
FF FF FF FF 00 25 00 6A 20 01 01 02 00 00 0F 0B 00 00 0F 0B 00 00 00 63 00 E9 FF D9 12 34 00 1C 00 00 00 00 FB,3851,3851,99,4660,2026-04-09 13:23:31.565,28,233,-39,
FF FF FF FF 00 25 00 6B 20 01 01 02 00 00 0F 0B 00 00 0F 0B 00 00 00 63 00 E9 FF D9 12 34 00 1D 00 00 00 00 FB,3851,3851,99,4660,2026-04-09 13:23:31.597,29,233,-39,
FF FF FF FF 00 25 00 6C 20 01 01 02 00 00 0F 0B 00 00 0F 0B 00 00 00 62 00 E9 FF D8 12 34 00 1E 00 00 00 00 FF,3851,3851,98,4660,2026-04-09 13:23:31.628,30,233,-40,
FF FF FF FF 00 25 00 6D 20 01 01 02 00 00 0F 0B 00 00 0F 0B 00 00 00 61 00 E8 FF D8 12 34 00 1F 00 00 00 00 FD,3851,3851,97,4660,2026-04-09 13:23:31.644,31,232,-40,
FF FF FF FF 00 25 00 6E 20 01 01 02 00 00 0F 0B 00 00 0F 0B 00 00 00 61 00 E8 FF D8 12 34 00 20 00 00 00 00 C1,3851,3851,97,4660,2026-04-09 13:23:31.676,32,232,-40,
FF FF FF FF 00 25 00 6F 20 01 01 02 00 00 0F 0B 00 00 0F 0B 00 00 00 60 00 E8 FF D7 12 34 00 21 00 00 00 00 CF,3851,3851,96,4660,2026-04-09 13:23:31.691,33,232,-41,
FF FF FF FF 00 25 00 70 20 01 01 02 00 00 0F 0B 00 00 0F 0B 00 00 00 60 00 E9 FF D6 12 34 00 22 00 00 00 00 D3,3851,3851,96,4660,2026-04-09 13:23:31.722,34,233,-42,
FF FF FF FF 00 25 00 71 20 01 01 02 00 00 0F 0B 00 00 0F 0B 00 00 00 5F 00 E9 FF D5 12 34 00 23 00 00 00 00 EF,3851,3851,95,4660,2026-04-09 13:23:31.770,35,233,-43,
FF FF FF FF 00 25 00 72 20 01 01 02 00 00 0F 0B 00 00 0F 0B 00 00 00 5E 00 E9 FF D4 12 34 00 24 00 00 00 00 EB,3851,3851,94,4660,2026-04-09 13:23:31.800,36,233,-44,
FF FF FF FF 00 25 00 73 20 01 01 02 00 00 0F 0B 00 00 0F 0B 00 00 00 5F 00 E9 FF D3 12 34 00 25 00 00 00 00 ED,3851,3851,95,4660,2026-04-09 13:23:31.816,37,233,-45,
FF FF FF FF 00 25 00 74 20 01 01 02 00 00 0F 0B 00 00 0F 0B 00 00 00 5F 00 E9 FF D2 12 34 00 26 00 00 00 00 E8,3851,3851,95,4660,2026-04-09 13:23:31.848,38,233,-46,
FF FF FF FF 00 25 00 75 20 01 01 02 00 00 0F 0B 00 00 0F 0B 00 00 00 5F 00 E9 FF D2 12 34 00 27 00 00 00 00 E8,3851,3851,95,4660,2026-04-09 13:23:31.895,39,233,-46,
FF FF FF FF 00 25 00 76 20 01 01 02 00 00 0F 0B 00 00 0F 0B 00 00 00 5E 00 E9 FF D1 12 34 00 28 00 00 00 00 E6,3851,3851,94,4660,2026-04-09 13:23:31.927,40,233,-47,
FF FF FF FF 00 25 00 77 20 01 01 02 00 00 0F 0B 00 00 0F 0B 00 00 00 5E 00 E9 FF D1 12 34 00 29 00 00 00 00 E6,3851,3851,94,4660,2026-04-09 13:23:31.943,41,233,-47,
FF FF FF FF 00 25 00 78 20 01 01 02 00 00 0F 0B 00 00 0F 0B 00 00 00 5E 00 E9 FF D2 12 34 00 2A 00 00 00 00 E9,3851,3851,94,4660,2026-04-09 13:23:31.974,42,233,-46,
FF FF FF FF 00 25 00 79 20 01 01 02 00 00 0F 0B 00 00 0F 0B 00 00 00 5F 00 E9 FF D1 12 34 00 2B 00 00 00 00 EB,3851,3851,95,4660,2026-04-09 13:23:32.020,43,233,-47,
FF FF FF FF 00 25 00 7A 20 01 01 02 00 00 0F 0B 00 00 0F 0B 00 00 00 5F 00 E9 FF D2 12 34 00 2C 00 00 00 00 EC,3851,3851,95,4660,2026-04-09 13:23:32.051,44,233,-46,
FF FF FF FF 00 25 00 7B 20 01 01 02 00 00 0F 0B 00 00 0F 0B 00 00 00 60 00 E9 FF D2 12 34 00 2D 00 00 00 00 D3,3851,3851,96,4660,2026-04-09 13:23:32.067,45,233,-46,
FF FF FF FF 00 25 00 7C 20 01 01 02 00 00 0F 0B 00 00 0F 0B 00 00 00 61 00 E9 FF D2 12 34 00 2E 00 00 00 00 D6,3851,3851,97,4660,2026-04-09 13:23:32.098,46,233,-46,
FF FF FF FF 00 25 00 7D 20 01 01 02 00 00 0F 0B 00 00 0F 0B 00 00 00 61 00 E9 FF D2 12 34 00 2F 00 00 00 00 D6,3851,3851,97,4660,2026-04-09 13:23:32.128,47,233,-46,
FF FF FF FF 00 25 00 7E 20 01 01 02 00 00 0F 0B 00 00 0F 0B 00 00 00 61 00 E9 FF D2 12 34 00 30 00 00 00 00 CA,3851,3851,97,4660,2026-04-09 13:23:32.144,48,233,-46,
FF FF FF FF 00 25 00 7F 20 01 01 02 00 00 0F 0B 00 00 0F 0B 00 00 00 62 00 E9 FF D2 12 34 00 31 00 00 00 00 C9,3851,3851,98,4660,2026-04-09 13:23:32.175,49,233,-46,
FF FF FF FF 00 25 00 80 20 01 01 02 00 00 0F 0B 00 00 0F 0B 00 00 00 62 00 E9 FF D2 12 34 00 32 00 00 00 00 35,3851,3851,98,4660,2026-04-09 13:23:32.190,50,233,-46,
FF FF FF FF 00 25 00 81 20 01 01 02 00 00 0F 0B 00 00 0F 0B 00 00 00 62 00 E9 FF D2 12 34 00 33 00 00 00 00 35,3851,3851,98,4660,2026-04-09 13:23:32.221,51,233,-46,
FF FF FF FF 00 25 00 82 20 01 01 02 00 00 0F 0B 00 00 0F 0B 00 00 00 62 00 E9 FF D2 12 34 00 34 00 00 00 00 31,3851,3851,98,4660,2026-04-09 13:23:32.253,52,233,-46,
FF FF FF FF 00 25 00 83 20 01 01 02 00 00 0F 0B 00 00 0F 0B 00 00 00 61 00 E9 FF D2 12 34 00 35 00 00 00 00 32,3851,3851,97,4660,2026-04-09 13:23:32.268,53,233,-46,
FF FF FF FF 00 25 00 84 20 01 01 02 00 00 0F 0B 00 00 0F 0B 00 00 00 61 00 E9 FF D2 12 34 00 36 00 00 00 00 36,3851,3851,97,4660,2026-04-09 13:23:32.299,54,233,-46,
FF FF FF FF 00 25 00 85 20 01 01 02 00 00 0F 0B 00 00 0F 0B 00 00 00 61 00 E9 FF D2 12 34 00 37 00 00 00 00 36,3851,3851,97,4660,2026-04-09 13:23:32.345,55,233,-46,
FF FF FF FF 00 25 00 86 20 01 01 02 00 00 0F 0B 00 00 0F 0B 00 00 00 61 00 E8 FF D2 12 34 00 38 00 00 00 00 3B,3851,3851,97,4660,2026-04-09 13:23:32.376,56,232,-46,
FF FF FF FF 00 25 00 87 20 01 01 02 00 00 0F 0B 00 00 0F 0B 00 00 00 62 00 E8 FF D2 12 34 00 39 00 00 00 00 38,3851,3851,98,4660,2026-04-09 13:23:32.391,57,232,-46,
FF FF FF FF 00 25 00 88 20 01 01 02 00 00 0F 0B 00 00 0F 0B 00 00 00 62 00 E8 FF D2 12 34 00 3A 00 00 00 00 34,3851,3851,98,4660,2026-04-09 13:23:32.423,58,232,-46,
FF FF FF FF 00 25 00 89 20 01 01 02 00 00 0F 0B 00 00 0F 0B 00 00 00 62 00 E9 FF D1 12 34 00 3B 00 00 00 00 36,3851,3851,98,4660,2026-04-09 13:23:32.469,59,233,-47,
FF FF FF FF 00 25 00 8A 20 01 01 02 00 00 0F 0B 00 00 0F 0B 00 00 00 61 00 E9 FF D1 12 34 00 3C 00 00 00 00 31,3851,3851,97,4660,2026-04-09 13:23:32.500,60,233,-47,
FF FF FF FF 00 25 00 8B 20 01 01 02 00 00 0F 0B 00 00 0F 0B 00 00 00 61 00 E9 FF D1 12 34 00 3D 00 00 00 00 31,3851,3851,97,4660,2026-04-09 13:23:32.516,61,233,-47,
FF FF FF FF 00 25 00 8C 20 01 01 02 00 00 0F 0B 00 00 0F 0B 00 00 00 62 00 E9 FF D2 12 34 00 3E 00 00 00 00 35,3851,3851,98,4660,2026-04-09 13:23:32.547,62,233,-46,
FF FF FF FF 00 25 00 8D 20 01 01 02 00 00 0F 0B 00 00 0F 0B 00 00 00 62 00 E9 FF D2 12 34 00 3F 00 00 00 00 35,3851,3851,98,4660,2026-04-09 13:23:32.578,63,233,-46,
FF FF FF FF 00 25 00 8E 20 01 01 02 00 00 0F 0B 00 00 0F 0B 00 00 00 61 00 E9 FF D2 12 34 00 40 00 00 00 00 4A,3851,3851,97,4660,2026-04-09 13:23:32.594,64,233,-46,
FF FF FF FF 00 25 00 8F 20 01 01 02 00 00 0F 0B 00 00 0F 0B 00 00 00 61 00 E9 FF D2 12 34 00 41 00 00 00 00 4A,3851,3851,97,4660,2026-04-09 13:23:32.626,65,233,-46,
FF FF FF FF 00 25 00 90 20 01 01 02 00 00 0F 0B 00 00 0F 0B 00 00 00 62 00 EA FF D2 12 34 00 42 00 00 00 00 56,3851,3851,98,4660,2026-04-09 13:23:32.641,66,234,-46,
FF FF FF FF 00 25 00 91 20 01 01 02 00 00 0F 0B 00 00 0F 0B 00 00 00 61 00 EA FF D2 12 34 00 43 00 00 00 00 55,3851,3851,97,4660,2026-04-09 13:23:32.673,67,234,-46,
FF FF FF FF 00 25 00 92 20 01 01 02 00 00 0F 0B 00 00 0F 0B 00 00 00 61 00 EA FF D2 12 34 00 44 00 00 00 00 51,3851,3851,97,4660,2026-04-09 13:23:32.719,68,234,-46,
FF FF FF FF 00 25 00 93 20 01 01 02 00 00 0F 0B 00 00 0F 0B 00 00 00 61 00 EA FF D2 12 34 00 45 00 00 00 00 51,3851,3851,97,4660,2026-04-09 13:23:32.750,69,234,-46,
FF FF FF FF 00 25 00 94 20 01 01 02 00 00 0F 0B 00 00 0F 0B 00 00 00 61 00 EA FF D2 12 34 00 46 00 00 00 00 55,3851,3851,97,4660,2026-04-09 13:23:32.765,70,234,-46,
FF FF FF FF 00 25 00 95 20 01 01 02 00 00 0F 0B 00 00 0F 0B 00 00 00 61 00 EA FF D1 12 34 00 47 00 00 00 00 56,3851,3851,97,4660,2026-04-09 13:23:32.797,71,234,-47,
FF FF FF FF 00 25 00 96 20 01 01 02 00 00 0F 0B 00 00 0F 0B 00 00 00 61 00 E9 FF D1 12 34 00 48 00 00 00 00 59,3851,3851,97,4660,2026-04-09 13:23:32.828,72,233,-47,
FF FF FF FF 00 25 00 97 20 01 01 02 00 00 0F 0B 00 00 0F 0B 00 00 00 61 00 EA FF D1 12 34 00 49 00 00 00 00 5A,3851,3851,97,4660,2026-04-09 13:23:32.843,73,234,-47,
FF FF FF FF 00 25 00 98 20 01 01 02 00 00 0F 0B 00 00 0F 0B 00 00 00 61 00 E9 FF D1 12 34 00 4A 00 00 00 00 55,3851,3851,97,4660,2026-04-09 13:23:32.874,74,233,-47,
FF FF FF FF 00 25 00 99 20 01 01 02 00 00 0F 0B 00 00 0F 0B 00 00 00 61 00 E9 FF D1 12 34 00 4B 00 00 00 00 55,3851,3851,97,4660,2026-04-09 13:23:32.890,75,233,-47,
FF FF FF FF 00 25 00 9A 20 01 01 02 00 00 0F 0B 00 00 0F 0B 00 00 00 60 00 E9 FF D1 12 34 00 4C 00 00 00 00 50,3851,3851,96,4660,2026-04-09 13:23:32.921,76,233,-47,
FF FF FF FF 00 25 00 9B 20 01 01 02 00 00 0F 0B 00 00 0F 0B 00 00 00 61 00 E9 FF D0 12 34 00 4D 00 00 00 00 50,3851,3851,97,4660,2026-04-09 13:23:32.952,77,233,-48,
FF FF FF FF 00 25 00 9C 20 01 01 02 00 00 0F 0B 00 00 0F 0B 00 00 00 60 00 EA FF D0 12 34 00 4E 00 00 00 00 56,3851,3851,96,4660,2026-04-09 13:23:32.967,78,234,-48,
FF FF FF FF 00 25 00 9D 20 01 01 02 00 00 0F 0B 00 00 0F 0B 00 00 00 61 00 EA FF D0 12 34 00 4F 00 00 00 00 57,3851,3851,97,4660,2026-04-09 13:23:32.999,79,234,-48,
FF FF FF FF 00 25 00 9E 20 01 01 02 00 00 0F 0B 00 00 0F 0B 00 00 00 60 00 EA FF D0 12 34 00 50 00 00 00 00 4A,3851,3851,96,4660,2026-04-09 13:23:33.046,80,234,-48,
FF FF FF FF 00 25 00 9F 20 01 01 02 00 00 0F 0B 00 00 0F 0B 00 00 00 61 00 EA FF D0 12 34 00 51 00 00 00 00 4B,3851,3851,97,4660,2026-04-09 13:23:33.077,81,234,-48,
FF FF FF FF 00 25 00 A0 20 01 01 02 00 00 0F 0B 00 00 0F 0B 00 00 00 60 00 E9 FF CF 12 34 00 52 00 00 00 00 6A,3851,3851,96,4660,2026-04-09 13:23:33.092,82,233,-49,
FF FF FF FF 00 25 00 A1 20 01 01 02 00 00 0F 0B 00 00 0F 0B 00 00 00 60 00 E9 FF CF 12 34 00 53 00 00 00 00 6A,3851,3851,96,4660,2026-04-09 13:23:33.123,83,233,-49,
FF FF FF FF 00 25 00 A2 20 01 01 02 00 00 0F 0B 00 00 0F 0B 00 00 00 61 00 E9 FF CF 12 34 00 54 00 00 00 00 6F,3851,3851,97,4660,2026-04-09 13:23:33.170,84,233,-49,
FF FF FF FF 00 25 00 A3 20 01 01 02 00 00 0F 0B 00 00 0F 0B 00 00 00 60 00 E9 FF CF 12 34 00 55 00 00 00 00 6E,3851,3851,96,4660,2026-04-09 13:23:33.202,85,233,-49,
FF FF FF FF 00 25 00 A4 20 01 01 02 00 00 0F 0B 00 00 0F 0B 00 00 00 61 00 EA FF CF 12 34 00 56 00 00 00 00 68,3851,3851,97,4660,2026-04-09 13:23:33.217,86,234,-49,
FF FF FF FF 00 25 00 A5 20 01 01 02 00 00 0F 0B 00 00 0F 0B 00 00 00 60 00 EA FF CF 12 34 00 57 00 00 00 00 69,3851,3851,96,4660,2026-04-09 13:23:33.248,87,234,-49,
FF FF FF FF 00 25 00 A6 20 01 01 02 00 00 0F 0B 00 00 0F 0B 00 00 00 60 00 EA FF CF 12 34 00 58 00 00 00 00 65,3851,3851,96,4660,2026-04-09 13:23:33.279,88,234,-49,
FF FF FF FF 00 25 00 A7 20 01 01 02 00 00 0F 0B 00 00 0F 0B 00 00 00 61 00 EA FF CF 12 34 00 59 00 00 00 00 64,3851,3851,97,4660,2026-04-09 13:23:33.294,89,234,-49,
FF FF FF FF 00 25 00 A8 20 01 01 02 00 00 0F 0B 00 00 0F 0B 00 00 00 60 00 EA FF CF 12 34 00 5A 00 00 00 00 69,3851,3851,96,4660,2026-04-09 13:23:33.325,90,234,-49,
FF FF FF FF 00 25 00 A9 20 01 01 02 00 00 0F 0B 00 00 0F 0B 00 00 00 60 00 E9 FF CF 12 34 00 5B 00 00 00 00 6A,3851,3851,96,4660,2026-04-09 13:23:33.340,91,233,-49,
FF FF FF FF 00 25 00 AA 20 01 01 02 00 00 0F 0B 00 00 0F 0B 00 00 00 60 00 E9 FF CF 12 34 00 5C 00 00 00 00 6E,3851,3851,96,4660,2026-04-09 13:23:33.372,92,233,-49,
FF FF FF FF 00 25 00 AB 20 01 01 02 00 00 0F 0B 00 00 0F 0B 00 00 00 60 00 E9 FF CF 12 34 00 5D 00 00 00 00 6E,3851,3851,96,4660,2026-04-09 13:23:33.403,93,233,-49,
FF FF FF FF 00 25 00 AC 20 01 01 02 00 00 0F 0B 00 00 0F 0B 00 00 00 60 00 E9 FF CF 12 34 00 5E 00 00 00 00 6A,3851,3851,96,4660,2026-04-09 13:23:33.418,94,233,-49,
FF FF FF FF 00 25 00 AD 20 01 01 02 00 00 0F 0B 00 00 0F 0B 00 00 00 60 00 E9 FF CE 12 34 00 5F 00 00 00 00 6B,3851,3851,96,4660,2026-04-09 13:23:33.450,95,233,-50,
FF FF FF FF 00 25 00 AE 20 01 01 02 00 00 0F 0B 00 00 0F 0B 00 00 00 61 00 E9 FF CE 12 34 00 60 00 00 00 00 56,3851,3851,97,4660,2026-04-09 13:23:33.465,96,233,-50,
FF FF FF FF 00 25 00 AF 20 01 01 02 00 00 0F 0B 00 00 0F 0B 00 00 00 60 00 E9 FF CF 12 34 00 61 00 00 00 00 56,3851,3851,96,4660,2026-04-09 13:23:33.497,97,233,-49,
FF FF FF FF 00 25 00 A5 20 01 01 02 00 00 0F 0B 00 00 0F 0B 00 00 00 60 00 EA FF CF 12 34 00 57 00 00 00 00 69,3851,3851,96,4660,2026-04-09 13:23:33.248,87,234,-49,
FF FF FF FF 00 25 00 A6 20 01 01 02 00 00 0F 0B 00 00 0F 0B 00 00 00 60 00 EA FF CF 12 34 00 58 00 00 00 00 65,3851,3851,96,4660,2026-04-09 13:23:33.279,88,234,-49,
FF FF FF FF 00 25 00 A7 20 01 01 02 00 00 0F 0B 00 00 0F 0B 00 00 00 61 00 EA FF CF 12 34 00 59 00 00 00 00 64,3851,3851,97,4660,2026-04-09 13:23:33.294,89,234,-49,
FF FF FF FF 00 25 00 A8 20 01 01 02 00 00 0F 0B 00 00 0F 0B 00 00 00 60 00 EA FF CF 12 34 00 5A 00 00 00 00 69,3851,3851,96,4660,2026-04-09 13:23:33.325,90,234,-49,
FF FF FF FF 00 25 00 A9 20 01 01 02 00 00 0F 0B 00 00 0F 0B 00 00 00 60 00 E9 FF CF 12 34 00 5B 00 00 00 00 6A,3851,3851,96,4660,2026-04-09 13:23:33.340,91,233,-49,
FF FF FF FF 00 25 00 AA 20 01 01 02 00 00 0F 0B 00 00 0F 0B 00 00 00 60 00 E9 FF CF 12 34 00 5C 00 00 00 00 6E,3851,3851,96,4660,2026-04-09 13:23:33.372,92,233,-49,
FF FF FF FF 00 25 00 AB 20 01 01 02 00 00 0F 0B 00 00 0F 0B 00 00 00 60 00 E9 FF CF 12 34 00 5D 00 00 00 00 6E,3851,3851,96,4660,2026-04-09 13:23:33.403,93,233,-49,
FF FF FF FF 00 25 00 AC 20 01 01 02 00 00 0F 0B 00 00 0F 0B 00 00 00 60 00 E9 FF CF 12 34 00 5E 00 00 00 00 6A,3851,3851,96,4660,2026-04-09 13:23:33.418,94,233,-49,
FF FF FF FF 00 25 00 AD 20 01 01 02 00 00 0F 0B 00 00 0F 0B 00 00 00 60 00 E9 FF CE 12 34 00 5F 00 00 00 00 6B,3851,3851,96,4660,2026-04-09 13:23:33.450,95,233,-50,
FF FF FF FF 00 25 00 AE 20 01 01 02 00 00 0F 0B 00 00 0F 0B 00 00 00 61 00 E9 FF CE 12 34 00 60 00 00 00 00 56,3851,3851,97,4660,2026-04-09 13:23:33.465,96,233,-50,
FF FF FF FF 00 25 00 AF 20 01 01 02 00 00 0F 0B 00 00 0F 0B 00 00 00 60 00 E9 FF CF 12 34 00 61 00 00 00 00 56,3851,3851,96,4660,2026-04-09 13:23:33.497,97,233,-49,
FF FF FF FF 00 25 00 B0 20 01 01 02 00 00 0F 0B 00 00 0F 0B 00 00 00 60 00 E9 FF CF 12 34 00 62 00 00 00 00 4A,3851,3851,96,4660,2026-04-09 13:23:33.528,98,233,-49,
FF FF FF FF 00 25 00 B1 20 01 01 02 00 00 0F 0B 00 00 0F 0B 00 00 00 5D 00 E9 FF CE 12 34 00 63 00 00 00 00 76,3851,3851,93,4660,2026-04-09 13:23:33.544,99,233,-50,
FF FF FF FF 00 25 00 B2 20 01 01 02 00 00 0F 0B 00 00 0F 0B 00 00 00 5E 00 E9 FF CE 12 34 00 64 00 00 00 00 71,3851,3851,94,4660,2026-04-09 13:23:33.575,100,233,-50,
FF FF FF FF 00 25 00 B3 20 01 01 02 00 00 0F 0B 00 00 0F 0B 00 00 00 5E 00 E9 FF CE 12 34 00 65 00 00 00 00 71,3851,3851,94,4660,2026-04-09 13:23:33.591,101,233,-50,
FF FF FF FF 00 25 00 B4 20 01 01 02 00 00 0F 0B 00 00 0F 0B 00 00 00 5E 00 E9 FF CE 12 34 00 66 00 00 00 00 75,3851,3851,94,4660,2026-04-09 13:23:33.623,102,233,-50,
FF FF FF FF 00 25 00 B5 20 01 01 02 00 00 0F 0B 00 00 0F 0B 00 00 00 5E 00 E9 FF CD 12 34 00 67 00 00 00 00 76,3851,3851,94,4660,2026-04-09 13:23:33.670,103,233,-51,
FF FF FF FF 00 25 00 B6 20 01 01 02 00 00 0F 0B 00 00 0F 0B 00 00 00 5E 00 E9 FF CE 12 34 00 68 00 00 00 00 79,3851,3851,94,4660,2026-04-09 13:23:33.701,104,233,-50,
FF FF FF FF 00 25 00 B7 20 01 01 02 00 00 0F 0B 00 00 0F 0B 00 00 00 5F 00 E9 FF CE 12 34 00 69 00 00 00 00 78,3851,3851,95,4660,2026-04-09 13:23:33.717,105,233,-50,
FF FF FF FF 00 25 00 B8 20 01 01 02 00 00 0F 0B 00 00 0F 0B 00 00 00 5F 00 E9 FF CE 12 34 00 6A 00 00 00 00 74,3851,3851,95,4660,2026-04-09 13:23:33.748,106,233,-50,
FF FF FF FF 00 25 00 B9 20 01 01 02 00 00 0F 0B 00 00 0F 0B 00 00 00 60 00 EA FF CE 12 34 00 6B 00 00 00 00 48,3851,3851,96,4660,2026-04-09 13:23:33.778,107,234,-50,
FF FF FF FF 00 25 00 BA 20 01 01 02 00 00 0F 0B 00 00 0F 0B 00 00 00 60 00 EA FF CD 12 34 00 6C 00 00 00 00 4F,3851,3851,96,4660,2026-04-09 13:23:33.794,108,234,-51,
FF FF FF FF 00 25 00 BB 20 01 01 02 00 00 0F 0B 00 00 0F 0B 00 00 00 60 00 EA FF CD 12 34 00 6D 00 00 00 00 4F,3851,3851,96,4660,2026-04-09 13:23:33.824,109,234,-51,
FF FF FF FF 00 25 00 BC 20 01 01 02 00 00 0F 0B 00 00 0F 0B 00 00 00 60 00 E9 FF CD 12 34 00 6E 00 00 00 00 48,3851,3851,96,4660,2026-04-09 13:23:33.840,110,233,-51,
FF FF FF FF 00 25 00 BD 20 01 01 02 00 00 0F 0B 00 00 0F 0B 00 00 00 60 00 E9 FF CD 12 34 00 6F 00 00 00 00 48,3851,3851,96,4660,2026-04-09 13:23:33.870,111,233,-51,
FF FF FF FF 00 25 00 BE 20 01 01 02 00 00 0F 0B 00 00 0F 0B 00 00 00 61 00 E9 FF CD 12 34 00 70 00 00 00 00 55,3851,3851,97,4660,2026-04-09 13:23:33.901,112,233,-51,
FF FF FF FF 00 25 00 BF 20 01 01 02 00 00 0F 0B 00 00 0F 0B 00 00 00 61 00 E9 FF CD 12 34 00 71 00 00 00 00 55,3851,3851,97,4660,2026-04-09 13:23:33.916,113,233,-51,
FF FF FF FF 00 25 00 C0 20 01 01 02 00 00 0F 0B 00 00 0F 0B 00 00 00 61 00 EA FF CD 12 34 00 72 00 00 00 00 2A,3851,3851,97,4660,2026-04-09 13:23:33.947,114,234,-51,
FF FF FF FF 00 25 00 C1 20 01 01 02 00 00 0F 0B 00 00 0F 0B 00 00 00 61 00 E9 FF CD 12 34 00 73 00 00 00 00 29,3851,3851,97,4660,2026-04-09 13:23:33.979,115,233,-51,
FF FF FF FF 00 25 00 C2 20 01 01 02 00 00 0F 0B 00 00 0F 0B 00 00 00 62 00 E9 FF CD 12 34 00 74 00 00 00 00 2E,3851,3851,98,4660,2026-04-09 13:23:33.994,116,233,-51,
FF FF FF FF 00 25 00 C3 20 01 01 02 00 00 0F 0B 00 00 0F 0B 00 00 00 62 00 E9 FF CE 12 34 00 75 00 00 00 00 2D,3851,3851,98,4660,2026-04-09 13:23:34.025,117,233,-50,
FF FF FF FF 00 25 00 C4 20 01 01 02 00 00 0F 0B 00 00 0F 0B 00 00 00 62 00 E9 FF CE 12 34 00 76 00 00 00 00 29,3851,3851,98,4660,2026-04-09 13:23:34.041,118,233,-50,
FF FF FF FF 00 25 00 C5 20 01 01 02 00 00 0F 0B 00 00 0F 0B 00 00 00 61 00 E9 FF CE 12 34 00 77 00 00 00 00 2A,3851,3851,97,4660,2026-04-09 13:23:34.072,119,233,-50,
FF FF FF FF 00 25 00 C6 20 01 01 02 00 00 0F 0B 00 00 0F 0B 00 00 00 61 00 E9 FF CE 12 34 00 78 00 00 00 00 26,3851,3851,97,4660,2026-04-09 13:23:34.119,120,233,-50,
FF FF FF FF 00 25 00 C7 20 01 01 02 00 00 0F 0B 00 00 0F 0B 00 00 00 60 00 E9 FF CF 12 34 00 79 00 00 00 00 26,3851,3851,96,4660,2026-04-09 13:23:34.150,121,233,-49,
FF FF FF FF 00 25 00 C8 20 01 01 02 00 00 0F 0B 00 00 0F 0B 00 00 00 60 00 E9 FF CE 12 34 00 7A 00 00 00 00 2B,3851,3851,96,4660,2026-04-09 13:23:34.165,122,233,-50,
FF FF FF FF 00 25 00 C9 20 01 01 02 00 00 0F 0B 00 00 0F 0B 00 00 00 61 00 E9 FF CF 12 34 00 7B 00 00 00 00 2B,3851,3851,97,4660,2026-04-09 13:23:34.197,123,233,-49,
FF FF FF FF 00 25 00 CA 20 01 01 02 00 00 0F 0B 00 00 0F 0B 00 00 00 60 00 E9 FF CE 12 34 00 7C 00 00 00 00 2F,3851,3851,96,4660,2026-04-09 13:23:34.228,124,233,-50,
FF FF FF FF 00 25 00 CB 20 01 01 02 00 00 0F 0B 00 00 0F 0B 00 00 00 60 00 E9 FF CE 12 34 00 7D 00 00 00 00 2F,3851,3851,96,4660,2026-04-09 13:23:34.243,125,233,-50,
FF FF FF FF 00 25 00 CC 20 01 01 02 00 00 0F 0B 00 00 0F 0B 00 00 00 5F 00 E9 FF CE 12 34 00 7E 00 00 00 00 14,3851,3851,95,4660,2026-04-09 13:23:34.274,126,233,-50,
FF FF FF FF 00 25 00 CD 20 01 01 02 00 00 0F 0B 00 00 0F 0B 00 00 00 5F 00 E9 FF CE 12 34 00 7F 00 00 00 00 14,3851,3851,95,4660,2026-04-09 13:23:34.290,127,233,-50,
FF FF FF FF 00 25 00 CE 20 01 01 02 00 00 0F 0B 00 00 0F 0B 00 00 00 60 00 E9 FF CE 12 34 00 80 00 00 00 00 D7,3851,3851,96,4660,2026-04-09 13:23:34.321,128,233,-50,
FF FF FF FF 00 25 00 CF 20 01 01 02 00 00 0F 0B 00 00 0F 0B 00 00 00 60 00 E9 FF CE 12 34 00 81 00 00 00 00 D7,3851,3851,96,4660,2026-04-09 13:23:34.352,129,233,-50,
FF FF FF FF 00 25 00 D0 20 01 01 02 00 00 0F 0B 00 00 0F 0B 00 00 00 5F 00 E9 FF CE 12 34 00 82 00 00 00 00 F4,3851,3851,95,4660,2026-04-09 13:23:34.368,130,233,-50,
FF FF FF FF 00 25 00 D1 20 01 01 02 00 00 0F 0B 00 00 0F 0B 00 00 00 60 00 E9 FF CE 12 34 00 83 00 00 00 00 CB,3851,3851,96,4660,2026-04-09 13:23:34.398,131,233,-50,
FF FF FF FF 00 25 00 D2 20 01 01 02 00 00 0F 0B 00 00 0F 0B 00 00 00 60 00 E9 FF CE 12 34 00 84 00 00 00 00 CF,3851,3851,96,4660,2026-04-09 13:23:34.444,132,233,-50,
FF FF FF FF 00 25 00 D3 20 01 01 02 00 00 0F 0B 00 00 0F 0B 00 00 00 60 00 E9 FF CE 12 34 00 85 00 00 00 00 CF,3851,3851,96,4660,2026-04-09 13:23:34.476,133,233,-50,
FF FF FF FF 00 25 00 D4 20 01 01 02 00 00 0F 0B 00 00 0F 0B 00 00 00 60 00 E9 FF CE 12 34 00 86 00 00 00 00 CB,3851,3851,96,4660,2026-04-09 13:23:34.492,134,233,-50,
FF FF FF FF 00 25 00 D5 20 01 01 02 00 00 0F 0B 00 00 0F 0B 00 00 00 61 00 E9 FF CE 12 34 00 87 00 00 00 00 CA,3851,3851,97,4660,2026-04-09 13:23:34.523,135,233,-50,
FF FF FF FF 00 25 00 D6 20 01 01 02 00 00 0F 0B 00 00 0F 0B 00 00 00 61 00 E9 FF CE 12 34 00 88 00 00 00 00 C6,3851,3851,97,4660,2026-04-09 13:23:34.554,136,233,-50,
FF FF FF FF 00 25 00 D7 20 01 01 02 00 00 0F 0B 00 00 0F 0B 00 00 00 61 00 E9 FF CE 12 34 00 89 00 00 00 00 C6,3851,3851,97,4660,2026-04-09 13:23:34.570,137,233,-50,
FF FF FF FF 00 25 00 D8 20 01 01 02 00 00 0F 0B 00 00 0F 0B 00 00 00 61 00 E9 FF CD 12 34 00 8A 00 00 00 00 C9,3851,3851,97,4660,2026-04-09 13:23:34.601,138,233,-51,
FF FF FF FF 00 25 00 D9 20 01 01 02 00 00 0F 0B 00 00 0F 0B 00 00 00 61 00 E9 FF CF 12 34 00 8B 00 00 00 00 CB,3851,3851,97,4660,2026-04-09 13:23:34.617,139,233,-49,
FF FF FF FF 00 25 00 DA 20 01 01 02 00 00 0F 0B 00 00 0F 0B 00 00 00 61 00 E9 FF CF 12 34 00 8C 00 00 00 00 CF,3851,3851,97,4660,2026-04-09 13:23:34.649,140,233,-49,
FF FF FF FF 00 25 00 DB 20 01 01 02 00 00 0F 0B 00 00 0F 0B 00 00 00 61 00 E9 FF CE 12 34 00 8D 00 00 00 00 CE,3851,3851,97,4660,2026-04-09 13:23:34.665,141,233,-50,
FF FF FF FF 00 25 00 DC 20 01 01 02 00 00 0F 0B 00 00 0F 0B 00 00 00 61 00 E9 FF CE 12 34 00 8E 00 00 00 00 CA,3851,3851,97,4660,2026-04-09 13:23:34.697,142,233,-50,
FF FF FF FF 00 25 00 DD 20 01 01 02 00 00 0F 0B 00 00 0F 0B 00 00 00 61 00 E9 FF CE 12 34 00 8F 00 00 00 00 CA,3851,3851,97,4660,2026-04-09 13:23:34.728,143,233,-50,
FF FF FF FF 00 25 00 DE 20 01 01 02 00 00 0F 0B 00 00 0F 0B 00 00 00 61 00 E9 FF CE 12 34 00 90 00 00 00 00 D6,3851,3851,97,4660,2026-04-09 13:23:34.744,144,233,-50,
FF FF FF FF 00 25 00 DF 20 01 01 02 00 00 0F 0B 00 00 0F 0B 00 00 00 61 00 E9 FF CD 12 34 00 91 00 00 00 00 D5,3851,3851,97,4660,2026-04-09 13:23:34.774,145,233,-51,
FF FF FF FF 00 25 00 E0 20 01 01 02 00 00 0F 0B 00 00 0F 0B 00 00 00 61 00 E8 FF CE 12 34 00 92 00 00 00 00 EB,3851,3851,97,4660,2026-04-09 13:23:34.790,146,232,-50,
FF FF FF FF 00 25 00 E1 20 01 01 02 00 00 0F 0B 00 00 0F 0B 00 00 00 61 00 E9 FF CE 12 34 00 93 00 00 00 00 EA,3851,3851,97,4660,2026-04-09 13:23:34.820,147,233,-50,
FF FF FF FF 00 25 00 E2 20 01 01 02 00 00 0F 0B 00 00 0F 0B 00 00 00 61 00 E9 FF CE 12 34 00 94 00 00 00 00 EE,3851,3851,97,4660,2026-04-09 13:23:34.851,148,233,-50,
FF FF FF FF 00 25 00 E3 20 01 01 02 00 00 0F 0B 00 00 0F 0B 00 00 00 61 00 E9 FF CE 12 34 00 95 00 00 00 00 EE,3851,3851,97,4660,2026-04-09 13:23:34.867,149,233,-50,
FF FF FF FF 00 25 00 E4 20 01 01 02 00 00 0F 0B 00 00 0F 0B 00 00 00 61 00 E9 FF CD 12 34 00 96 00 00 00 00 E9,3851,3851,97,4660,2026-04-09 13:23:34.898,150,233,-51,
FF FF FF FF 00 25 00 E5 20 01 01 02 00 00 0F 0B 00 00 0F 0B 00 00 00 61 00 E9 FF CE 12 34 00 97 00 00 00 00 EA,3851,3851,97,4660,2026-04-09 13:23:34.914,151,233,-50,
FF FF FF FF 00 25 00 E6 20 01 01 02 00 00 0F 0B 00 00 0F 0B 00 00 00 61 00 E9 FF CE 12 34 00 98 00 00 00 00 E6,3851,3851,97,4660,2026-04-09 13:23:34.946,152,233,-50,
FF FF FF FF 00 25 00 E7 20 01 01 02 00 00 0F 0B 00 00 0F 0B 00 00 00 61 00 E9 FF CE 12 34 00 99 00 00 00 00 E6,3851,3851,97,4660,2026-04-09 13:23:34.977,153,233,-50,
FF FF FF FF 00 25 00 E8 20 01 01 02 00 00 0F 0B 00 00 0F 0B 00 00 00 61 00 E9 FF CD 12 34 00 9A 00 00 00 00 E9,3851,3851,97,4660,2026-04-09 13:23:34.993,154,233,-51,
FF FF FF FF 00 25 00 E9 20 01 01 02 00 00 0F 0B 00 00 0F 0B 00 00 00 61 00 E9 FF CD 12 34 00 9B 00 00 00 00 E9,3851,3851,97,4660,2026-04-09 13:23:35.025,155,233,-51,
FF FF FF FF 00 25 00 EA 20 01 01 02 00 00 0F 0B 00 00 0F 0B 00 00 00 61 00 E9 FF CD 12 34 00 9C 00 00 00 00 ED,3851,3851,97,4660,2026-04-09 13:23:35.040,156,233,-51,
FF FF FF FF 00 25 00 EB 20 01 01 02 00 00 0F 0B 00 00 0F 0B 00 00 00 61 00 E9 FF CD 12 34 00 9D 00 00 00 00 ED,3851,3851,97,4660,2026-04-09 13:23:35.071,157,233,-51,
FF FF FF FF 00 25 00 EC 20 01 01 02 00 00 0F 0B 00 00 0F 0B 00 00 00 61 00 E9 FF CD 12 34 00 9E 00 00 00 00 E9,3851,3851,97,4660,2026-04-09 13:23:35.103,158,233,-51,
FF FF FF FF 00 25 00 ED 20 01 01 02 00 00 0F 0B 00 00 0F 0B 00 00 00 61 00 E9 FF CE 12 34 00 9F 00 00 00 00 EA,3851,3851,97,4660,2026-04-09 13:23:35.119,159,233,-50,
FF FF FF FF 00 25 00 EE 20 01 01 02 00 00 0F 0B 00 00 0F 0B 00 00 00 61 00 E9 FF CE 12 34 00 A0 00 00 00 00 D6,3851,3851,97,4660,2026-04-09 13:23:35.151,160,233,-50,
FF FF FF FF 00 25 00 EF 20 01 01 02 00 00 0F 0B 00 00 0F 0B 00 00 00 61 00 E8 FF CE 12 34 00 A1 00 00 00 00 D7,3851,3851,97,4660,2026-04-09 13:23:35.167,161,232,-50,
FF FF FF FF 00 25 00 F0 20 01 01 02 00 00 0F 0B 00 00 0F 0B 00 00 00 61 00 E8 FF CE 12 34 00 A2 00 00 00 00 CB,3851,3851,97,4660,2026-04-09 13:23:35.199,162,232,-50,
FF FF FF FF 00 25 00 F1 20 01 01 02 00 00 0F 0B 00 00 0F 0B 00 00 00 61 00 E8 FF CE 12 34 00 A3 00 00 00 00 CB,3851,3851,97,4660,2026-04-09 13:23:35.214,163,232,-50,
FF FF FF FF 00 25 00 F2 20 01 01 02 00 00 0F 0B 00 00 0F 0B 00 00 00 61 00 E8 FF CE 12 34 00 A4 00 00 00 00 CF,3851,3851,97,4660,2026-04-09 13:23:35.245,164,232,-50,
FF FF FF FF 00 25 00 F3 20 01 01 02 00 00 0F 0B 00 00 0F 0B 00 00 00 61 00 E8 FF CE 12 34 00 A5 00 00 00 00 CF,3851,3851,97,4660,2026-04-09 13:23:35.277,165,232,-50,
FF FF FF FF 00 25 00 F4 20 01 01 02 00 00 0F 0B 00 00 0F 0B 00 00 00 61 00 E8 FF CE 12 34 00 A6 00 00 00 00 CB,3851,3851,97,4660,2026-04-09 13:23:35.292,166,232,-50,
FF FF FF FF 00 25 00 F5 20 01 01 02 00 00 0F 0B 00 00 0F 0B 00 00 00 61 00 E8 FF CE 12 34 00 A7 00 00 00 00 CB,3851,3851,97,4660,2026-04-09 13:23:35.322,167,232,-50,
FF FF FF FF 00 25 00 F6 20 01 01 02 00 00 0F 0B 00 00 0F 0B 00 00 00 61 00 E8 FF CF 12 34 00 A8 00 00 00 00 C6,3851,3851,97,4660,2026-04-09 13:23:35.369,168,232,-49,
FF FF FF FF 00 25 00 F7 20 01 01 02 00 00 0F 0B 00 00 0F 0B 00 00 00 61 00 E8 FF CF 12 34 00 A9 00 00 00 00 C6,3851,3851,97,4660,2026-04-09 13:23:35.400,169,232,-49,
FF FF FF FF 00 25 00 F8 20 01 01 02 00 00 0F 0B 00 00 0F 0B 00 00 00 61 00 E8 FF CE 12 34 00 AA 00 00 00 00 CB,3851,3851,97,4660,2026-04-09 13:23:35.415,170,232,-50,
FF FF FF FF 00 25 00 F9 20 01 01 02 00 00 0F 0B 00 00 0F 0B 00 00 00 61 00 E9 FF CF 12 34 00 AB 00 00 00 00 CB,3851,3851,97,4660,2026-04-09 13:23:35.446,171,233,-49,
FF FF FF FF 00 25 00 FA 20 01 01 02 00 00 0F 0B 00 00 0F 0B 00 00 00 61 00 E9 FF CF 12 34 00 AC 00 00 00 00 CF,3851,3851,97,4660,2026-04-09 13:23:35.477,172,233,-49,
FF FF FF FF 00 25 00 FB 20 01 01 02 00 00 0F 0B 00 00 0F 0B 00 00 00 61 00 E9 FF CE 12 34 00 AD 00 00 00 00 CE,3851,3851,97,4660,2026-04-09 13:23:35.493,173,233,-50,
FF FF FF FF 00 25 00 FC 20 01 01 02 00 00 0F 0B 00 00 0F 0B 00 00 00 62 00 E9 FF CE 12 34 00 AE 00 00 00 00 C9,3851,3851,98,4660,2026-04-09 13:23:35.525,174,233,-50,
FF FF FF FF 00 25 00 FD 20 01 01 02 00 00 0F 0B 00 00 0F 0B 00 00 00 62 00 E9 FF CE 12 34 00 AF 00 00 00 00 C9,3851,3851,98,4660,2026-04-09 13:23:35.540,175,233,-50,
FF FF FF FF 00 25 00 FE 20 01 01 02 00 00 0F 0B 00 00 0F 0B 00 00 00 62 00 E9 FF CF 12 34 00 B0 00 00 00 00 D4,3851,3851,98,4660,2026-04-09 13:23:35.572,176,233,-49,
FF FF FF FF 00 25 00 FF 20 01 01 02 00 00 0F 0B 00 00 0F 0B 00 00 00 62 00 E9 FF CF 12 34 00 B1 00 00 00 00 D4,3851,3851,98,4660,2026-04-09 13:23:35.603,177,233,-49,
FF FF FF FF 00 25 01 00 20 01 01 02 00 00 0F 0B 00 00 0F 0B 00 00 00 62 00 E9 FF CF 12 34 00 B2 00 00 00 00 29,3851,3851,98,4660,2026-04-09 13:23:35.619,178,233,-49,
FF FF FF FF 00 25 01 01 20 01 01 02 00 00 0F 0B 00 00 0F 0B 00 00 00 62 00 EA FF CF 12 34 00 B3 00 00 00 00 2A,3851,3851,98,4660,2026-04-09 13:23:35.651,179,234,-49,
FF FF FF FF 00 25 01 02 20 01 01 02 00 00 0F 0B 00 00 0F 0B 00 00 00 61 00 E9 FF CF 12 34 00 B4 00 00 00 00 2E,3851,3851,97,4660,2026-04-09 13:23:35.666,180,233,-49,
FF FF FF FF 00 25 01 03 20 01 01 02 00 00 0F 0B 00 00 0F 0B 00 00 00 62 00 E9 FF CF 12 34 00 B5 00 00 00 00 2D,3851,3851,98,4660,2026-04-09 13:23:35.697,181,233,-49,
FF FF FF FF 00 25 01 04 20 01 01 02 00 00 0F 0B 00 00 0F 0B 00 00 00 62 00 E9 FF CF 12 34 00 B6 00 00 00 00 29,3851,3851,98,4660,2026-04-09 13:23:35.728,182,233,-49,
FF FF FF FF 00 25 01 05 20 01 01 02 00 00 0F 0B 00 00 0F 0B 00 00 00 62 00 E9 FF CF 12 34 00 B7 00 00 00 00 29,3851,3851,98,4660,2026-04-09 13:23:35.744,183,233,-49,
FF FF FF FF 00 25 01 06 20 01 01 02 00 00 0F 0B 00 00 0F 0B 00 00 00 62 00 E9 FF CF 12 34 00 B8 00 00 00 00 25,3851,3851,98,4660,2026-04-09 13:23:35.775,184,233,-49,
FF FF FF FF 00 25 01 07 20 01 01 02 00 00 0F 0B 00 00 0F 0B 00 00 00 62 00 E9 FF CF 12 34 00 B9 00 00 00 00 25,3851,3851,98,4660,2026-04-09 13:23:35.791,185,233,-49,
FF FF FF FF 00 25 01 08 20 01 01 02 00 00 0F 0B 00 00 0F 0B 00 00 00 62 00 E9 FF CE 12 34 00 BA 00 00 00 00 28,3851,3851,98,4660,2026-04-09 13:23:35.823,186,233,-50,
FF FF FF FF 00 25 01 09 20 01 01 02 00 00 0F 0B 00 00 0F 0B 00 00 00 62 00 E9 FF CE 12 34 00 BB 00 00 00 00 28,3851,3851,98,4660,2026-04-09 13:23:35.869,187,233,-50,
FF FF FF FF 00 25 01 0A 20 01 01 02 00 00 0F 0B 00 00 0F 0B 00 00 00 62 00 E9 FF CE 12 34 00 BC 00 00 00 00 2C,3851,3851,98,4660,2026-04-09 13:23:35.901,188,233,-50,
FF FF FF FF 00 25 01 0B 20 01 01 02 00 00 0F 0B 00 00 0F 0B 00 00 00 62 00 E9 FF CE 12 34 00 BD 00 00 00 00 2C,3851,3851,98,4660,2026-04-09 13:23:35.917,189,233,-50,
FF FF FF FF 00 25 01 0C 20 01 01 02 00 00 0F 0B 00 00 0F 0B 00 00 00 61 00 E9 FF CE 12 34 00 BE 00 00 00 00 2B,3851,3851,97,4660,2026-04-09 13:23:35.948,190,233,-50,
FF FF FF FF 00 25 01 0D 20 01 01 02 00 00 0F 0B 00 00 0F 0B 00 00 00 61 00 E9 FF CF 12 34 00 BF 00 00 00 00 2A,3851,3851,97,4660,2026-04-09 13:23:35.994,191,233,-49,
FF FF FF FF 00 25 01 0E 20 01 01 02 00 00 0F 0B 00 00 0F 0B 00 00 00 61 00 E9 FF CF 12 34 00 C0 00 00 00 00 56,3851,3851,97,4660,2026-04-09 13:23:36.024,192,233,-49,
FF FF FF FF 00 25 01 0F 20 01 01 02 00 00 0F 0B 00 00 0F 0B 00 00 00 61 00 EA FF CF 12 34 00 C1 00 00 00 00 55,3851,3851,97,4660,2026-04-09 13:23:36.040,193,234,-49,
FF FF FF FF 00 25 01 10 20 01 01 02 00 00 0F 0B 00 00 0F 0B 00 00 00 61 00 EA FF D0 12 34 00 C2 00 00 00 00 56,3851,3851,97,4660,2026-04-09 13:23:36.070,194,234,-48,
FF FF FF FF 00 25 01 11 20 01 01 02 00 00 0F 0B 00 00 0F 0B 00 00 00 60 00 EA FF D0 12 34 00 C3 00 00 00 00 57,3851,3851,96,4660,2026-04-09 13:23:36.101,195,234,-48,
FF FF FF FF 00 25 01 12 20 01 01 02 00 00 0F 0B 00 00 0F 0B 00 00 00 5F 00 EA FF D1 12 34 00 C4 00 00 00 00 6D,3851,3851,95,4660,2026-04-09 13:23:36.116,196,234,-47,
FF FF FF FF 00 25 01 13 20 01 01 02 00 00 0F 0B 00 00 0F 0B 00 00 00 5E 00 EA FF D2 12 34 00 C5 00 00 00 00 6F,3851,3851,94,4660,2026-04-09 13:23:36.147,197,234,-46,
FF FF FF FF 00 25 01 14 20 01 01 02 00 00 0F 0B 00 00 0F 0B 00 00 00 5E 00 EB FF D2 12 34 00 C6 00 00 00 00 6A,3851,3851,94,4660,2026-04-09 13:23:36.178,198,235,-46,
FF FF FF FF 00 25 01 15 20 01 01 02 00 00 0F 0B 00 00 0F 0B 00 00 00 5D 00 EB FF D3 12 34 00 C7 00 00 00 00 68,3851,3851,93,4660,2026-04-09 13:23:36.194,199,235,-45,
FF FF FF FF 00 25 01 16 20 01 01 02 00 00 0F 0B 00 00 0F 0B 00 00 00 5D 00 EB FF D4 12 34 00 C8 00 00 00 00 63,3851,3851,93,4660,2026-04-09 13:23:36.226,200,235,-44,
FF FF FF FF 00 25 01 17 20 01 01 02 00 00 0F 0B 00 00 0F 0B 00 00 00 5C 00 EC FF D5 12 34 00 C9 00 00 00 00 64,3851,3851,92,4660,2026-04-09 13:23:36.242,201,236,-43,
FF FF FF FF 00 25 01 18 20 01 01 02 00 00 0F 0B 00 00 0F 0B 00 00 00 5B 00 EC FF D5 12 34 00 CA 00 00 00 00 6F,3851,3851,91,4660,2026-04-09 13:23:36.273,202,236,-43,
FF FF FF FF 00 25 01 19 20 01 01 02 00 00 0F 0B 00 00 0F 0B 00 00 00 5A 00 EC FF D6 12 34 00 CB 00 00 00 00 6D,3851,3851,90,4660,2026-04-09 13:23:36.320,203,236,-42,
FF FF FF FF 00 25 01 1A 20 01 01 02 00 00 0F 0B 00 00 0F 0B 00 00 00 5A 00 EC FF D6 12 34 00 CC 00 00 00 00 69,3851,3851,90,4660,2026-04-09 13:23:36.352,204,236,-42,
FF FF FF FF 00 25 01 1B 20 01 01 02 00 00 0F 0B 00 00 0F 0B 00 00 00 59 00 EC FF D7 12 34 00 CD 00 00 00 00 6B,3851,3851,89,4660,2026-04-09 13:23:36.368,205,236,-41,
FF FF FF FF 00 25 01 1C 20 01 01 02 00 00 0F 0B 00 00 0F 0B 00 00 00 59 00 EC FF D7 12 34 00 CE 00 00 00 00 6F,3851,3851,89,4660,2026-04-09 13:23:36.399,206,236,-41,
FF FF FF FF 00 25 01 1D 20 01 01 02 00 00 0F 0B 00 00 0F 0B 00 00 00 58 00 EC FF D8 12 34 00 CF 00 00 00 00 61,3851,3851,88,4660,2026-04-09 13:23:36.445,207,236,-40,
FF FF FF FF 00 25 01 1E 20 01 01 02 00 00 0F 0B 00 00 0F 0B 00 00 00 57 00 EC FF D8 12 34 00 D0 00 00 00 00 72,3851,3851,87,4660,2026-04-09 13:23:36.477,208,236,-40,
FF FF FF FF 00 25 01 1F 20 01 01 02 00 00 0F 0B 00 00 0F 0B 00 00 00 57 00 EC FF D8 12 34 00 D1 00 00 00 00 72,3851,3851,87,4660,2026-04-09 13:23:36.492,209,236,-40,
FF FF FF FF 00 25 01 20 20 01 01 02 00 00 0F 0B 00 00 0F 0B 00 00 00 57 00 EC FF D8 12 34 00 D2 00 00 00 00 4E,3851,3851,87,4660,2026-04-09 13:23:36.523,210,236,-40,
FF FF FF FF 00 25 01 21 20 01 01 02 00 00 0F 0B 00 00 0F 0B 00 00 00 57 00 EC FF D9 12 34 00 D3 00 00 00 00 4F,3851,3851,87,4660,2026-04-09 13:23:36.569,211,236,-39,
FF FF FF FF 00 25 01 22 20 01 01 02 00 00 0F 0B 00 00 0F 0B 00 00 00 57 00 EC FF D9 12 34 00 D4 00 00 00 00 4B,3851,3851,87,4660,2026-04-09 13:23:36.600,212,236,-39,
FF FF FF FF 00 25 01 23 20 01 01 02 00 00 0F 0B 00 00 0F 0B 00 00 00 57 00 EC FF DA 12 34 00 D5 00 00 00 00 48,3851,3851,87,4660,2026-04-09 13:23:36.616,213,236,-38,
FF FF FF FF 00 25 01 24 20 01 01 02 00 00 0F 0B 00 00 0F 0B 00 00 00 57 00 EC FF DA 12 34 00 D6 00 00 00 00 4C,3851,3851,87,4660,2026-04-09 13:23:36.648,214,236,-38,
FF FF FF FF 00 25 01 25 20 01 01 02 00 00 0F 0B 00 00 0F 0B 00 00 00 57 00 EC FF DA 12 34 00 D7 00 00 00 00 4C,3851,3851,87,4660,2026-04-09 13:23:36.695,215,236,-38,
FF FF FF FF 00 25 01 26 20 01 01 02 00 00 0F 0B 00 00 0F 0B 00 00 00 57 00 EC FF DB 12 34 00 D8 00 00 00 00 41,3851,3851,87,4660,2026-04-09 13:23:36.726,216,236,-37,
FF FF FF FF 00 25 01 27 20 01 01 02 00 00 0F 0B 00 00 0F 0B 00 00 00 58 00 EC FF DA 12 34 00 D9 00 00 00 00 4F,3851,3851,88,4660,2026-04-09 13:23:36.741,217,236,-38,
FF FF FF FF 00 25 01 28 20 01 01 02 00 00 0F 0B 00 00 0F 0B 00 00 00 58 00 EC FF DA 12 34 00 DA 00 00 00 00 43,3851,3851,88,4660,2026-04-09 13:23:36.772,218,236,-38,
FF FF FF FF 00 25 01 29 20 01 01 02 00 00 0F 0B 00 00 0F 0B 00 00 00 58 00 EC FF DA 12 34 00 DB 00 00 00 00 43,3851,3851,88,4660,2026-04-09 13:23:36.803,219,236,-38,
FF FF FF FF 00 25 01 2A 20 01 01 02 00 00 0F 0B 00 00 0F 0B 00 00 00 58 00 EC FF DA 12 34 00 DC 00 00 00 00 47,3851,3851,88,4660,2026-04-09 13:23:36.818,220,236,-38,
FF FF FF FF 00 25 01 2B 20 01 01 02 00 00 0F 0B 00 00 0F 0B 00 00 00 57 00 ED FF DB 12 34 00 DD 00 00 00 00 48,3851,3851,87,4660,2026-04-09 13:23:36.849,221,237,-37,
FF FF FF FF 00 25 01 2C 20 01 01 02 00 00 0F 0B 00 00 0F 0B 00 00 00 56 00 EE FF DC 12 34 00 DE 00 00 00 00 49,3851,3851,86,4660,2026-04-09 13:23:36.865,222,238,-36,
FF FF FF FF 00 25 01 2D 20 01 01 02 00 00 0F 0B 00 00 0F 0B 00 00 00 56 00 EE FF DC 12 34 00 DF 00 00 00 00 49,3851,3851,86,4660,2026-04-09 13:23:36.896,223,238,-36,
FF FF FF FF 00 25 01 2E 20 01 01 02 00 00 0F 0B 00 00 0F 0B 00 00 00 55 00 EF FF DD 12 34 00 E0 00 00 00 00 76,3851,3851,85,4660,2026-04-09 13:23:36.927,224,239,-35,
FF FF FF FF 00 25 01 2F 20 01 01 02 00 00 0F 0B 00 00 0F 0B 00 00 00 56 00 EF FF DD 12 34 00 E1 00 00 00 00 75,3851,3851,86,4660,2026-04-09 13:23:36.943,225,239,-35,
FF FF FF FF 00 25 01 30 20 01 01 02 00 00 0F 0B 00 00 0F 0B 00 00 00 56 00 F0 FF DD 12 34 00 E2 00 00 00 00 76,3851,3851,86,4660,2026-04-09 13:23:36.973,226,240,-35,
FF FF FF FF 00 25 01 31 20 01 01 02 00 00 0F 0B 00 00 0F 0B 00 00 00 55 00 F0 FF DD 12 34 00 E3 00 00 00 00 75,3851,3851,85,4660,2026-04-09 13:23:37.020,227,240,-35,
FF FF FF FF 00 25 01 32 20 01 01 02 00 00 0F 0B 00 00 0F 0B 00 00 00 56 00 F0 FF DB 12 34 00 E4 00 00 00 00 74,3851,3851,86,4660,2026-04-09 13:23:37.051,228,240,-37,
FF FF FF FF 00 25 01 33 20 01 01 02 00 00 0F 0B 00 00 0F 0B 00 00 00 5A 00 ED FF D9 12 34 00 E5 00 00 00 00 67,3851,3851,90,4660,2026-04-09 13:23:37.066,229,237,-39,
FF FF FF FF 00 25 01 34 20 01 01 02 00 00 0F 0B 00 00 0F 0B 00 00 00 5A 00 EF FF DD 12 34 00 E6 00 00 00 00 65,3851,3851,90,4660,2026-04-09 13:23:37.097,230,239,-35,
FF FF FF FF 00 25 01 35 20 01 01 02 00 00 0F 0B 00 00 0F 0B 00 00 00 59 00 F1 FF DF 12 34 00 E7 00 00 00 00 7A,3851,3851,89,4660,2026-04-09 13:23:37.128,231,241,-33,
FF FF FF FF 00 25 01 36 20 01 01 02 00 00 0F 0B 00 00 0F 0B 00 00 00 57 00 F2 FF E1 12 34 00 E8 00 00 00 00 45,3851,3851,87,4660,2026-04-09 13:23:37.144,232,242,-31,
FF FF FF FF 00 25 01 37 20 01 01 02 00 00 0F 0B 00 00 0F 0B 00 00 00 55 00 F3 FF E1 12 34 00 E9 00 00 00 00 46,3851,3851,85,4660,2026-04-09 13:23:37.175,233,243,-31,
FF FF FF FF 00 25 01 38 20 01 01 02 00 00 0F 0B 00 00 0F 0B 00 00 00 56 00 F3 FF E1 12 34 00 EA 00 00 00 00 49,3851,3851,86,4660,2026-04-09 13:23:37.190,234,243,-31,
FF FF FF FF 00 25 01 39 20 01 01 02 00 00 0F 0B 00 00 0F 0B 00 00 00 55 00 F2 FF E0 12 34 00 EB 00 00 00 00 4A,3851,3851,85,4660,2026-04-09 13:23:37.221,235,242,-32,
FF FF FF FF 00 25 01 3A 20 01 01 02 00 00 0F 0B 00 00 0F 0B 00 00 00 54 00 F1 FF E0 12 34 00 EC 00 00 00 00 4C,3851,3851,84,4660,2026-04-09 13:23:37.252,236,241,-32,
FF FF FF FF 00 25 01 3B 20 01 01 02 00 00 0F 0B 00 00 0F 0B 00 00 00 53 00 EF FF DF 12 34 00 ED 00 00 00 00 6A,3851,3851,83,4660,2026-04-09 13:23:37.268,237,239,-33,
FF FF FF FF 00 25 01 3C 20 01 01 02 00 00 0F 0B 00 00 0F 0B 00 00 00 53 00 EC FF DE 12 34 00 EE 00 00 00 00 6C,3851,3851,83,4660,2026-04-09 13:23:37.299,238,236,-34,
FF FF FF FF 00 25 01 3D 20 01 01 02 00 00 0F 0B 00 00 0F 0B 00 00 00 45 00 E8 FF DC 12 34 00 EF 00 00 00 00 7C,3851,3851,69,4660,2026-04-09 13:23:37.345,239,232,-36,
FF FF FF FF 00 25 01 3E 20 01 01 02 00 00 0F 0B 00 00 0F 0B 00 00 00 44 00 E3 FF DA 12 34 00 F0 00 00 00 00 6C,3851,3851,68,4660,2026-04-09 13:23:37.376,240,227,-38,
FF FF FF FF 00 25 01 3F 20 01 01 02 00 00 0F 0B 00 00 0F 0B 00 00 00 44 00 DF FF D9 12 34 00 F1 00 00 00 00 53,3851,3851,68,4660,2026-04-09 13:23:37.391,241,223,-39,
FF FF FF FF 00 25 01 40 20 01 01 02 00 00 0F 0B 00 00 0F 0B 00 00 00 44 00 DA FF D7 12 34 00 F2 00 00 00 00 24,3851,3851,68,4660,2026-04-09 13:23:37.422,242,218,-41,
FF FF FF FF 00 25 01 41 20 01 01 02 00 00 0F 0B 00 00 0F 0B 00 00 00 43 00 D6 FF D7 12 34 00 F3 00 00 00 00 2F,3851,3851,67,4660,2026-04-09 13:23:37.453,243,214,-41,
FF FF FF FF 00 25 01 42 20 01 01 02 00 00 0F 0B 00 00 0F 0B 00 00 00 43 00 D1 FF D7 12 34 00 F4 00 00 00 00 2C,3851,3851,67,4660,2026-04-09 13:23:37.469,244,209,-41,
FF FF FF FF 00 25 01 43 20 01 01 02 00 00 0F 0B 00 00 0F 0B 00 00 00 43 00 CD FF D8 12 34 00 F5 00 00 00 00 3F,3851,3851,67,4660,2026-04-09 13:23:37.499,245,205,-40,
FF FF FF FF 00 25 01 44 20 01 01 02 00 00 0F 0B 00 00 0F 0B 00 00 00 43 00 C9 FF D7 12 34 00 F6 00 00 00 00 30,3851,3851,67,4660,2026-04-09 13:23:37.514,246,201,-41,
FF FF FF FF 00 25 01 45 20 01 01 02 00 00 0F 0B 00 00 0F 0B 00 00 00 42 00 C7 FF D8 12 34 00 F7 00 00 00 00 30,3851,3851,66,4660,2026-04-09 13:23:37.545,247,199,-40,
FF FF FF FF 00 25 01 46 20 01 01 02 00 00 0F 0B 00 00 0F 0B 00 00 00 41 00 C4 FF D8 12 34 00 F8 00 00 00 00 3C,3851,3851,65,4660,2026-04-09 13:23:37.576,248,196,-40,
FF FF FF FF 00 25 01 47 20 01 01 02 00 00 0F 0B 00 00 0F 0B 00 00 00 41 00 C2 FF D9 12 34 00 F9 00 00 00 00 3B,3851,3851,65,4660,2026-04-09 13:23:37.592,249,194,-39,
FF FF FF FF 00 25 01 48 20 01 01 02 00 00 0F 0B 00 00 0F 0B 00 00 00 41 00 C0 FF DA 12 34 00 FA 00 00 00 00 36,3851,3851,65,4660,2026-04-09 13:23:37.623,250,192,-38,
FF FF FF FF 00 25 01 49 20 01 01 02 00 00 0F 0B 00 00 0F 0B 00 00 00 42 00 BE FF DC 12 34 00 FB 00 00 00 00 4D,3851,3851,66,4660,2026-04-09 13:23:37.670,251,190,-36,
FF FF FF FF 00 25 01 4A 20 01 01 02 00 00 0F 0B 00 00 0F 0B 00 00 00 42 00 BC FF DD 12 34 00 FC 00 00 00 00 4A,3851,3851,66,4660,2026-04-09 13:23:37.701,252,188,-35,
FF FF FF FF 00 25 01 4B 20 01 01 02 00 00 0F 0B 00 00 0F 0B 00 00 00 43 00 BA FF E0 12 34 00 FD 00 00 00 00 70,3851,3851,67,4660,2026-04-09 13:23:37.716,253,186,-32,
FF FF FF FF 00 25 01 4C 20 01 01 02 00 00 0F 0B 00 00 0F 0B 00 00 00 46 00 B8 FF E1 12 34 00 FE 00 00 00 00 72,3851,3851,70,4660,2026-04-09 13:23:37.747,254,184,-31,
FF FF FF FF 00 25 01 4D 20 01 01 02 00 00 0F 0B 00 00 0F 0B 00 00 00 47 00 B8 FF E2 12 34 00 FF 00 00 00 00 70,3851,3851,71,4660,2026-04-09 13:23:37.778,255,184,-30,
FF FF FF FF 00 25 01 4E 20 01 01 02 00 00 0F 0B 00 00 0F 0B 00 00 00 4A 00 B7 FF E3 12 34 01 00 00 00 00 00 8E,3851,3851,74,4660,2026-04-09 13:23:37.793,256,183,-29,
FF FF FF FF 00 25 01 4F 20 01 01 02 00 00 0F 0B 00 00 0F 0B 00 00 00 4E 00 B6 FF E4 12 34 01 01 00 00 00 00 8C,3851,3851,78,4660,2026-04-09 13:23:37.824,257,182,-28,
FF FF FF FF 00 25 01 50 20 01 01 02 00 00 0F 0B 00 00 0F 0B 00 00 00 4E 00 B6 FF E5 12 34 01 02 00 00 00 00 91,3851,3851,78,4660,2026-04-09 13:23:37.840,258,182,-27,
FF FF FF FF 00 25 01 51 20 01 01 02 00 00 0F 0B 00 00 0F 0B 00 00 00 57 00 B2 FF E1 12 34 01 03 00 00 00 00 88,3851,3851,87,4660,2026-04-09 13:23:37.871,259,178,-31,
FF FF FF FF 00 25 01 52 20 01 01 02 00 00 0F 0B 00 00 0F 0B 00 00 00 5B 00 AD FF DC 12 34 01 04 00 00 00 00 A2,3851,3851,91,4660,2026-04-09 13:23:37.902,260,173,-36,
FF FF FF FF 00 25 01 53 20 01 01 02 00 00 0F 0B 00 00 0F 0B 00 00 00 4B 00 AE FF DE 12 34 01 05 00 00 00 00 B3,3851,3851,75,4660,2026-04-09 13:23:37.918,261,174,-34,
FF FF FF FF 00 25 01 54 20 01 01 02 00 00 0F 0B 00 00 0F 0B 00 00 00 4B 00 AF FF E0 12 34 01 06 00 00 00 00 88,3851,3851,75,4660,2026-04-09 13:23:37.948,262,175,-32,
FF FF FF FF 00 25 01 55 20 01 01 02 00 00 0F 0B 00 00 0F 0B 00 00 00 4B 00 B0 FF E3 12 34 01 07 00 00 00 00 94,3851,3851,75,4660,2026-04-09 13:23:37.995,263,176,-29,
FF FF FF FF 00 25 01 56 20 01 01 02 00 00 0F 0B 00 00 0F 0B 00 00 00 4A 00 B1 FF E4 12 34 01 08 00 00 00 00 9F,3851,3851,74,4660,2026-04-09 13:23:38.026,264,177,-28,
FF FF FF FF 00 25 01 57 20 01 01 02 00 00 0F 0B 00 00 0F 0B 00 00 00 49 00 B1 FF E6 12 34 01 09 00 00 00 00 9E,3851,3851,73,4660,2026-04-09 13:23:38.042,265,177,-26,
FF FF FF FF 00 25 01 58 20 01 01 02 00 00 0F 0B 00 00 0F 0B 00 00 00 4F 00 AF FF E7 12 34 01 0A 00 00 00 00 8B,3851,3851,79,4660,2026-04-09 13:23:38.072,266,175,-25,
FF FF FF FF 00 25 01 59 20 01 01 02 00 00 0F 0B 00 00 0F 0B 00 00 00 53 00 AC FF E5 12 34 01 0B 00 00 00 00 96,3851,3851,83,4660,2026-04-09 13:23:38.103,267,172,-27,
FF FF FF FF 00 25 01 5A 20 01 01 02 00 00 0F 0B 00 00 0F 0B 00 00 00 57 00 AD FF E7 12 34 01 0C 00 00 00 00 95,3851,3851,87,4660,2026-04-09 13:23:38.118,268,173,-25,
FF FF FF FF 00 25 01 5B 20 01 01 02 00 00 0F 0B 00 00 0F 0B 00 00 00 5A 00 AE FF E9 12 34 01 0D 00 00 00 00 95,3851,3851,90,4660,2026-04-09 13:23:38.149,269,174,-23,
FF FF FF FF 00 25 01 5C 20 01 01 02 00 00 0F 0B 00 00 0F 0B 00 00 00 5E 00 AF FF EC 12 34 01 0E 00 00 00 00 91,3851,3851,94,4660,2026-04-09 13:23:38.165,270,175,-20,
FF FF FF FF 00 25 01 5D 20 01 01 02 00 00 0F 0B 00 00 0F 0B 00 00 00 62 00 B1 FF EF 12 34 01 0F 00 00 00 00 B0,3851,3851,98,4660,2026-04-09 13:23:38.195,271,177,-17,
FF FF FF FF 00 25 01 5E 20 01 01 02 00 00 0F 0B 00 00 0F 0B 00 00 00 66 00 B3 FF F1 12 34 01 10 00 00 00 00 B4,3851,3851,102,4660,2026-04-09 13:23:38.226,272,179,-15,
FF FF FF FF 00 25 01 5F 20 01 01 02 00 00 0F 0B 00 00 0F 0B 00 00 00 69 00 B4 FF F2 12 34 01 11 00 00 00 00 BF,3851,3851,105,4660,2026-04-09 13:23:38.241,273,180,-14,
FF FF FF FF 00 25 01 60 20 01 01 02 00 00 0F 0B 00 00 0F 0B 00 00 00 6B 00 B5 FF F3 12 34 01 12 00 00 00 00 81,3851,3851,107,4660,2026-04-09 13:23:38.272,274,181,-13,
FF FF FF FF 00 25 01 61 20 01 01 02 00 00 0F 0B 00 00 0F 0B 00 00 00 6D 00 B6 FF F4 12 34 01 13 00 00 00 00 83,3851,3851,109,4660,2026-04-09 13:23:38.302,275,182,-12,
FF FF FF FF 00 25 01 62 20 01 01 02 00 00 0F 0B 00 00 0F 0B 00 00 00 6E 00 B7 FF F5 12 34 01 14 00 00 00 00 84,3851,3851,110,4660,2026-04-09 13:23:38.318,276,183,-11,
FF FF FF FF 00 25 01 63 20 01 01 02 00 00 0F 0B 00 00 0F 0B 00 00 00 6F 00 B8 FF F5 12 34 01 15 00 00 00 00 8A,3851,3851,111,4660,2026-04-09 13:23:38.348,277,184,-11,
FF FF FF FF 00 25 01 64 20 01 01 02 00 00 0F 0B 00 00 0F 0B 00 00 00 6F 00 B8 FF F5 12 34 01 16 00 00 00 00 8E,3851,3851,111,4660,2026-04-09 13:23:38.395,278,184,-11,
FF FF FF FF 00 25 01 65 20 01 01 02 00 00 0F 0B 00 00 0F 0B 00 00 00 6E 00 B9 FF F6 12 34 01 17 00 00 00 00 8D,3851,3851,110,4660,2026-04-09 13:23:38.425,279,185,-10,
FF FF FF FF 00 25 01 66 20 01 01 02 00 00 0F 0B 00 00 0F 0B 00 00 00 6C 00 B9 FF F6 12 34 01 18 00 00 00 00 83,3851,3851,108,4660,2026-04-09 13:23:38.441,280,185,-10,
FF FF FF FF 00 25 01 67 20 01 01 02 00 00 0F 0B 00 00 0F 0B 00 00 00 6A 00 B9 FF F6 12 34 01 19 00 00 00 00 85,3851,3851,106,4660,2026-04-09 13:23:38.472,281,185,-10,
FF FF FF FF 00 25 01 68 20 01 01 02 00 00 0F 0B 00 00 0F 0B 00 00 00 68 00 B9 FF F7 12 34 01 1A 00 00 00 00 8A,3851,3851,104,4660,2026-04-09 13:23:38.503,282,185,-9,
FF FF FF FF 00 25 01 69 20 01 01 02 00 00 0F 0B 00 00 0F 0B 00 00 00 66 00 B9 FF F6 12 34 01 1B 00 00 00 00 85,3851,3851,102,4660,2026-04-09 13:23:38.518,283,185,-10,
FF FF FF FF 00 25 01 6A 20 01 01 02 00 00 0F 0B 00 00 0F 0B 00 00 00 63 00 B9 FF F6 12 34 01 1C 00 00 00 00 84,3851,3851,99,4660,2026-04-09 13:23:38.550,284,185,-10,
FF FF FF FF 00 25 01 6B 20 01 01 02 00 00 0F 0B 00 00 0F 0B 00 00 00 61 00 B9 FF F6 12 34 01 1D 00 00 00 00 86,3851,3851,97,4660,2026-04-09 13:23:38.566,285,185,-10,
FF FF FF FF 00 25 01 6C 20 01 01 02 00 00 0F 0B 00 00 0F 0B 00 00 00 5F 00 B9 FF F5 12 34 01 1E 00 00 00 00 BF,3851,3851,95,4660,2026-04-09 13:23:38.597,286,185,-11,
FF FF FF FF 00 25 01 6D 20 01 01 02 00 00 0F 0B 00 00 0F 0B 00 00 00 5E 00 B9 FF F5 12 34 01 1F 00 00 00 00 BE,3851,3851,94,4660,2026-04-09 13:23:38.628,287,185,-11,
FF FF FF FF 00 25 01 6E 20 01 01 02 00 00 0F 0B 00 00 0F 0B 00 00 00 5D 00 B8 FF F5 12 34 01 20 00 00 00 00 80,3851,3851,93,4660,2026-04-09 13:23:38.644,288,184,-11,
FF FF FF FF 00 25 01 6F 20 01 01 02 00 00 0F 0B 00 00 0F 0B 00 00 00 5C 00 B8 FF F6 12 34 01 21 00 00 00 00 82,3851,3851,92,4660,2026-04-09 13:23:38.676,289,184,-10,
FF FF FF FF 00 25 01 70 20 01 01 02 00 00 0F 0B 00 00 0F 0B 00 00 00 5B 00 B8 FF F6 12 34 01 22 00 00 00 00 99,3851,3851,91,4660,2026-04-09 13:23:38.692,290,184,-10,
FF FF FF FF 00 25 01 71 20 01 01 02 00 00 0F 0B 00 00 0F 0B 00 00 00 5B 00 B8 FF F5 12 34 01 23 00 00 00 00 9A,3851,3851,91,4660,2026-04-09 13:23:38.723,291,184,-11,
FF FF FF FF 00 25 01 72 20 01 01 02 00 00 0F 0B 00 00 0F 0B 00 00 00 5A 00 B8 FF F5 12 34 01 24 00 00 00 00 9F,3851,3851,90,4660,2026-04-09 13:23:38.769,292,184,-11,
FF FF FF FF 00 25 01 73 20 01 01 02 00 00 0F 0B 00 00 0F 0B 00 00 00 5A 00 B8 FF F5 12 34 01 25 00 00 00 00 9F,3851,3851,90,4660,2026-04-09 13:23:38.800,293,184,-11,
FF FF FF FF 00 25 01 74 20 01 01 02 00 00 0F 0B 00 00 0F 0B 00 00 00 59 00 B9 FF F5 12 34 01 26 00 00 00 00 99,3851,3851,89,4660,2026-04-09 13:23:38.815,294,185,-11,
FF FF FF FF 00 25 01 75 20 01 01 02 00 00 0F 0B 00 00 0F 0B 00 00 00 59 00 B9 FF F4 12 34 01 27 00 00 00 00 98,3851,3851,89,4660,2026-04-09 13:23:38.846,295,185,-12,
FF FF FF FF 00 25 01 76 20 01 01 02 00 00 0F 0B 00 00 0F 0B 00 00 00 59 00 B9 FF F5 12 34 01 28 00 00 00 00 95,3851,3851,89,4660,2026-04-09 13:23:38.877,296,185,-11,
FF FF FF FF 00 25 01 77 20 01 01 02 00 00 0F 0B 00 00 0F 0B 00 00 00 59 00 B8 FF F5 12 34 01 29 00 00 00 00 94,3851,3851,89,4660,2026-04-09 13:23:38.893,297,184,-11,
FF FF FF FF 00 25 01 78 20 01 01 02 00 00 0F 0B 00 00 0F 0B 00 00 00 59 00 B9 FF F5 12 34 01 2A 00 00 00 00 99,3851,3851,89,4660,2026-04-09 13:23:38.924,298,185,-11,
FF FF FF FF 00 25 01 79 20 01 01 02 00 00 0F 0B 00 00 0F 0B 00 00 00 59 00 BA FF F5 12 34 01 2B 00 00 00 00 9A,3851,3851,89,4660,2026-04-09 13:23:38.940,299,186,-11,
FF FF FF FF 00 25 01 7A 20 01 01 02 00 00 0F 0B 00 00 0F 0B 00 00 00 59 00 BA FF F5 12 34 01 2C 00 00 00 00 9E,3851,3851,89,4660,2026-04-09 13:23:38.971,300,186,-11,
FF FF FF FF 00 25 01 7B 20 01 01 02 00 00 0F 0B 00 00 0F 0B 00 00 00 5A 00 BA FF F5 12 34 01 2D 00 00 00 00 9D,3851,3851,90,4660,2026-04-09 13:23:39.002,301,186,-11,
FF FF FF FF 00 25 01 7C 20 01 01 02 00 00 0F 0B 00 00 0F 0B 00 00 00 5A 00 BA FF F5 12 34 01 2E 00 00 00 00 99,3851,3851,90,4660,2026-04-09 13:23:39.018,302,186,-11,
FF FF FF FF 00 25 01 7D 20 01 01 02 00 00 0F 0B 00 00 0F 0B 00 00 00 5B 00 BA FF F5 12 34 01 2F 00 00 00 00 98,3851,3851,91,4660,2026-04-09 13:23:39.048,303,186,-11,
FF FF FF FF 00 25 01 7E 20 01 01 02 00 00 0F 0B 00 00 0F 0B 00 00 00 5B 00 BA FF F6 12 34 01 30 00 00 00 00 87,3851,3851,91,4660,2026-04-09 13:23:39.094,304,186,-10,
FF FF FF FF 00 25 01 7F 20 01 01 02 00 00 0F 0B 00 00 0F 0B 00 00 00 5B 00 BA FF F6 12 34 01 31 00 00 00 00 87,3851,3851,91,4660,2026-04-09 13:23:39.124,305,186,-10,
FF FF FF FF 00 25 01 80 20 01 01 02 00 00 0F 0B 00 00 0F 0B 00 00 00 5C 00 BA FF F7 12 34 01 32 00 00 00 00 7D,3851,3851,92,4660,2026-04-09 13:23:39.140,306,186,-9,
FF FF FF FF 00 25 01 81 20 01 01 02 00 00 0F 0B 00 00 0F 0B 00 00 00 5D 00 BA FF F7 12 34 01 33 00 00 00 00 7C,3851,3851,93,4660,2026-04-09 13:23:39.171,307,186,-9,
FF FF FF FF 00 25 01 82 20 01 01 02 00 00 0F 0B 00 00 0F 0B 00 00 00 5E 00 BB FF F6 12 34 01 34 00 00 00 00 7B,3851,3851,94,4660,2026-04-09 13:23:39.201,308,187,-10,
FF FF FF FF 00 25 01 83 20 01 01 02 00 00 0F 0B 00 00 0F 0B 00 00 00 5F 00 BB FF F7 12 34 01 35 00 00 00 00 7B,3851,3851,95,4660,2026-04-09 13:23:39.216,309,187,-9,
FF FF FF FF 00 25 01 84 20 01 01 02 00 00 0F 0B 00 00 0F 0B 00 00 00 60 00 BB FF F7 12 34 01 36 00 00 00 00 40,3851,3851,96,4660,2026-04-09 13:23:39.247,310,187,-9,
FF FF FF FF 00 25 01 85 20 01 01 02 00 00 0F 0B 00 00 0F 0B 00 00 00 61 00 BB FF F6 12 34 01 37 00 00 00 00 40,3851,3851,97,4660,2026-04-09 13:23:39.278,311,187,-10,
FF FF FF FF 00 25 01 86 20 01 01 02 00 00 0F 0B 00 00 0F 0B 00 00 00 62 00 BB FF F7 12 34 01 38 00 00 00 00 4E,3851,3851,98,4660,2026-04-09 13:23:39.293,312,187,-9,
FF FF FF FF 00 25 01 87 20 01 01 02 00 00 0F 0B 00 00 0F 0B 00 00 00 63 00 BB FF F7 12 34 01 39 00 00 00 00 4F,3851,3851,99,4660,2026-04-09 13:23:39.324,313,187,-9,
FF FF FF FF 00 25 01 88 20 01 01 02 00 00 0F 0B 00 00 0F 0B 00 00 00 64 00 BB FF F7 12 34 01 3A 00 00 00 00 44,3851,3851,100,4660,2026-04-09 13:23:39.340,314,187,-9,
FF FF FF FF 00 25 01 89 20 01 01 02 00 00 0F 0B 00 00 0F 0B 00 00 00 64 00 BB FF F7 12 34 01 3B 00 00 00 00 44,3851,3851,100,4660,2026-04-09 13:23:39.371,315,187,-9,
FF FF FF FF 00 25 01 8A 20 01 01 02 00 00 0F 0B 00 00 0F 0B 00 00 00 65 00 BB FF F6 12 34 01 3C 00 00 00 00 40,3851,3851,101,4660,2026-04-09 13:23:39.402,316,187,-10,
FF FF FF FF 00 25 01 8B 20 01 01 02 00 00 0F 0B 00 00 0F 0B 00 00 00 66 00 BB FF F7 12 34 01 3D 00 00 00 00 42,3851,3851,102,4660,2026-04-09 13:23:39.417,317,187,-9,
FF FF FF FF 00 25 01 8C 20 01 01 02 00 00 0F 0B 00 00 0F 0B 00 00 00 66 00 BB FF F7 12 34 01 3E 00 00 00 00 46,3851,3851,102,4660,2026-04-09 13:23:39.448,318,187,-9,
FF FF FF FF 00 25 01 8D 20 01 01 02 00 00 0F 0B 00 00 0F 0B 00 00 00 66 00 BC FF F7 12 34 01 3F 00 00 00 00 41,3851,3851,102,4660,2026-04-09 13:23:39.495,319,188,-9,
FF FF FF FF 00 25 01 8E 20 01 01 02 00 00 0F 0B 00 00 0F 0B 00 00 00 67 00 BC FF F7 12 34 01 40 00 00 00 00 3C,3851,3851,103,4660,2026-04-09 13:23:39.527,320,188,-9,
FF FF FF FF 00 25 01 8F 20 01 01 02 00 00 0F 0B 00 00 0F 0B 00 00 00 67 00 BC FF F8 12 34 01 41 00 00 00 00 33,3851,3851,103,4660,2026-04-09 13:23:39.543,321,188,-8,
FF FF FF FF 00 25 01 90 20 01 01 02 00 00 0F 0B 00 00 0F 0B 00 00 00 67 00 BC FF F8 12 34 01 42 00 00 00 00 2F,3851,3851,103,4660,2026-04-09 13:23:39.575,322,188,-8,
FF FF FF FF 00 25 01 91 20 01 01 02 00 00 0F 0B 00 00 0F 0B 00 00 00 68 00 BC FF F8 12 34 01 43 00 00 00 00 20,3851,3851,104,4660,2026-04-09 13:23:39.591,323,188,-8,
FF FF FF FF 00 25 01 92 20 01 01 02 00 00 0F 0B 00 00 0F 0B 00 00 00 68 00 BC FF F8 12 34 01 44 00 00 00 00 24,3851,3851,104,4660,2026-04-09 13:23:39.623,324,188,-8,
FF FF FF FF 00 25 01 93 20 01 01 02 00 00 0F 0B 00 00 0F 0B 00 00 00 68 00 BD FF F9 12 34 01 45 00 00 00 00 24,3851,3851,104,4660,2026-04-09 13:23:39.670,325,189,-7,
FF FF FF FF 00 25 01 94 20 01 01 02 00 00 0F 0B 00 00 0F 0B 00 00 00 67 00 BD FF F8 12 34 01 46 00 00 00 00 2E,3851,3851,103,4660,2026-04-09 13:23:39.702,326,189,-8,
FF FF FF FF 00 25 01 95 20 01 01 02 00 00 0F 0B 00 00 0F 0B 00 00 00 67 00 BD FF F9 12 34 01 47 00 00 00 00 2F,3851,3851,103,4660,2026-04-09 13:23:39.718,327,189,-7,
FF FF FF FF 00 25 01 96 20 01 01 02 00 00 0F 0B 00 00 0F 0B 00 00 00 67 00 BC FF F9 12 34 01 48 00 00 00 00 22,3851,3851,103,4660,2026-04-09 13:23:39.750,328,188,-7,
FF FF FF FF 00 25 01 97 20 01 01 02 00 00 0F 0B 00 00 0F 0B 00 00 00 67 00 BD FF FA 12 34 01 49 00 00 00 00 20,3851,3851,103,4660,2026-04-09 13:23:39.765,329,189,-6,
FF FF FF FF 00 25 01 98 20 01 01 02 00 00 0F 0B 00 00 0F 0B 00 00 00 67 00 BD FF FA 12 34 01 4A 00 00 00 00 2C,3851,3851,103,4660,2026-04-09 13:23:39.796,330,189,-6,
FF FF FF FF 00 25 01 99 20 01 01 02 00 00 0F 0B 00 00 0F 0B 00 00 00 66 00 BD FF FA 12 34 01 4B 00 00 00 00 2D,3851,3851,102,4660,2026-04-09 13:23:39.827,331,189,-6,
FF FF FF FF 00 25 01 9A 20 01 01 02 00 00 0F 0B 00 00 0F 0B 00 00 00 66 00 BD FF FB 12 34 01 4C 00 00 00 00 28,3851,3851,102,4660,2026-04-09 13:23:39.842,332,189,-5,
FF FF FF FF 00 25 01 9B 20 01 01 02 00 00 0F 0B 00 00 0F 0B 00 00 00 66 00 BD FF FB 12 34 01 4D 00 00 00 00 28,3851,3851,102,4660,2026-04-09 13:23:39.874,333,189,-5,
FF FF FF FF 00 25 01 9C 20 01 01 02 00 00 0F 0B 00 00 0F 0B 00 00 00 65 00 BC FF FB 12 34 01 4E 00 00 00 00 2E,3851,3851,101,4660,2026-04-09 13:23:39.920,334,188,-5,
FF FF FF FF 00 25 01 9D 20 01 01 02 00 00 0F 0B 00 00 0F 0B 00 00 00 65 00 BD FF FC 12 34 01 4F 00 00 00 00 28,3851,3851,101,4660,2026-04-09 13:23:39.951,335,189,-4,
FF FF FF FF 00 25 01 9E 20 01 01 02 00 00 0F 0B 00 00 0F 0B 00 00 00 64 00 BD FF FB 12 34 01 50 00 00 00 00 32,3851,3851,100,4660,2026-04-09 13:23:39.966,336,189,-5,
FF FF FF FF 00 25 01 9F 20 01 01 02 00 00 0F 0B 00 00 0F 0B 00 00 00 63 00 BD FF FB 12 34 01 51 00 00 00 00 35,3851,3851,99,4660,2026-04-09 13:23:39.998,337,189,-5,
FF FF FF FF 00 25 01 A0 20 01 01 02 00 00 0F 0B 00 00 0F 0B 00 00 00 63 00 BD FF FC 12 34 01 52 00 00 00 00 0E,3851,3851,99,4660,2026-04-09 13:23:40.028,338,189,-4,
FF FF FF FF 00 25 01 A1 20 01 01 02 00 00 0F 0B 00 00 0F 0B 00 00 00 62 00 BD FF FC 12 34 01 53 00 00 00 00 0F,3851,3851,98,4660,2026-04-09 13:23:40.043,339,189,-4,
FF FF FF FF 00 25 01 A2 20 01 01 02 00 00 0F 0B 00 00 0F 0B 00 00 00 63 00 BE FF FD 12 34 01 54 00 00 00 00 08,3851,3851,99,4660,2026-04-09 13:23:40.074,340,190,-3,
FF FF FF FF 00 25 01 A3 20 01 01 02 00 00 0F 0B 00 00 0F 0B 00 00 00 63 00 BE FF FC 12 34 01 55 00 00 00 00 09,3851,3851,99,4660,2026-04-09 13:23:40.119,341,190,-4,
FF FF FF FF 00 25 01 A4 20 01 01 02 00 00 0F 0B 00 00 0F 0B 00 00 00 63 00 BE FF FC 12 34 01 56 00 00 00 00 0D,3851,3851,99,4660,2026-04-09 13:23:40.150,342,190,-4,
FF FF FF FF 00 25 01 A5 20 01 01 02 00 00 0F 0B 00 00 0F 0B 00 00 00 63 00 BE FF FC 12 34 01 57 00 00 00 00 0D,3851,3851,99,4660,2026-04-09 13:23:40.165,343,190,-4,
FF FF FF FF 00 25 01 A6 20 01 01 02 00 00 0F 0B 00 00 0F 0B 00 00 00 63 00 BE FF FD 12 34 01 58 00 00 00 00 00,3851,3851,99,4660,2026-04-09 13:23:40.196,344,190,-3,
FF FF FF FF 00 25 01 A7 20 01 01 02 00 00 0F 0B 00 00 0F 0B 00 00 00 63 00 BE FF FD 12 34 01 59 00 00 00 00 00,3851,3851,99,4660,2026-04-09 13:23:40.227,345,190,-3,
FF FF FF FF 00 25 01 A8 20 01 01 02 00 00 0F 0B 00 00 0F 0B 00 00 00 64 00 BD FF FD 12 34 01 5A 00 00 00 00 08,3851,3851,100,4660,2026-04-09 13:23:40.243,346,189,-3,
FF FF FF FF 00 25 01 A9 20 01 01 02 00 00 0F 0B 00 00 0F 0B 00 00 00 64 00 BD FF FC 12 34 01 5B 00 00 00 00 09,3851,3851,100,4660,2026-04-09 13:23:40.274,347,189,-4,
FF FF FF FF 00 25 01 AA 20 01 01 02 00 00 0F 0B 00 00 0F 0B 00 00 00 64 00 BD FF FC 12 34 01 5C 00 00 00 00 0D,3851,3851,100,4660,2026-04-09 13:23:40.320,348,189,-4,
FF FF FF FF 00 25 01 AB 20 01 01 02 00 00 0F 0B 00 00 0F 0B 00 00 00 65 00 BE FF FC 12 34 01 5D 00 00 00 00 0F,3851,3851,101,4660,2026-04-09 13:23:40.351,349,190,-4,
FF FF FF FF 00 25 01 AC 20 01 01 02 00 00 0F 0B 00 00 0F 0B 00 00 00 65 00 BE FF FC 12 34 01 5E 00 00 00 00 0B,3851,3851,101,4660,2026-04-09 13:23:40.366,350,190,-4,
FF FF FF FF 00 25 01 AD 20 01 01 02 00 00 0F 0B 00 00 0F 0B 00 00 00 66 00 BE FF FC 12 34 01 5F 00 00 00 00 08,3851,3851,102,4660,2026-04-09 13:23:40.397,351,190,-4,
FF FF FF FF 00 25 01 AE 20 01 01 02 00 00 0F 0B 00 00 0F 0B 00 00 00 66 00 BE FF FB 12 34 01 60 00 00 00 00 33,3851,3851,102,4660,2026-04-09 13:23:40.428,352,190,-5,
FF FF FF FF 00 25 01 AF 20 01 01 02 00 00 0F 0B 00 00 0F 0B 00 00 00 66 00 BE FF FC 12 34 01 61 00 00 00 00 34,3851,3851,102,4660,2026-04-09 13:23:40.443,353,190,-4,
FF FF FF FF 00 25 01 B0 20 01 01 02 00 00 0F 0B 00 00 0F 0B 00 00 00 67 00 BE FF FD 12 34 01 62 00 00 00 00 28,3851,3851,103,4660,2026-04-09 13:23:40.475,354,190,-3,
FF FF FF FF 00 25 01 B1 20 01 01 02 00 00 0F 0B 00 00 0F 0B 00 00 00 67 00 BE FF FD 12 34 01 63 00 00 00 00 28,3851,3851,103,4660,2026-04-09 13:23:40.490,355,190,-3,
FF FF FF FF 00 25 01 B2 20 01 01 02 00 00 0F 0B 00 00 0F 0B 00 00 00 67 00 BE FF FC 12 34 01 64 00 00 00 00 2D,3851,3851,103,4660,2026-04-09 13:23:40.521,356,190,-4,
FF FF FF FF 00 25 01 B3 20 01 01 02 00 00 0F 0B 00 00 0F 0B 00 00 00 68 00 BE FF FC 12 34 01 65 00 00 00 00 22,3851,3851,104,4660,2026-04-09 13:23:40.551,357,190,-4,
FF FF FF FF 00 25 01 B4 20 01 01 02 00 00 0F 0B 00 00 0F 0B 00 00 00 68 00 BE FF FB 12 34 01 66 00 00 00 00 21,3851,3851,104,4660,2026-04-09 13:23:40.567,358,190,-5,
FF FF FF FF 00 25 01 B5 20 01 01 02 00 00 0F 0B 00 00 0F 0B 00 00 00 68 00 BE FF FB 12 34 01 67 00 00 00 00 21,3851,3851,104,4660,2026-04-09 13:23:40.598,359,190,-5,
FF FF FF FF 00 25 01 B6 20 01 01 02 00 00 0F 0B 00 00 0F 0B 00 00 00 68 00 BF FF FB 12 34 01 68 00 00 00 00 2C,3851,3851,104,4660,2026-04-09 13:23:40.645,360,191,-5,
FF FF FF FF 00 25 01 B7 20 01 01 02 00 00 0F 0B 00 00 0F 0B 00 00 00 68 00 BF FF FB 12 34 01 69 00 00 00 00 2C,3851,3851,104,4660,2026-04-09 13:23:40.676,361,191,-5,
FF FF FF FF 00 25 01 B8 20 01 01 02 00 00 0F 0B 00 00 0F 0B 00 00 00 68 00 BF FF FB 12 34 01 6A 00 00 00 00 20,3851,3851,104,4660,2026-04-09 13:23:40.692,362,191,-5,
FF FF FF FF 00 25 01 B9 20 01 01 02 00 00 0F 0B 00 00 0F 0B 00 00 00 68 00 BF FF FB 12 34 01 6B 00 00 00 00 20,3851,3851,104,4660,2026-04-09 13:23:40.723,363,191,-5,
FF FF FF FF 00 25 01 BA 20 01 01 02 00 00 0F 0B 00 00 0F 0B 00 00 00 68 00 BF FF FB 12 34 01 6C 00 00 00 00 24,3851,3851,104,4660,2026-04-09 13:23:40.770,364,191,-5,
FF FF FF FF 00 25 01 BB 20 01 01 02 00 00 0F 0B 00 00 0F 0B 00 00 00 67 00 BE FF FB 12 34 01 6D 00 00 00 00 2A,3851,3851,103,4660,2026-04-09 13:23:40.801,365,190,-5,
FF FF FF FF 00 25 01 BC 20 01 01 02 00 00 0F 0B 00 00 0F 0B 00 00 00 66 00 BE FF FB 12 34 01 6E 00 00 00 00 2F,3851,3851,102,4660,2026-04-09 13:23:40.817,366,190,-5,
FF FF FF FF 00 25 01 BD 20 01 01 02 00 00 0F 0B 00 00 0F 0B 00 00 00 64 00 BF FF FC 12 34 01 6F 00 00 00 00 2B,3851,3851,100,4660,2026-04-09 13:23:40.849,367,191,-4,
FF FF FF FF 00 25 01 BE 20 01 01 02 00 00 0F 0B 00 00 0F 0B 00 00 00 63 00 BF FF FD 12 34 01 70 00 00 00 00 31,3851,3851,99,4660,2026-04-09 13:23:40.865,368,191,-3,
FF FF FF FF 00 25 01 BF 20 01 01 02 00 00 0F 0B 00 00 0F 0B 00 00 00 62 00 BE FF FD 12 34 01 71 00 00 00 00 31,3851,3851,98,4660,2026-04-09 13:23:40.896,369,190,-3,
FF FF FF FF 00 25 01 C0 20 01 01 02 00 00 0F 0B 00 00 0F 0B 00 00 00 63 00 BF FF FD 12 34 01 72 00 00 00 00 4D,3851,3851,99,4660,2026-04-09 13:23:40.928,370,191,-3,
FF FF FF FF 00 25 01 C1 20 01 01 02 00 00 0F 0B 00 00 0F 0B 00 00 00 65 00 BF FF FE 12 34 01 73 00 00 00 00 48,3851,3851,101,4660,2026-04-09 13:23:40.944,371,191,-2,
FF FF FF FF 00 25 01 C2 20 01 01 02 00 00 0F 0B 00 00 0F 0B 00 00 00 67 00 BE FF FD 12 34 01 74 00 00 00 00 4C,3851,3851,103,4660,2026-04-09 13:23:40.974,372,190,-3,
FF FF FF FF 00 25 01 C3 20 01 01 02 00 00 0F 0B 00 00 0F 0B 00 00 00 65 00 BE FF FD 12 34 01 75 00 00 00 00 4E,3851,3851,101,4660,2026-04-09 13:23:40.990,373,190,-3,
FF FF FF FF 00 25 01 C4 20 01 01 02 00 00 0F 0B 00 00 0F 0B 00 00 00 65 00 BE FF FD 12 34 01 76 00 00 00 00 4A,3851,3851,101,4660,2026-04-09 13:23:41.021,374,190,-3,
FF FF FF FF 00 25 01 C5 20 01 01 02 00 00 0F 0B 00 00 0F 0B 00 00 00 66 00 BE FF FC 12 34 01 77 00 00 00 00 48,3851,3851,102,4660,2026-04-09 13:23:41.052,375,190,-4,
FF FF FF FF 00 25 01 C6 20 01 01 02 00 00 0F 0B 00 00 0F 0B 00 00 00 65 00 BE FF FC 12 34 01 78 00 00 00 00 47,3851,3851,101,4660,2026-04-09 13:23:41.068,376,190,-4,
FF FF FF FF 00 25 01 C7 20 01 01 02 00 00 0F 0B 00 00 0F 0B 00 00 00 65 00 BE FF FD 12 34 01 79 00 00 00 00 46,3851,3851,101,4660,2026-04-09 13:23:41.099,377,190,-3,
FF FF FF FF 00 25 01 C8 20 01 01 02 00 00 0F 0B 00 00 0F 0B 00 00 00 64 00 BE FF FD 12 34 01 7A 00 00 00 00 4B,3851,3851,100,4660,2026-04-09 13:23:41.145,378,190,-3,
FF FF FF FF 00 25 01 C9 20 01 01 02 00 00 0F 0B 00 00 0F 0B 00 00 00 64 00 BE FF FD 12 34 01 7B 00 00 00 00 4B,3851,3851,100,4660,2026-04-09 13:23:41.176,379,190,-3,
FF FF FF FF 00 25 01 CA 20 01 01 02 00 00 0F 0B 00 00 0F 0B 00 00 00 65 00 BE FF FD 12 34 01 7C 00 00 00 00 4E,3851,3851,101,4660,2026-04-09 13:23:41.191,380,190,-3,
FF FF FF FF 00 25 01 CB 20 01 01 02 00 00 0F 0B 00 00 0F 0B 00 00 00 65 00 BD FF FD 12 34 01 7D 00 00 00 00 4D,3851,3851,101,4660,2026-04-09 13:23:41.222,381,189,-3,
FF FF FF FF 00 25 01 CC 20 01 01 02 00 00 0F 0B 00 00 0F 0B 00 00 00 65 00 BD FF FC 12 34 01 7E 00 00 00 00 48,3851,3851,101,4660,2026-04-09 13:23:41.253,382,189,-4,
FF FF FF FF 00 25 01 CD 20 01 01 02 00 00 0F 0B 00 00 0F 0B 00 00 00 66 00 BD FF FB 12 34 01 7F 00 00 00 00 4C,3851,3851,102,4660,2026-04-09 13:23:41.268,383,189,-5,
FF FF FF FF 00 25 01 CE 20 01 01 02 00 00 0F 0B 00 00 0F 0B 00 00 00 66 00 BD FF FC 12 34 01 80 00 00 00 00 B7,3851,3851,102,4660,2026-04-09 13:23:41.299,384,189,-4,
FF FF FF FF 00 25 01 CF 20 01 01 02 00 00 0F 0B 00 00 0F 0B 00 00 00 67 00 BD FF FC 12 34 01 81 00 00 00 00 B6,3851,3851,103,4660,2026-04-09 13:23:41.315,385,189,-4,
FF FF FF FF 00 25 01 D0 20 01 01 02 00 00 0F 0B 00 00 0F 0B 00 00 00 69 00 BC FF FB 12 34 01 82 00 00 00 00 A2,3851,3851,105,4660,2026-04-09 13:23:41.345,386,188,-5,
FF FF FF FF 00 25 01 D1 20 01 01 02 00 00 0F 0B 00 00 0F 0B 00 00 00 6A 00 BC FF FB 12 34 01 83 00 00 00 00 A1,3851,3851,106,4660,2026-04-09 13:23:41.376,387,188,-5,
FF FF FF FF 00 25 01 D2 20 01 01 02 00 00 0F 0B 00 00 0F 0B 00 00 00 6C 00 BC FF FC 12 34 01 84 00 00 00 00 A4,3851,3851,108,4660,2026-04-09 13:23:41.391,388,188,-4,
FF FF FF FF 00 25 01 D3 20 01 01 02 00 00 0F 0B 00 00 0F 0B 00 00 00 6E 00 BC FF FC 12 34 01 85 00 00 00 00 A6,3851,3851,110,4660,2026-04-09 13:23:41.422,389,188,-4,
FF FF FF FF 00 25 01 D4 20 01 01 02 00 00 0F 0B 00 00 0F 0B 00 00 00 70 00 BC FF FB 12 34 01 86 00 00 00 00 BB,3851,3851,112,4660,2026-04-09 13:23:41.453,390,188,-5,
FF FF FF FF 00 25 01 D5 20 01 01 02 00 00 0F 0B 00 00 0F 0B 00 00 00 71 00 BC FF FC 12 34 01 87 00 00 00 00 BD,3851,3851,113,4660,2026-04-09 13:23:41.468,391,188,-4,
FF FF FF FF 00 25 01 D6 20 01 01 02 00 00 0F 0B 00 00 0F 0B 00 00 00 72 00 BC FF FB 12 34 01 88 00 00 00 00 B5,3851,3851,114,4660,2026-04-09 13:23:41.499,392,188,-5,
FF FF FF FF 00 25 01 D7 20 01 01 02 00 00 0F 0B 00 00 0F 0B 00 00 00 72 00 BD FF FC 12 34 01 89 00 00 00 00 B3,3851,3851,114,4660,2026-04-09 13:23:41.545,393,189,-4,
FF FF FF FF 00 25 01 D8 20 01 01 02 00 00 0F 0B 00 00 0F 0B 00 00 00 73 00 BD FF FC 12 34 01 8A 00 00 00 00 BE,3851,3851,115,4660,2026-04-09 13:23:41.576,394,189,-4,
FF FF FF FF 00 25 01 D9 20 01 01 02 00 00 0F 0B 00 00 0F 0B 00 00 00 73 00 BE FF FD 12 34 01 8B 00 00 00 00 BC,3851,3851,115,4660,2026-04-09 13:23:41.592,395,190,-3,
FF FF FF FF 00 25 01 DA 20 01 01 02 00 00 0F 0B 00 00 0F 0B 00 00 00 74 00 BF FF FD 12 34 01 8C 00 00 00 00 BE,3851,3851,116,4660,2026-04-09 13:23:41.623,396,191,-3,
FF FF FF FF 00 25 01 DB 20 01 01 02 00 00 0F 0B 00 00 0F 0B 00 00 00 74 00 BF FF FC 12 34 01 8D 00 00 00 00 BF,3851,3851,116,4660,2026-04-09 13:23:41.639,397,191,-4,
FF FF FF FF 00 25 01 DC 20 01 01 02 00 00 0F 0B 00 00 0F 0B 00 00 00 74 00 BF FF FD 12 34 01 8E 00 00 00 00 BA,3851,3851,116,4660,2026-04-09 13:23:41.671,398,191,-3,
FF FF FF FF 00 25 01 DD 20 01 01 02 00 00 0F 0B 00 00 0F 0B 00 00 00 75 00 BF FF FC 12 34 01 8F 00 00 00 00 BA,3851,3851,117,4660,2026-04-09 13:23:41.702,399,191,-4,
FF FF FF FF 00 25 01 DE 20 01 01 02 00 00 0F 0B 00 00 0F 0B 00 00 00 75 00 BF FF FD 12 34 01 90 00 00 00 00 A7,3851,3851,117,4660,2026-04-09 13:23:41.718,400,191,-3,
FF FF FF FF 00 25 01 DF 20 01 01 02 00 00 0F 0B 00 00 0F 0B 00 00 00 75 00 BF FF FD 12 34 01 91 00 00 00 00 A7,3851,3851,117,4660,2026-04-09 13:23:41.749,401,191,-3,
FF FF FF FF 00 25 01 E0 20 01 01 02 00 00 0F 0B 00 00 0F 0B 00 00 00 76 00 BF FF FC 12 34 01 92 00 00 00 00 99,3851,3851,118,4660,2026-04-09 13:23:41.795,402,191,-4,
FF FF FF FF 00 25 01 E1 20 01 01 02 00 00 0F 0B 00 00 0F 0B 00 00 00 76 00 BF FF FB 12 34 01 93 00 00 00 00 9E,3851,3851,118,4660,2026-04-09 13:23:41.826,403,191,-5,
FF FF FF FF 00 25 01 E2 20 01 01 02 00 00 0F 0B 00 00 0F 0B 00 00 00 77 00 BF FF FC 12 34 01 94 00 00 00 00 9C,3851,3851,119,4660,2026-04-09 13:23:41.841,404,191,-4,
FF FF FF FF 00 25 01 E3 20 01 01 02 00 00 0F 0B 00 00 0F 0B 00 00 00 78 00 BF FF FB 12 34 01 95 00 00 00 00 94,3851,3851,120,4660,2026-04-09 13:23:41.872,405,191,-5,
FF FF FF FF 00 25 01 E4 20 01 01 02 00 00 0F 0B 00 00 0F 0B 00 00 00 78 00 BE FF FB 12 34 01 96 00 00 00 00 91,3851,3851,120,4660,2026-04-09 13:23:41.902,406,190,-5,
FF FF FF FF 00 25 01 E5 20 01 01 02 00 00 0F 0B 00 00 0F 0B 00 00 00 77 00 BE FF FB 12 34 01 97 00 00 00 00 9E,3851,3851,119,4660,2026-04-09 13:23:41.918,407,190,-5,
FF FF FF FF 00 25 01 E6 20 01 01 02 00 00 0F 0B 00 00 0F 0B 00 00 00 78 00 BE FF FB 12 34 01 98 00 00 00 00 9D,3851,3851,120,4660,2026-04-09 13:23:41.948,408,190,-5,
FF FF FF FF 00 25 01 E7 20 01 01 02 00 00 0F 0B 00 00 0F 0B 00 00 00 79 00 BE FF FA 12 34 01 99 00 00 00 00 9D,3851,3851,121,4660,2026-04-09 13:23:41.995,409,190,-6,
FF FF FF FF 00 25 01 E8 20 01 01 02 00 00 0F 0B 00 00 0F 0B 00 00 00 79 00 BE FF FB 12 34 01 9A 00 00 00 00 90,3851,3851,121,4660,2026-04-09 13:23:42.026,410,190,-5,
FF FF FF FF 00 25 01 E9 20 01 01 02 00 00 0F 0B 00 00 0F 0B 00 00 00 79 00 BE FF FB 12 34 01 9B 00 00 00 00 90,3851,3851,121,4660,2026-04-09 13:23:42.041,411,190,-5,
FF FF FF FF 00 25 01 EA 20 01 01 02 00 00 0F 0B 00 00 0F 0B 00 00 00 79 00 BE FF FA 12 34 01 9C 00 00 00 00 95,3851,3851,121,4660,2026-04-09 13:23:42.072,412,190,-6,
FF FF FF FF 00 25 01 EB 20 01 01 02 00 00 0F 0B 00 00 0F 0B 00 00 00 79 00 BE FF FB 12 34 01 9D 00 00 00 00 94,3851,3851,121,4660,2026-04-09 13:23:42.104,413,190,-5,
FF FF FF FF 00 25 01 EC 20 01 01 02 00 00 0F 0B 00 00 0F 0B 00 00 00 79 00 BD FF FB 12 34 01 9E 00 00 00 00 93,3851,3851,121,4660,2026-04-09 13:23:42.119,414,189,-5,
FF FF FF FF 00 25 01 ED 20 01 01 02 00 00 0F 0B 00 00 0F 0B 00 00 00 79 00 BD FF FB 12 34 01 9F 00 00 00 00 93,3851,3851,121,4660,2026-04-09 13:23:42.149,415,189,-5,
FF FF FF FF 00 25 01 EE 20 01 01 02 00 00 0F 0B 00 00 0F 0B 00 00 00 7A 00 BD FF FB 12 34 01 A0 00 00 00 00 AC,3851,3851,122,4660,2026-04-09 13:23:42.165,416,189,-5,
FF FF FF FF 00 25 01 EF 20 01 01 02 00 00 0F 0B 00 00 0F 0B 00 00 00 78 00 BD FF FB 12 34 01 A1 00 00 00 00 AE,3851,3851,120,4660,2026-04-09 13:23:42.196,417,189,-5,
FF FF FF FF 00 25 01 F0 20 01 01 02 00 00 0F 0B 00 00 0F 0B 00 00 00 78 00 BD FF FB 12 34 01 A2 00 00 00 00 B2,3851,3851,120,4660,2026-04-09 13:23:42.226,418,189,-5,
FF FF FF FF 00 25 01 F1 20 01 01 02 00 00 0F 0B 00 00 0F 0B 00 00 00 76 00 BD FF FB 12 34 01 A3 00 00 00 00 BC,3851,3851,118,4660,2026-04-09 13:23:42.241,419,189,-5,
FF FF FF FF 00 25 01 F2 20 01 01 02 00 00 0F 0B 00 00 0F 0B 00 00 00 76 00 BD FF FB 12 34 01 A4 00 00 00 00 B8,3851,3851,118,4660,2026-04-09 13:23:42.272,420,189,-5,
FF FF FF FF 00 25 01 F3 20 01 01 02 00 00 0F 0B 00 00 0F 0B 00 00 00 76 00 BD FF FB 12 34 01 A5 00 00 00 00 B8,3851,3851,118,4660,2026-04-09 13:23:42.302,421,189,-5,
FF FF FF FF 00 25 01 F4 20 01 01 02 00 00 0F 0B 00 00 0F 0B 00 00 00 74 00 BE FF FA 12 34 01 A6 00 00 00 00 BC,3851,3851,116,4660,2026-04-09 13:23:42.317,422,190,-6,
FF FF FF FF 00 25 01 F5 20 01 01 02 00 00 0F 0B 00 00 0F 0B 00 00 00 75 00 BF FF FB 12 34 01 A7 00 00 00 00 BD,3851,3851,117,4660,2026-04-09 13:23:42.348,423,191,-5,
FF FF FF FF 00 25 01 F6 20 01 01 02 00 00 0F 0B 00 00 0F 0B 00 00 00 75 00 C0 FF FB 12 34 01 A8 00 00 00 00 CE,3851,3851,117,4660,2026-04-09 13:23:42.395,424,192,-5,
FF FF FF FF 00 25 01 F7 20 01 01 02 00 00 0F 0B 00 00 0F 0B 00 00 00 72 00 C0 FF FB 12 34 01 A9 00 00 00 00 C9,3851,3851,114,4660,2026-04-09 13:23:42.426,425,192,-5,
FF FF FF FF 00 25 01 F8 20 01 01 02 00 00 0F 0B 00 00 0F 0B 00 00 00 74 00 C1 FF FC 12 34 01 AA 00 00 00 00 C5,3851,3851,116,4660,2026-04-09 13:23:42.442,426,193,-4,
FF FF FF FF 00 25 01 F9 20 01 01 02 00 00 0F 0B 00 00 0F 0B 00 00 00 70 00 C2 FF FD 12 34 01 AB 00 00 00 00 C3,3851,3851,112,4660,2026-04-09 13:23:42.472,427,194,-3,
FF FF FF FF 00 25 01 FA 20 01 01 02 00 00 0F 0B 00 00 0F 0B 00 00 00 76 00 BD FF FE 12 34 01 AC 00 00 00 00 BD,3851,3851,118,4660,2026-04-09 13:23:42.502,428,189,-2,
FF FF FF FF 00 25 01 FB 20 01 01 02 00 00 0F 0B 00 00 0F 0B 00 00 00 75 00 B9 FF FE 12 34 01 AD 00 00 00 00 BA,3851,3851,117,4660,2026-04-09 13:23:42.517,429,185,-2,
FF FF FF FF 00 25 01 FC 20 01 01 02 00 00 0F 0B 00 00 0F 0B 00 00 00 70 00 B4 00 05 12 34 01 AE 00 00 00 00 B2,3851,3851,112,4660,2026-04-09 13:23:42.548,430,180,5,
FF FF FF FF 00 25 01 FD 20 01 01 02 00 00 0F 0B 00 00 0F 0B 00 00 00 62 00 B5 00 03 12 34 01 AF 00 00 00 00 A7,3851,3851,98,4660,2026-04-09 13:23:42.595,431,181,3,
FF FF FF FF 00 25 01 FE 20 01 01 02 00 00 0F 0B 00 00 0F 0B 00 00 00 60 00 B8 00 02 12 34 01 B0 00 00 00 00 B5,3851,3851,96,4660,2026-04-09 13:23:42.626,432,184,2,
FF FF FF FF 00 25 01 FF 20 01 01 02 00 00 0F 0B 00 00 0F 0B 00 00 00 5F 00 BA 00 01 12 34 01 B1 00 00 00 00 8B,3851,3851,95,4660,2026-04-09 13:23:42.641,433,186,1,
FF FF FF FF 00 25 02 00 20 01 01 02 00 00 0F 0B 00 00 0F 0B 00 00 00 5E 00 BC 00 00 12 34 01 B2 00 00 00 00 72,3851,3851,94,4660,2026-04-09 13:23:42.673,434,188,0,
FF FF FF FF 00 25 02 01 20 01 01 02 00 00 0F 0B 00 00 0F 0B 00 00 00 5D 00 BF 00 00 12 34 01 B3 00 00 00 00 72,3851,3851,93,4660,2026-04-09 13:23:42.719,435,191,0,
FF FF FF FF 00 25 02 02 20 01 01 02 00 00 0F 0B 00 00 0F 0B 00 00 00 5C 00 C0 00 00 12 34 01 B4 00 00 00 00 08,3851,3851,92,4660,2026-04-09 13:23:42.750,436,192,0,
FF FF FF FF 00 25 02 03 20 01 01 02 00 00 0F 0B 00 00 0F 0B 00 00 00 5A 00 C2 00 00 12 34 01 B5 00 00 00 00 0C,3851,3851,90,4660,2026-04-09 13:23:42.766,437,194,0,
FF FF FF FF 00 25 02 04 20 01 01 02 00 00 0F 0B 00 00 0F 0B 00 00 00 5B 00 C4 00 00 12 34 01 B6 00 00 00 00 0F,3851,3851,91,4660,2026-04-09 13:23:42.797,438,196,0,
FF FF FF FF 00 25 02 05 20 01 01 02 00 00 0F 0B 00 00 0F 0B 00 00 00 5C 00 C5 FF FF 12 34 01 B7 00 00 00 00 09,3851,3851,92,4660,2026-04-09 13:23:42.828,439,197,-1,
FF FF FF FF 00 25 02 06 20 01 01 02 00 00 0F 0B 00 00 0F 0B 00 00 00 5E 00 CA 00 00 12 34 01 B8 00 00 00 00 08,3851,3851,94,4660,2026-04-09 13:23:42.843,440,202,0,
FF FF FF FF 00 25 02 07 20 01 01 02 00 00 0F 0B 00 00 0F 0B 00 00 00 5E 00 CC 00 00 12 34 01 B9 00 00 00 00 0E,3851,3851,94,4660,2026-04-09 13:23:42.874,441,204,0,
FF FF FF FF 00 25 02 08 20 01 01 02 00 00 0F 0B 00 00 0F 0B 00 00 00 5C 00 CE 00 00 12 34 01 BA 00 00 00 00 02,3851,3851,92,4660,2026-04-09 13:23:42.890,442,206,0,
FF FF FF FF 00 25 02 09 20 01 01 02 00 00 0F 0B 00 00 0F 0B 00 00 00 5A 00 D0 00 00 12 34 01 BB 00 00 00 00 1A,3851,3851,90,4660,2026-04-09 13:23:42.921,443,208,0,
FF FF FF FF 00 25 02 0A 20 01 01 02 00 00 0F 0B 00 00 0F 0B 00 00 00 5B 00 D2 00 00 12 34 01 BC 00 00 00 00 1D,3851,3851,91,4660,2026-04-09 13:23:42.952,444,210,0,
FF FF FF FF 00 25 02 0B 20 01 01 02 00 00 0F 0B 00 00 0F 0B 00 00 00 5C 00 D4 00 00 12 34 01 BD 00 00 00 00 1C,3851,3851,92,4660,2026-04-09 13:23:42.967,445,212,0,
FF FF FF FF 00 25 02 0C 20 01 01 02 00 00 0F 0B 00 00 0F 0B 00 00 00 5C 00 D6 00 00 12 34 01 BE 00 00 00 00 1A,3851,3851,92,4660,2026-04-09 13:23:42.998,446,214,0,
FF FF FF FF 00 25 02 0D 20 01 01 02 00 00 0F 0B 00 00 0F 0B 00 00 00 5D 00 D8 00 00 12 34 01 BF 00 00 00 00 15,3851,3851,93,4660,2026-04-09 13:23:43.044,447,216,0,
FF FF FF FF 00 25 02 0E 20 01 01 02 00 00 0F 0B 00 00 0F 0B 00 00 00 5F 00 DA 00 01 12 34 01 C0 00 00 00 00 68,3851,3851,95,4660,2026-04-09 13:23:43.075,448,218,1,
FF FF FF FF 00 25 02 0F 20 01 01 02 00 00 0F 0B 00 00 0F 0B 00 00 00 61 00 DB 00 01 12 34 01 C1 00 00 00 00 57,3851,3851,97,4660,2026-04-09 13:23:43.090,449,219,1,
FF FF FF FF 00 25 02 10 20 01 01 02 00 00 0F 0B 00 00 0F 0B 00 00 00 63 00 DF 00 01 12 34 01 C2 00 00 00 00 4D,3851,3851,99,4660,2026-04-09 13:23:43.121,450,223,1,
FF FF FF FF 00 25 02 11 20 01 01 02 00 00 0F 0B 00 00 0F 0B 00 00 00 65 00 E0 00 01 12 34 01 C3 00 00 00 00 74,3851,3851,101,4660,2026-04-09 13:23:43.152,451,224,1,
FF FF FF FF 00 25 02 12 20 01 01 02 00 00 0F 0B 00 00 0F 0B 00 00 00 6F 00 E2 00 02 12 34 01 C4 00 00 00 00 7B,3851,3851,111,4660,2026-04-09 13:23:43.167,452,226,2,
FF FF FF FF 00 25 02 13 20 01 01 02 00 00 0F 0B 00 00 0F 0B 00 00 00 74 00 E4 00 03 12 34 01 C5 00 00 00 00 67,3851,3851,116,4660,2026-04-09 13:23:43.199,453,228,3,
FF FF FF FF 00 25 02 14 20 01 01 02 00 00 0F 0B 00 00 0F 0B 00 00 00 78 00 E6 00 05 12 34 01 C6 00 00 00 00 6B,3851,3851,120,4660,2026-04-09 13:23:43.245,454,230,5,
FF FF FF FF 00 25 02 15 20 01 01 02 00 00 0F 0B 00 00 0F 0B 00 00 00 7C 00 E8 00 05 12 34 01 C7 00 00 00 00 61,3851,3851,124,4660,2026-04-09 13:23:43.276,455,232,5,
FF FF FF FF 00 25 02 16 20 01 01 02 00 00 0F 0B 00 00 0F 0B 00 00 00 7E 00 E8 00 06 12 34 01 C8 00 00 00 00 6C,3851,3851,126,4660,2026-04-09 13:23:43.291,456,232,6,
FF FF FF FF 00 25 02 17 20 01 01 02 00 00 0F 0B 00 00 0F 0B 00 00 00 80 00 E9 00 07 12 34 01 C9 00 00 00 00 92,3851,3851,128,4660,2026-04-09 13:23:43.322,457,233,7,
FF FF FF FF 00 25 02 18 20 01 01 02 00 00 0F 0B 00 00 0F 0B 00 00 00 82 00 E8 00 08 12 34 01 CA 00 00 00 00 92,3851,3851,130,4660,2026-04-09 13:23:43.353,458,232,8,
FF FF FF FF 00 25 02 19 20 01 01 02 00 00 0F 0B 00 00 0F 0B 00 00 00 85 00 E8 00 09 12 34 01 CB 00 00 00 00 94,3851,3851,133,4660,2026-04-09 13:23:43.369,459,232,9,
FF FF FF FF 00 25 02 1A 20 01 01 02 00 00 0F 0B 00 00 0F 0B 00 00 00 8A 00 E8 00 09 12 34 01 CC 00 00 00 00 9F,3851,3851,138,4660,2026-04-09 13:23:43.400,460,232,9,
FF FF FF FF 00 25 02 1B 20 01 01 02 00 00 0F 0B 00 00 0F 0B 00 00 00 8E 00 E8 00 09 12 34 01 CD 00 00 00 00 9B,3851,3851,142,4660,2026-04-09 13:23:43.415,461,232,9,
FF FF FF FF 00 25 02 1C 20 01 01 02 00 00 0F 0B 00 00 0F 0B 00 00 00 95 00 E9 00 0B 12 34 01 CE 00 00 00 00 87,3851,3851,149,4660,2026-04-09 13:23:43.447,462,233,11,
FF FF FF FF 00 25 02 1D 20 01 01 02 00 00 0F 0B 00 00 0F 0B 00 00 00 9C 00 EA 00 0C 12 34 01 CF 00 00 00 00 8A,3851,3851,156,4660,2026-04-09 13:23:43.477,463,234,12,
FF FF FF FF 00 25 02 1E 20 01 01 02 00 00 0F 0B 00 00 0F 0B 00 00 00 9F 00 EA 00 0D 12 34 01 D0 00 00 00 00 94,3851,3851,159,4660,2026-04-09 13:23:43.493,464,234,13,
FF FF FF FF 00 25 02 1F 20 01 01 02 00 00 0F 0B 00 00 0F 0B 00 00 00 A6 00 EC 00 0E 12 34 01 D1 00 00 00 00 A8,3851,3851,166,4660,2026-04-09 13:23:43.524,465,236,14,
FF FF FF FF 00 25 02 20 20 01 01 02 00 00 0F 0B 00 00 0F 0B 00 00 00 AB 00 EF 00 0D 12 34 01 D2 00 00 00 00 99,3851,3851,171,4660,2026-04-09 13:23:43.540,466,239,13,
FF FF FF FF 00 25 02 21 20 01 01 02 00 00 0F 0B 00 00 0F 0B 00 00 00 AD 00 EF 00 0D 12 34 01 D3 00 00 00 00 9F,3851,3851,173,4660,2026-04-09 13:23:43.572,467,239,13,
FF FF FF FF 00 25 02 22 20 01 01 02 00 00 0F 0B 00 00 0F 0B 00 00 00 B2 00 EF 00 0D 12 34 01 D4 00 00 00 00 84,3851,3851,178,4660,2026-04-09 13:23:43.602,468,239,13,
FF FF FF FF 00 25 02 23 20 01 01 02 00 00 0F 0B 00 00 0F 0B 00 00 00 B4 00 EF 00 0D 12 34 01 D5 00 00 00 00 82,3851,3851,180,4660,2026-04-09 13:23:43.618,469,239,13,
FF FF FF FF 00 25 02 24 20 01 01 02 00 00 0F 0B 00 00 0F 0B 00 00 00 B9 00 EF 00 0D 12 34 01 D6 00 00 00 00 8B,3851,3851,185,4660,2026-04-09 13:23:43.650,470,239,13,
FF FF FF FF 00 25 02 25 20 01 01 02 00 00 0F 0B 00 00 0F 0B 00 00 00 BE 00 ED 00 0E 12 34 01 D7 00 00 00 00 8D,3851,3851,190,4660,2026-04-09 13:23:43.666,471,237,14,
FF FF FF FF 00 25 02 26 20 01 01 02 00 00 0F 0B 00 00 0F 0B 00 00 00 C2 00 EB 00 0E 12 34 01 D8 00 00 00 00 FB,3851,3851,194,4660,2026-04-09 13:23:43.697,472,235,14,
FF FF FF FF 00 25 02 27 20 01 01 02 00 00 0F 0B 00 00 0F 0B 00 00 00 B6 00 E7 00 10 12 34 01 D9 00 00 00 00 9D,3851,3851,182,4660,2026-04-09 13:23:43.728,473,231,16,
FF FF FF FF 00 25 02 28 20 01 01 02 00 00 0F 0B 00 00 0F 0B 00 00 00 BE 00 E7 00 0E 12 34 01 DA 00 00 00 00 87,3851,3851,190,4660,2026-04-09 13:23:43.743,474,231,14,
FF FF FF FF 00 25 02 29 20 01 01 02 00 00 0F 0B 00 00 0F 0B 00 00 00 C5 00 E2 00 11 12 34 01 DB 00 00 00 00 E6,3851,3851,197,4660,2026-04-09 13:23:43.774,475,226,17,
FF FF FF FF 00 25 02 2A 20 01 01 02 00 00 0F 0B 00 00 0F 0B 00 00 00 CA 00 E2 00 0E 12 34 01 DC 00 00 00 00 F2,3851,3851,202,4660,2026-04-09 13:23:43.820,476,226,14,
FF FF FF FF 00 25 02 2B 20 01 01 02 00 00 0F 0B 00 00 0F 0B 00 00 00 D9 00 E2 00 0E 12 34 01 DD 00 00 00 00 E1,3851,3851,217,4660,2026-04-09 13:23:43.851,477,226,14,
FF FF FF FF 00 25 02 2C 20 01 01 02 00 00 0F 0B 00 00 0F 0B 00 00 00 D7 00 E0 00 0E 12 34 01 DE 00 00 00 00 E9,3851,3851,215,4660,2026-04-09 13:23:43.898,478,224,14,
FF FF FF FF 00 25 02 2D 20 01 01 02 00 00 0F 0B 00 00 0F 0B 00 00 00 DC 00 DE 00 0C 12 34 01 DF 00 00 00 00 DE,3851,3851,220,4660,2026-04-09 13:23:43.945,479,222,12,
FF FF FF FF 00 25 02 2E 20 01 01 02 00 00 0F 0B 00 00 0F 0B 00 00 00 E4 00 DD 00 0B 12 34 01 E0 00 00 00 00 DE,3851,3851,228,4660,2026-04-09 13:23:43.977,480,221,11,
FF FF FF FF 00 25 02 2F 20 01 01 02 00 00 0F 0B 00 00 0F 0B 00 00 00 EB 00 DB 00 0A 12 34 01 E1 00 00 00 00 D6,3851,3851,235,4660,2026-04-09 13:23:43.993,481,219,10,
FF FF FF FF 00 25 02 30 20 01 01 02 00 00 0F 0B 00 00 0F 0B 00 00 00 F0 00 D9 00 09 12 34 01 E2 00 00 00 00 D0,3851,3851,240,4660,2026-04-09 13:23:44.023,482,217,9,
FF FF FF FF 00 25 02 31 20 01 01 02 00 00 0F 0B 00 00 0F 0B 00 00 00 F6 00 D7 00 09 12 34 01 E3 00 00 00 00 D8,3851,3851,246,4660,2026-04-09 13:23:44.070,483,215,9,
FF FF FF FF 00 25 02 32 20 01 01 02 00 00 0F 0B 00 00 0F 0B 00 00 00 FA 00 D6 00 09 12 34 01 E4 00 00 00 00 D1,3851,3851,250,4660,2026-04-09 13:23:44.102,484,214,9,
FF FF FF FF 00 25 02 33 20 01 01 02 00 00 0F 0B 00 00 0F 0B 00 00 00 FD 00 D6 00 09 12 34 01 E5 00 00 00 00 D6,3851,3851,253,4660,2026-04-09 13:23:44.118,485,214,9,
FF FF FF FF 00 25 02 34 20 01 01 02 00 00 0F 0B 00 00 0F 0B 00 00 00 FF 00 D5 00 09 12 34 01 E6 00 00 00 00 D3,3851,3851,255,4660,2026-04-09 13:23:44.150,486,213,9,
FF FF FF FF 00 25 02 35 20 01 01 02 00 00 0F 0B 00 00 0F 0B 00 00 01 00 00 D4 00 09 12 34 01 E7 00 00 00 00 2C,3851,3851,256,4660,2026-04-09 13:23:44.166,487,212,9,
FF FF FF FF 00 25 02 36 20 01 01 02 00 00 0F 0B 00 00 0F 0B 00 00 01 09 00 D4 00 09 12 34 01 E8 00 00 00 00 29,3851,3851,265,4660,2026-04-09 13:23:44.196,488,212,9,
FF FF FF FF 00 25 02 37 20 01 01 02 00 00 0F 0B 00 00 0F 0B 00 00 01 0B 00 D2 00 0A 12 34 01 E9 00 00 00 00 2E,3851,3851,267,4660,2026-04-09 13:23:44.226,489,210,10,
FF FF FF FF 00 25 02 38 20 01 01 02 00 00 0F 0B 00 00 0F 0B 00 00 01 0D 00 D1 00 0A 12 34 01 EA 00 00 00 00 27,3851,3851,269,4660,2026-04-09 13:23:44.242,490,209,10,
FF FF FF FF 00 25 02 39 20 01 01 02 00 00 0F 0B 00 00 0F 0B 00 00 01 0E 00 D0 00 0D 12 34 01 EB 00 00 00 00 22,3851,3851,270,4660,2026-04-09 13:23:44.272,491,208,13,
FF FF FF FF 00 25 02 3A 20 01 01 02 00 00 0F 0B 00 00 0F 0B 00 00 01 0E 00 D0 00 0D 12 34 01 EC 00 00 00 00 26,3851,3851,270,4660,2026-04-09 13:23:44.319,492,208,13,
FF FF FF FF 00 25 02 3B 20 01 01 02 00 00 0F 0B 00 00 0F 0B 00 00 01 14 00 CE 00 0D 12 34 01 ED 00 00 00 00 22,3851,3851,276,4660,2026-04-09 13:23:44.350,493,206,13,
FF FF FF FF 00 25 02 3C 20 01 01 02 00 00 0F 0B 00 00 0F 0B 00 00 01 15 00 CF 00 0C 12 34 01 EE 00 00 00 00 27,3851,3851,277,4660,2026-04-09 13:23:44.365,494,207,12,
FF FF FF FF 00 25 02 3D 20 01 01 02 00 00 0F 0B 00 00 0F 0B 00 00 01 11 00 D1 00 0C 12 34 01 EF 00 00 00 00 3D,3851,3851,273,4660,2026-04-09 13:23:44.396,495,209,12,
FF FF FF FF 00 25 02 3E 20 01 01 02 00 00 0F 0B 00 00 0F 0B 00 00 01 11 00 D1 00 0C 12 34 01 F0 00 00 00 00 21,3851,3851,273,4660,2026-04-09 13:23:44.442,496,209,12,
FF FF FF FF 00 25 02 3F 20 01 01 02 00 00 0F 0B 00 00 0F 0B 00 00 01 0F 00 D2 00 0C 12 34 01 F1 00 00 00 00 3C,3851,3851,271,4660,2026-04-09 13:23:44.519,497,210,12,
FF FF FF FF 00 25 02 40 20 01 01 02 00 00 0F 0B 00 00 0F 0B 00 00 01 11 00 D0 00 0D 12 34 01 F2 00 00 00 00 5D,3851,3851,273,4660,2026-04-09 13:23:44.566,498,208,13,
FF FF FF FF 00 25 02 41 20 01 01 02 00 00 0F 0B 00 00 0F 0B 00 00 01 11 00 D1 00 0C 12 34 01 F3 00 00 00 00 5D,3851,3851,273,4660,2026-04-09 13:23:44.597,499,209,12,
FF FF FF FF 00 25 02 42 20 01 01 02 00 00 0F 0B 00 00 0F 0B 00 00 01 13 00 D2 00 0C 12 34 01 F4 00 00 00 00 58,3851,3851,275,4660,2026-04-09 13:23:44.645,500,210,12,
FF FF FF FF 00 25 02 43 20 01 01 02 00 00 0F 0B 00 00 0F 0B 00 00 01 15 00 D3 00 0C 12 34 01 F5 00 00 00 00 5F,3851,3851,277,4660,2026-04-09 13:23:44.676,501,211,12,
FF FF FF FF 00 25 02 44 20 01 01 02 00 00 0F 0B 00 00 0F 0B 00 00 01 16 00 D3 00 0B 12 34 01 F6 00 00 00 00 5F,3851,3851,278,4660,2026-04-09 13:23:44.692,502,211,11,
FF FF FF FF 00 25 02 45 20 01 01 02 00 00 0F 0B 00 00 0F 0B 00 00 01 16 00 D5 00 0C 12 34 01 F7 00 00 00 00 5E,3851,3851,278,4660,2026-04-09 13:23:44.723,503,213,12,
FF FF FF FF 00 25 02 46 20 01 01 02 00 00 0F 0B 00 00 0F 0B 00 00 01 17 00 D5 00 0C 12 34 01 F8 00 00 00 00 53,3851,3851,279,4660,2026-04-09 13:23:44.770,504,213,12,
FF FF FF FF 00 25 02 47 20 01 01 02 00 00 0F 0B 00 00 0F 0B 00 00 01 17 00 D4 00 0C 12 34 01 F9 00 00 00 00 52,3851,3851,279,4660,2026-04-09 13:23:44.800,505,212,12,
FF FF FF FF 00 25 02 48 20 01 01 02 00 00 0F 0B 00 00 0F 0B 00 00 01 18 00 D3 00 0B 12 34 01 FA 00 00 00 00 51,3851,3851,280,4660,2026-04-09 13:23:44.816,506,211,11,
FF FF FF FF 00 25 02 49 20 01 01 02 00 00 0F 0B 00 00 0F 0B 00 00 01 19 00 D1 00 0B 12 34 01 FB 00 00 00 00 52,3851,3851,281,4660,2026-04-09 13:23:44.846,507,209,11,
FF FF FF FF 00 25 02 4A 20 01 01 02 00 00 0F 0B 00 00 0F 0B 00 00 01 16 00 D2 00 0A 12 34 01 FC 00 00 00 00 5B,3851,3851,278,4660,2026-04-09 13:23:44.877,508,210,10,
FF FF FF FF 00 25 02 4B 20 01 01 02 00 00 0F 0B 00 00 0F 0B 00 00 01 15 00 D3 00 09 12 34 01 FD 00 00 00 00 5A,3851,3851,277,4660,2026-04-09 13:23:44.893,509,211,9,
FF FF FF FF 00 25 02 4C 20 01 01 02 00 00 0F 0B 00 00 0F 0B 00 00 01 16 00 D3 00 0A 12 34 01 FE 00 00 00 00 5E,3851,3851,278,4660,2026-04-09 13:23:44.924,510,211,10,
FF FF FF FF 00 25 02 4D 20 01 01 02 00 00 0F 0B 00 00 0F 0B 00 00 01 16 00 D3 00 09 12 34 01 FF 00 00 00 00 5D,3851,3851,278,4660,2026-04-09 13:23:44.970,511,211,9,
FF FF FF FF 00 25 02 4E 20 01 01 02 00 00 0F 0B 00 00 0F 0B 00 00 01 16 00 D2 00 0A 12 34 02 00 00 00 00 00 A0,3851,3851,278,4660,2026-04-09 13:23:45.001,512,210,10,
FF FF FF FF 00 25 02 4F 20 01 01 02 00 00 0F 0B 00 00 0F 0B 00 00 01 17 00 D1 00 0B 12 34 02 01 00 00 00 00 A3,3851,3851,279,4660,2026-04-09 13:23:45.047,513,209,11,
FF FF FF FF 00 25 02 50 20 01 01 02 00 00 0F 0B 00 00 0F 0B 00 00 01 19 00 D0 00 0B 12 34 02 02 00 00 00 00 B0,3851,3851,281,4660,2026-04-09 13:23:45.078,514,208,11,
FF FF FF FF 00 25 02 51 20 01 01 02 00 00 0F 0B 00 00 0F 0B 00 00 01 1C 00 CE 00 0C 12 34 02 03 00 00 00 00 AC,3851,3851,284,4660,2026-04-09 13:23:45.093,515,206,12,
FF FF FF FF 00 25 02 52 20 01 01 02 00 00 0F 0B 00 00 0F 0B 00 00 01 1F 00 CD 00 0D 12 34 02 04 00 00 00 00 A9,3851,3851,287,4660,2026-04-09 13:23:45.124,516,205,13,
FF FF FF FF 00 25 02 53 20 01 01 02 00 00 0F 0B 00 00 0F 0B 00 00 01 22 00 CC 00 0E 12 34 02 05 00 00 00 00 96,3851,3851,290,4660,2026-04-09 13:23:45.140,517,204,14,
FF FF FF FF 00 25 02 54 20 01 01 02 00 00 0F 0B 00 00 0F 0B 00 00 01 1D 00 CB 00 0F 12 34 02 06 00 00 00 00 AB,3851,3851,285,4660,2026-04-09 13:23:45.171,518,203,15,
FF FF FF FF 00 25 02 55 20 01 01 02 00 00 0F 0B 00 00 0F 0B 00 00 01 35 00 D0 00 0D 12 34 02 07 00 00 00 00 9A,3851,3851,309,4660,2026-04-09 13:23:45.202,519,208,13,
FF FF FF FF 00 25 02 56 20 01 01 02 00 00 0F 0B 00 00 0F 0B 00 00 01 39 00 D4 00 0C 12 34 02 08 00 00 00 00 9F,3851,3851,313,4660,2026-04-09 13:23:45.217,520,212,12,
FF FF FF FF 00 25 02 57 20 01 01 02 00 00 0F 0B 00 00 0F 0B 00 00 01 18 00 D3 00 0C 12 34 02 09 00 00 00 00 B9,3851,3851,280,4660,2026-04-09 13:23:45.248,521,211,12,
FF FF FF FF 00 25 02 58 20 01 01 02 00 00 0F 0B 00 00 0F 0B 00 00 01 1D 00 D3 00 0C 12 34 02 0A 00 00 00 00 B0,3851,3851,285,4660,2026-04-09 13:23:45.296,522,211,12,
FF FF FF FF 00 25 02 59 20 01 01 02 00 00 0F 0B 00 00 0F 0B 00 00 01 3D 00 D7 00 0E 12 34 02 0B 00 00 00 00 96,3851,3851,317,4660,2026-04-09 13:23:45.327,523,215,14,
FF FF FF FF 00 25 02 5A 20 01 01 02 00 00 0F 0B 00 00 0F 0B 00 00 01 18 00 D6 00 0E 12 34 02 0C 00 00 00 00 B6,3851,3851,280,4660,2026-04-09 13:23:45.343,524,214,14,
FF FF FF FF 00 25 02 5B 20 01 01 02 00 00 0F 0B 00 00 0F 0B 00 00 01 18 00 D5 00 0D 12 34 02 0D 00 00 00 00 B6,3851,3851,280,4660,2026-04-09 13:23:45.374,525,213,13,
FF FF FF FF 00 25 02 5C 20 01 01 02 00 00 0F 0B 00 00 0F 0B 00 00 01 16 00 D4 00 0D 12 34 02 0E 00 00 00 00 BD,3851,3851,278,4660,2026-04-09 13:23:45.390,526,212,13,
FF FF FF FF 00 25 02 5D 20 01 01 02 00 00 0F 0B 00 00 0F 0B 00 00 01 14 00 D4 00 0D 12 34 02 10 00 00 00 00 A0,3851,3851,276,4660,2026-04-09 13:23:45.453,528,212,13,
FF FF FF FF 00 25 02 5E 20 01 01 02 00 00 0F 0B 00 00 0F 0B 00 00 01 13 00 CF 00 0B 12 34 02 11 00 00 00 00 B8,3851,3851,275,4660,2026-04-09 13:23:45.468,529,207,11,
FF FF FF FF 00 25 02 5F 20 01 01 02 00 00 0F 0B 00 00 0F 0B 00 00 01 11 00 D0 00 09 12 34 02 12 00 00 00 00 A5,3851,3851,273,4660,2026-04-09 13:23:45.499,530,208,9,
FF FF FF FF 00 25 02 60 20 01 01 02 00 00 0F 0B 00 00 0F 0B 00 00 01 16 00 D1 00 09 12 34 02 13 00 00 00 00 9D,3851,3851,278,4660,2026-04-09 13:23:45.545,531,209,9,
FF FF FF FF 00 25 02 61 20 01 01 02 00 00 0F 0B 00 00 0F 0B 00 00 01 33 00 CF 00 0A 12 34 02 14 00 00 00 00 A3,3851,3851,307,4660,2026-04-09 13:23:45.576,532,207,10,
FF FF FF FF 00 25 02 62 20 01 01 02 00 00 0F 0B 00 00 0F 0B 00 00 01 39 00 D1 00 0B 12 34 02 15 00 00 00 00 B4,3851,3851,313,4660,2026-04-09 13:23:45.591,533,209,11,
FF FF FF FF 00 25 02 63 20 01 01 02 00 00 0F 0B 00 00 0F 0B 00 00 01 3B 00 D1 00 0B 12 34 02 16 00 00 00 00 B4,3851,3851,315,4660,2026-04-09 13:23:45.623,534,209,11,
FF FF FF FF 00 25 02 64 20 01 01 02 00 00 0F 0B 00 00 0F 0B 00 00 01 15 00 D2 00 0B 12 34 02 17 00 00 00 00 9F,3851,3851,277,4660,2026-04-09 13:23:45.670,535,210,11,
FF FF FF FF 00 25 02 65 20 01 01 02 00 00 0F 0B 00 00 0F 0B 00 00 01 14 00 CE 00 10 12 34 02 18 00 00 00 00 97,3851,3851,276,4660,2026-04-09 13:23:45.701,536,206,16,
FF FF FF FF 00 25 02 66 20 01 01 02 00 00 0F 0B 00 00 0F 0B 00 00 01 1B 00 CC 00 11 12 34 02 19 00 00 00 00 99,3851,3851,283,4660,2026-04-09 13:23:45.717,537,204,17,
FF FF FF FF 00 25 02 67 20 01 01 02 00 00 0F 0B 00 00 0F 0B 00 00 01 1D 00 CC 00 11 12 34 02 1A 00 00 00 00 9D,3851,3851,285,4660,2026-04-09 13:23:45.748,538,204,17,
FF FF FF FF 00 25 02 68 20 01 01 02 00 00 0F 0B 00 00 0F 0B 00 00 01 1D 00 CB 00 11 12 34 02 1B 00 00 00 00 94,3851,3851,285,4660,2026-04-09 13:23:45.779,539,203,17,
FF FF FF FF 00 25 02 69 20 01 01 02 00 00 0F 0B 00 00 0F 0B 00 00 01 27 00 C9 00 11 12 34 02 1C 00 00 00 00 AA,3851,3851,295,4660,2026-04-09 13:23:45.794,540,201,17,
FF FF FF FF 00 25 02 6A 20 01 01 02 00 00 0F 0B 00 00 0F 0B 00 00 01 26 00 C9 00 10 12 34 02 1D 00 00 00 00 A8,3851,3851,294,4660,2026-04-09 13:23:45.825,541,201,16,
FF FF FF FF 00 25 02 6B 20 01 01 02 00 00 0F 0B 00 00 0F 0B 00 00 01 26 00 CB 00 10 12 34 02 1E 00 00 00 00 A8,3851,3851,294,4660,2026-04-09 13:23:45.840,542,203,16,
FF FF FF FF 00 25 02 6C 20 01 01 02 00 00 0F 0B 00 00 0F 0B 00 00 01 24 00 CC 00 0F 12 34 02 1F 00 00 00 00 B4,3851,3851,292,4660,2026-04-09 13:23:45.949,543,204,15,
FF FF FF FF 00 25 02 6D 20 01 01 02 00 00 0F 0B 00 00 0F 0B 00 00 01 2B 00 CB 00 0F 12 34 02 20 00 00 00 00 82,3851,3851,299,4660,2026-04-09 13:23:45.979,544,203,15,
FF FF FF FF 00 25 02 6E 20 01 01 02 00 00 0F 0B 00 00 0F 0B 00 00 01 25 00 CB 00 0E 12 34 02 21 00 00 00 00 8F,3851,3851,293,4660,2026-04-09 13:23:45.994,545,203,14,
FF FF FF FF 00 25 02 6F 20 01 01 02 00 00 0F 0B 00 00 0F 0B 00 00 01 1E 00 CD 00 0D 12 34 02 22 00 00 00 00 B3,3851,3851,286,4660,2026-04-09 13:23:46.024,546,205,13,
FF FF FF FF 00 25 02 70 20 01 01 02 00 00 0F 0B 00 00 0F 0B 00 00 01 20 00 CC 00 0C 12 34 02 23 00 00 00 00 93,3851,3851,288,4660,2026-04-09 13:23:46.070,547,204,12,
FF FF FF FF 00 25 02 71 20 01 01 02 00 00 0F 0B 00 00 0F 0B 00 00 01 1E 00 CE 00 0B 12 34 02 24 00 00 00 00 AE,3851,3851,286,4660,2026-04-09 13:23:46.101,548,206,11,
FF FF FF FF 00 25 02 72 20 01 01 02 00 00 0F 0B 00 00 0F 0B 00 00 01 21 00 D1 00 0A 12 34 02 26 00 00 00 00 8E,3851,3851,289,4660,2026-04-09 13:23:46.116,550,209,10,
FF FF FF FF 00 25 02 73 20 01 01 02 00 00 0F 0B 00 00 0F 0B 00 00 01 2C 00 D4 00 0B 12 34 02 28 00 00 00 00 88,3851,3851,300,4660,2026-04-09 13:23:46.148,552,212,11,
FF FF FF FF 00 25 02 74 20 01 01 02 00 00 0F 0B 00 00 0F 0B 00 00 01 26 00 D2 00 09 12 34 02 29 00 00 00 00 80,3851,3851,294,4660,2026-04-09 13:23:46.178,553,210,9,
FF FF FF FF 00 25 02 75 20 01 01 02 00 00 0F 0B 00 00 0F 0B 00 00 01 31 00 D6 00 0B 12 34 02 2B 00 00 00 00 92,3851,3851,305,4660,2026-04-09 13:23:46.193,555,214,11,
FF FF FF FF 00 25 02 76 20 01 01 02 00 00 0F 0B 00 00 0F 0B 00 00 01 2F 00 D8 00 0B 12 34 02 2C 00 00 00 00 86,3851,3851,303,4660,2026-04-09 13:23:46.224,556,216,11,
FF FF FF FF 00 25 02 77 20 01 01 02 00 00 0F 0B 00 00 0F 0B 00 00 01 2D 00 DA 00 0C 12 34 02 2D 00 00 00 00 81,3851,3851,301,4660,2026-04-09 13:23:46.270,557,218,12,
FF FF FF FF 00 25 02 78 20 01 01 02 00 00 0F 0B 00 00 0F 0B 00 00 01 2D 00 DC 00 0C 12 34 02 2E 00 00 00 00 8B,3851,3851,301,4660,2026-04-09 13:23:46.301,558,220,12,
FF FF FF FF 00 25 02 79 20 01 01 02 00 00 0F 0B 00 00 0F 0B 00 00 01 2D 00 DF 00 0C 12 34 02 2F 00 00 00 00 88,3851,3851,301,4660,2026-04-09 13:23:46.316,559,223,12,
FF FF FF FF 00 25 02 7A 20 01 01 02 00 00 0F 0B 00 00 0F 0B 00 00 01 2A 00 E2 00 0B 12 34 02 30 00 00 00 00 A9,3851,3851,298,4660,2026-04-09 13:23:46.378,560,226,11,
FF FF FF FF 00 25 02 7B 20 01 01 02 00 00 0F 0B 00 00 0F 0B 00 00 01 27 00 E2 00 0B 12 34 02 31 00 00 00 00 A4,3851,3851,295,4660,2026-04-09 13:23:46.394,561,226,11,
FF FF FF FF 00 25 02 7C 20 01 01 02 00 00 0F 0B 00 00 0F 0B 00 00 01 24 00 E3 00 0B 12 34 02 32 00 00 00 00 A2,3851,3851,292,4660,2026-04-09 13:23:46.440,562,227,11,
FF FF FF FF 00 25 02 7D 20 01 01 02 00 00 0F 0B 00 00 0F 0B 00 00 01 22 00 E4 00 0B 12 34 02 33 00 00 00 00 A3,3851,3851,290,4660,2026-04-09 13:23:46.471,563,228,11,
FF FF FF FF 00 25 02 7E 20 01 01 02 00 00 0F 0B 00 00 0F 0B 00 00 01 20 00 E6 00 0B 12 34 02 34 00 00 00 00 A7,3851,3851,288,4660,2026-04-09 13:23:46.502,564,230,11,
FF FF FF FF 00 25 02 7F 20 01 01 02 00 00 0F 0B 00 00 0F 0B 00 00 01 1C 00 E5 00 0B 12 34 02 35 00 00 00 00 98,3851,3851,284,4660,2026-04-09 13:23:46.517,565,229,11,
FF FF FF FF 00 25 02 80 20 01 01 02 00 00 0F 0B 00 00 0F 0B 00 00 01 17 00 E5 00 0B 12 34 02 36 00 00 00 00 6F,3851,3851,279,4660,2026-04-09 13:23:46.547,566,229,11,
FF FF FF FF 00 25 02 81 20 01 01 02 00 00 0F 0B 00 00 0F 0B 00 00 01 12 00 E5 00 0C 12 34 02 37 00 00 00 00 6D,3851,3851,274,4660,2026-04-09 13:23:46.578,567,229,12,
FF FF FF FF 00 25 02 82 20 01 01 02 00 00 0F 0B 00 00 0F 0B 00 00 01 10 00 E6 00 0C 12 34 02 38 00 00 00 00 60,3851,3851,272,4660,2026-04-09 13:23:46.594,568,230,12,
FF FF FF FF 00 25 02 83 20 01 01 02 00 00 0F 0B 00 00 0F 0B 00 00 01 0C 00 E5 00 0C 12 34 02 39 00 00 00 00 7F,3851,3851,268,4660,2026-04-09 13:23:46.626,569,229,12,
FF FF FF FF 00 25 02 84 20 01 01 02 00 00 0F 0B 00 00 0F 0B 00 00 01 07 00 E4 00 0D 12 34 02 3A 00 00 00 00 70,3851,3851,263,4660,2026-04-09 13:23:46.641,570,228,13,
FF FF FF FF 00 25 02 85 20 01 01 02 00 00 0F 0B 00 00 0F 0B 00 00 00 FE 00 E3 00 0C 12 34 02 3B 00 00 00 00 8E,3851,3851,254,4660,2026-04-09 13:23:46.673,571,227,12,
FF FF FF FF 00 25 02 86 20 01 01 02 00 00 0F 0B 00 00 0F 0B 00 00 00 FB 00 E2 00 0B 12 34 02 3C 00 00 00 00 89,3851,3851,251,4660,2026-04-09 13:23:46.765,572,226,11,
FF FF FF FF 00 25 02 87 20 01 01 02 00 00 0F 0B 00 00 0F 0B 00 00 00 F1 00 E2 00 0A 12 34 02 3E 00 00 00 00 81,3851,3851,241,4660,2026-04-09 13:23:46.843,574,226,10,
FF FF FF FF 00 25 02 88 20 01 01 02 00 00 0F 0B 00 00 0F 0B 00 00 00 EE 00 E1 00 09 12 34 02 3F 00 00 00 00 90,3851,3851,238,4660,2026-04-09 13:23:46.874,575,225,9,
FF FF FF FF 00 25 02 89 20 01 01 02 00 00 0F 0B 00 00 0F 0B 00 00 00 EA 00 DF 00 08 12 34 02 40 00 00 00 00 D5,3851,3851,234,4660,2026-04-09 13:23:46.920,576,223,8,
FF FF FF FF 00 25 02 8A 20 01 01 02 00 00 0F 0B 00 00 0F 0B 00 00 00 E7 00 DD 00 08 12 34 02 41 00 00 00 00 D8,3851,3851,231,4660,2026-04-09 13:23:46.951,577,221,8,
FF FF FF FF 00 25 02 8B 20 01 01 02 00 00 0F 0B 00 00 0F 0B 00 00 00 E4 00 DC 00 07 12 34 02 42 00 00 00 00 D7,3851,3851,228,4660,2026-04-09 13:23:46.967,578,220,7,
FF FF FF FF 00 25 02 8C 20 01 01 02 00 00 0F 0B 00 00 0F 0B 00 00 00 E1 00 DB 00 07 12 34 02 43 00 00 00 00 D3,3851,3851,225,4660,2026-04-09 13:23:46.998,579,219,7,
FF FF FF FF 00 25 02 8D 20 01 01 02 00 00 0F 0B 00 00 0F 0B 00 00 00 DE 00 DB 00 06 12 34 02 44 00 00 00 00 EB,3851,3851,222,4660,2026-04-09 13:23:47.044,580,219,6,
FF FF FF FF 00 25 02 8E 20 01 01 02 00 00 0F 0B 00 00 0F 0B 00 00 00 DB 00 DA 00 06 12 34 02 45 00 00 00 00 ED,3851,3851,219,4660,2026-04-09 13:23:47.074,581,218,6,
FF FF FF FF 00 25 02 8F 20 01 01 02 00 00 0F 0B 00 00 0F 0B 00 00 00 D9 00 DA 00 06 12 34 02 46 00 00 00 00 ED,3851,3851,217,4660,2026-04-09 13:23:47.120,582,218,6,
FF FF FF FF 00 25 02 90 20 01 01 02 00 00 0F 0B 00 00 0F 0B 00 00 00 D7 00 DA 00 05 12 34 02 47 00 00 00 00 FE,3851,3851,215,4660,2026-04-09 13:23:47.151,583,218,5,
FF FF FF FF 00 25 02 91 20 01 01 02 00 00 0F 0B 00 00 0F 0B 00 00 00 D6 00 DA 00 05 12 34 02 48 00 00 00 00 F1,3851,3851,214,4660,2026-04-09 13:23:47.166,584,218,5,
FF FF FF FF 00 25 02 92 20 01 01 02 00 00 0F 0B 00 00 0F 0B 00 00 00 D5 00 DA 00 04 12 34 02 49 00 00 00 00 F1,3851,3851,213,4660,2026-04-09 13:23:47.198,585,218,4,
FF FF FF FF 00 25 02 93 20 01 01 02 00 00 0F 0B 00 00 0F 0B 00 00 00 D4 00 DA 00 04 12 34 02 4A 00 00 00 00 F2,3851,3851,212,4660,2026-04-09 13:23:47.228,586,218,4,
FF FF FF FF 00 25 02 94 20 01 01 02 00 00 0F 0B 00 00 0F 0B 00 00 00 D4 00 DA 00 04 12 34 02 4B 00 00 00 00 F4,3851,3851,212,4660,2026-04-09 13:23:47.243,587,218,4,
FF FF FF FF 00 25 02 95 20 01 01 02 00 00 0F 0B 00 00 0F 0B 00 00 00 D4 00 DA 00 04 12 34 02 4C 00 00 00 00 F2,3851,3851,212,4660,2026-04-09 13:23:47.274,588,218,4,
FF FF FF FF 00 25 02 96 20 01 01 02 00 00 0F 0B 00 00 0F 0B 00 00 00 D4 00 DB 00 03 12 34 02 4E 00 00 00 00 F5,3851,3851,212,4660,2026-04-09 13:23:47.290,590,219,3,
FF FF FF FF 00 25 02 97 20 01 01 02 00 00 0F 0B 00 00 0F 0B 00 00 00 D4 00 DA 00 03 12 34 02 4F 00 00 00 00 F4,3851,3851,212,4660,2026-04-09 13:23:47.321,591,218,3,
FF FF FF FF 00 25 02 98 20 01 01 02 00 00 0F 0B 00 00 0F 0B 00 00 00 D5 00 D9 00 04 12 34 02 50 00 00 00 00 E1,3851,3851,213,4660,2026-04-09 13:23:47.352,592,217,4,
FF FF FF FF 00 25 02 99 20 01 01 02 00 00 0F 0B 00 00 0F 0B 00 00 00 D8 00 D8 00 03 12 34 02 51 00 00 00 00 EA,3851,3851,216,4660,2026-04-09 13:23:47.367,593,216,3,
FF FF FF FF 00 25 02 9A 20 01 01 02 00 00 0F 0B 00 00 0F 0B 00 00 00 D8 00 D7 00 03 12 34 02 52 00 00 00 00 E5,3851,3851,216,4660,2026-04-09 13:23:47.398,594,215,3,
FF FF FF FF 00 25 02 9B 20 01 01 02 00 00 0F 0B 00 00 0F 0B 00 00 00 DC 00 D8 00 02 12 34 02 53 00 00 00 00 EF,3851,3851,220,4660,2026-04-09 13:23:47.444,595,216,2,
FF FF FF FF 00 25 02 9C 20 01 01 02 00 00 0F 0B 00 00 0F 0B 00 00 00 DD 00 D9 00 02 12 34 02 54 00 00 00 00 EF,3851,3851,221,4660,2026-04-09 13:23:47.475,596,217,2,
FF FF FF FF 00 25 02 9D 20 01 01 02 00 00 0F 0B 00 00 0F 0B 00 00 00 DD 00 DA 00 01 12 34 02 55 00 00 00 00 EF,3851,3851,221,4660,2026-04-09 13:23:47.490,597,218,1,
FF FF FF FF 00 25 02 9E 20 01 01 02 00 00 0F 0B 00 00 0F 0B 00 00 00 DD 00 DA 00 01 12 34 02 56 00 00 00 00 EF,3851,3851,221,4660,2026-04-09 13:23:47.521,598,218,1,
FF FF FF FF 00 25 02 9F 20 01 01 02 00 00 0F 0B 00 00 0F 0B 00 00 00 DD 00 DA 00 01 12 34 02 57 00 00 00 00 EF,3851,3851,221,4660,2026-04-09 13:23:47.552,599,218,1,
FF FF FF FF 00 25 02 A0 20 01 01 02 00 00 0F 0B 00 00 0F 0B 00 00 00 DC 00 DB 00 00 12 34 02 58 00 00 00 00 DE,3851,3851,220,4660,2026-04-09 13:23:47.568,600,219,0,
FF FF FF FF 00 25 02 A1 20 01 01 02 00 00 0F 0B 00 00 0F 0B 00 00 00 DB 00 DB 00 00 12 34 02 59 00 00 00 00 D9,3851,3851,219,4660,2026-04-09 13:23:47.599,601,219,0,
FF FF FF FF 00 25 02 A2 20 01 01 02 00 00 0F 0B 00 00 0F 0B 00 00 00 DB 00 DA 00 01 12 34 02 5A 00 00 00 00 D9,3851,3851,219,4660,2026-04-09 13:23:47.615,602,218,1,
FF FF FF FF 00 25 02 A3 20 01 01 02 00 00 0F 0B 00 00 0F 0B 00 00 00 DB 00 DA 00 01 12 34 02 5B 00 00 00 00 D9,3851,3851,219,4660,2026-04-09 13:23:47.647,603,218,1,
FF FF FF FF 00 25 02 A4 20 01 01 02 00 00 0F 0B 00 00 0F 0B 00 00 00 DC 00 DC 00 00 12 34 02 5C 00 00 00 00 D9,3851,3851,220,4660,2026-04-09 13:23:47.695,604,220,0,
FF FF FF FF 00 25 02 A5 20 01 01 02 00 00 0F 0B 00 00 0F 0B 00 00 00 DB 00 D7 00 02 12 34 02 5D 00 00 00 00 D7,3851,3851,219,4660,2026-04-09 13:23:47.726,605,215,2,
FF FF FF FF 00 25 02 A6 20 01 01 02 00 00 0F 0B 00 00 0F 0B 00 00 00 DC 00 D8 00 02 12 34 02 5E 00 00 00 00 DF,3851,3851,220,4660,2026-04-09 13:23:47.742,606,216,2,
FF FF FF FF 00 25 02 A7 20 01 01 02 00 00 0F 0B 00 00 0F 0B 00 00 00 D8 00 D8 00 03 12 34 02 62 00 00 00 00 E7,3851,3851,216,4660,2026-04-09 13:23:47.773,610,216,3,
FF FF FF FF 00 25 02 A8 20 01 01 02 00 00 0F 0B 00 00 0F 0B 00 00 00 D7 00 D9 00 03 12 34 02 63 00 00 00 00 E7,3851,3851,215,4660,2026-04-09 13:23:47.819,611,217,3,
FF FF FF FF 00 25 02 A9 20 01 01 02 00 00 0F 0B 00 00 0F 0B 00 00 00 D5 00 DA 00 03 12 34 02 64 00 00 00 00 E0,3851,3851,213,4660,2026-04-09 13:23:47.850,612,218,3,
FF FF FF FF 00 25 02 AA 20 01 01 02 00 00 0F 0B 00 00 0F 0B 00 00 00 D2 00 DC 00 03 12 34 02 65 00 00 00 00 E3,3851,3851,210,4660,2026-04-09 13:23:47.865,613,220,3,
FF FF FF FF 00 25 02 AB 20 01 01 02 00 00 0F 0B 00 00 0F 0B 00 00 00 CF 00 DC 00 03 12 34 02 66 00 00 00 00 FC,3851,3851,207,4660,2026-04-09 13:23:47.896,614,220,3,
FF FF FF FF 00 25 02 AC 20 01 01 02 00 00 0F 0B 00 00 0F 0B 00 00 00 CB 00 DD 00 03 12 34 02 67 00 00 00 00 FF,3851,3851,203,4660,2026-04-09 13:23:47.927,615,221,3,
FF FF FF FF 00 25 02 AD 20 01 01 02 00 00 0F 0B 00 00 0F 0B 00 00 00 C9 00 DE 00 03 12 34 02 68 00 00 00 00 F0,3851,3851,201,4660,2026-04-09 13:23:47.943,616,222,3,
FF FF FF FF 00 25 02 AE 20 01 01 02 00 00 0F 0B 00 00 0F 0B 00 00 00 C7 00 DE 00 03 12 34 02 69 00 00 00 00 FC,3851,3851,199,4660,2026-04-09 13:23:47.974,617,222,3,
FF FF FF FF 00 25 02 AF 20 01 01 02 00 00 0F 0B 00 00 0F 0B 00 00 00 C6 00 DD 00 03 12 34 02 6A 00 00 00 00 FC,3851,3851,198,4660,2026-04-09 13:23:48.020,618,221,3,
FF FF FF FF 00 25 02 B0 20 01 01 02 00 00 0F 0B 00 00 0F 0B 00 00 00 C5 00 DC 00 03 12 34 02 6B 00 00 00 00 E0,3851,3851,197,4660,2026-04-09 13:23:48.051,619,220,3,
FF FF FF FF 00 25 02 B1 20 01 01 02 00 00 0F 0B 00 00 0F 0B 00 00 00 C4 00 DC 00 04 12 34 02 6C 00 00 00 00 E0,3851,3851,196,4660,2026-04-09 13:23:48.067,620,220,4,
FF FF FF FF 00 25 02 B2 20 01 01 02 00 00 0F 0B 00 00 0F 0B 00 00 00 C3 00 DB 00 04 12 34 02 6D 00 00 00 00 E2,3851,3851,195,4660,2026-04-09 13:23:48.098,621,219,4,
FF FF FF FF 00 25 02 B3 20 01 01 02 00 00 0F 0B 00 00 0F 0B 00 00 00 C1 00 DA 00 04 12 34 02 6E 00 00 00 00 E3,3851,3851,193,4660,2026-04-09 13:23:48.128,622,218,4,
FF FF FF FF 00 25 02 B4 20 01 01 02 00 00 0F 0B 00 00 0F 0B 00 00 00 C0 00 DB 00 03 12 34 02 6F 00 00 00 00 E2,3851,3851,192,4660,2026-04-09 13:23:48.144,623,219,3,
FF FF FF FF 00 25 02 B5 20 01 01 02 00 00 0F 0B 00 00 0F 0B 00 00 00 C0 00 DC 00 03 12 34 02 70 00 00 00 00 FB,3851,3851,192,4660,2026-04-09 13:23:48.175,624,220,3,
FF FF FF FF 00 25 02 B6 20 01 01 02 00 00 0F 0B 00 00 0F 0B 00 00 00 BF 00 DC 00 03 12 34 02 71 00 00 00 00 86,3851,3851,191,4660,2026-04-09 13:23:48.190,625,220,3,
FF FF FF FF 00 25 02 B7 20 01 01 02 00 00 0F 0B 00 00 0F 0B 00 00 00 C0 00 DC 00 02 12 34 02 73 00 00 00 00 FB,3851,3851,192,4660,2026-04-09 13:23:48.221,627,220,2,
FF FF FF FF 00 25 02 B8 20 01 01 02 00 00 0F 0B 00 00 0F 0B 00 00 00 C0 00 DB 00 03 12 34 02 74 00 00 00 00 F5,3851,3851,192,4660,2026-04-09 13:23:48.252,628,219,3,
FF FF FF FF 00 25 02 B9 20 01 01 02 00 00 0F 0B 00 00 0F 0B 00 00 00 C2 00 DB 00 03 12 34 02 76 00 00 00 00 F4,3851,3851,194,4660,2026-04-09 13:23:48.268,630,219,3,
FF FF FF FF 00 25 02 BA 20 01 01 02 00 00 0F 0B 00 00 0F 0B 00 00 00 C3 00 DB 00 03 12 34 02 77 00 00 00 00 F7,3851,3851,195,4660,2026-04-09 13:23:48.299,631,219,3,
FF FF FF FF 00 25 02 BB 20 01 01 02 00 00 0F 0B 00 00 0F 0B 00 00 00 C5 00 DB 00 03 12 34 02 78 00 00 00 00 FF,3851,3851,197,4660,2026-04-09 13:23:48.345,632,219,3,
FF FF FF FF 00 25 02 BC 20 01 01 02 00 00 0F 0B 00 00 0F 0B 00 00 00 C5 00 DB 00 03 12 34 02 79 00 00 00 00 F9,3851,3851,197,4660,2026-04-09 13:23:48.377,633,219,3,
FF FF FF FF 00 25 02 BD 20 01 01 02 00 00 0F 0B 00 00 0F 0B 00 00 00 C6 00 DB 00 03 12 34 02 7A 00 00 00 00 F8,3851,3851,198,4660,2026-04-09 13:23:48.393,634,219,3,
FF FF FF FF 00 25 02 BE 20 01 01 02 00 00 0F 0B 00 00 0F 0B 00 00 00 C8 00 DB 00 03 12 34 02 7B 00 00 00 00 F4,3851,3851,200,4660,2026-04-09 13:23:48.424,635,219,3,
FF FF FF FF 00 25 02 BF 20 01 01 02 00 00 0F 0B 00 00 0F 0B 00 00 00 C9 00 DA 00 02 12 34 02 7C 00 00 00 00 F3,3851,3851,201,4660,2026-04-09 13:23:48.440,636,218,2,
FF FF FF FF 00 25 02 C0 20 01 01 02 00 00 0F 0B 00 00 0F 0B 00 00 00 C9 00 DA 00 02 12 34 02 7D 00 00 00 00 8D,3851,3851,201,4660,2026-04-09 13:23:48.471,637,218,2,
FF FF FF FF 00 25 02 C1 20 01 01 02 00 00 0F 0B 00 00 0F 0B 00 00 00 C8 00 D9 00 02 12 34 02 7E 00 00 00 00 8D,3851,3851,200,4660,2026-04-09 13:23:48.502,638,217,2,
FF FF FF FF 00 25 02 C2 20 01 01 02 00 00 0F 0B 00 00 0F 0B 00 00 00 C8 00 D9 00 00 12 34 02 7F 00 00 00 00 8D,3851,3851,200,4660,2026-04-09 13:23:48.518,639,217,0,
FF FF FF FF 00 25 02 C3 20 01 01 02 00 00 0F 0B 00 00 0F 0B 00 00 00 D1 00 DC FF FF 12 34 02 83 00 00 00 00 6C,3851,3851,209,4660,2026-04-09 13:23:48.550,643,220,-1,
FF FF FF FF 00 25 02 C4 20 01 01 02 00 00 0F 0B 00 00 0F 0B 00 00 00 D4 00 DC FF FF 12 34 02 86 00 00 00 00 6B,3851,3851,212,4660,2026-04-09 13:23:48.566,646,220,-1,
FF FF FF FF 00 25 02 C5 20 01 01 02 00 00 0F 0B 00 00 0F 0B 00 00 00 D5 00 DB 00 00 12 34 02 87 00 00 00 00 6D,3851,3851,213,4660,2026-04-09 13:23:48.598,647,219,0,
FF FF FF FF 00 25 02 C6 20 01 01 02 00 00 0F 0B 00 00 0F 0B 00 00 00 D5 00 DA 00 00 12 34 02 88 00 00 00 00 60,3851,3851,213,4660,2026-04-09 13:23:48.646,648,218,0,
FF FF FF FF 00 25 02 C7 20 01 01 02 00 00 0F 0B 00 00 0F 0B 00 00 00 D6 00 D9 00 03 12 34 02 89 00 00 00 00 63,3851,3851,214,4660,2026-04-09 13:23:48.677,649,217,3,
FF FF FF FF 00 25 02 C8 20 01 01 02 00 00 0F 0B 00 00 0F 0B 00 00 00 D5 00 D8 00 02 12 34 02 8A 00 00 00 00 6C,3851,3851,213,4660,2026-04-09 13:23:48.693,650,216,2,
FF FF FF FF 00 25 02 C9 20 01 01 02 00 00 0F 0B 00 00 0F 0B 00 00 00 D2 00 D7 00 01 12 34 02 8B 00 00 00 00 67,3851,3851,210,4660,2026-04-09 13:23:48.724,651,215,1,
FF FF FF FF 00 25 02 CA 20 01 01 02 00 00 0F 0B 00 00 0F 0B 00 00 00 D0 00 D7 00 02 12 34 02 8C 00 00 00 00 62,3851,3851,208,4660,2026-04-09 13:23:48.770,652,215,2,
FF FF FF FF 00 25 02 CB 20 01 01 02 00 00 0F 0B 00 00 0F 0B 00 00 00 CD 00 D7 00 02 12 34 02 8D 00 00 00 00 7F,3851,3851,205,4660,2026-04-09 13:23:48.801,653,215,2,
FF FF FF FF 00 25 02 CC 20 01 01 02 00 00 0F 0B 00 00 0F 0B 00 00 00 CA 00 D7 00 02 12 34 02 8E 00 00 00 00 7C,3851,3851,202,4660,2026-04-09 13:23:48.816,654,215,2,
FF FF FF FF 00 25 02 CD 20 01 01 02 00 00 0F 0B 00 00 0F 0B 00 00 00 C8 00 D7 00 02 12 34 02 8F 00 00 00 00 7E,3851,3851,200,4660,2026-04-09 13:23:48.847,655,215,2,
FF FF FF FF 00 25 02 CE 20 01 01 02 00 00 0F 0B 00 00 0F 0B 00 00 00 C4 00 D8 00 02 12 34 02 90 00 00 00 00 61,3851,3851,196,4660,2026-04-09 13:23:48.878,656,216,2,
FF FF FF FF 00 25 02 CF 20 01 01 02 00 00 0F 0B 00 00 0F 0B 00 00 00 C1 00 D8 00 02 12 34 02 91 00 00 00 00 64,3851,3851,193,4660,2026-04-09 13:23:48.894,657,216,2,
FF FF FF FF 00 25 02 D0 20 01 01 02 00 00 0F 0B 00 00 0F 0B 00 00 00 C0 00 D9 00 02 12 34 02 92 00 00 00 00 78,3851,3851,192,4660,2026-04-09 13:23:48.925,658,217,2,
FF FF FF FF 00 25 02 D1 20 01 01 02 00 00 0F 0B 00 00 0F 0B 00 00 00 BE 00 D9 00 03 12 34 02 93 00 00 00 00 07,3851,3851,190,4660,2026-04-09 13:23:48.940,659,217,3,
FF FF FF FF 00 25 02 D2 20 01 01 02 00 00 0F 0B 00 00 0F 0B 00 00 00 BB 00 DB 00 03 12 34 02 94 00 00 00 00 04,3851,3851,187,4660,2026-04-09 13:23:48.971,660,219,3,
FF FF FF FF 00 25 02 D3 20 01 01 02 00 00 0F 0B 00 00 0F 0B 00 00 00 B8 00 DB 00 01 12 34 02 95 00 00 00 00 05,3851,3851,184,4660,2026-04-09 13:23:49.002,661,219,1,
FF FF FF FF 00 25 02 D4 20 01 01 02 00 00 0F 0B 00 00 0F 0B 00 00 00 B6 00 DA 00 01 12 34 02 96 00 00 00 00 0E,3851,3851,182,4660,2026-04-09 13:23:49.018,662,218,1,
FF FF FF FF 00 25 02 D5 20 01 01 02 00 00 0F 0B 00 00 0F 0B 00 00 00 B4 00 DA 00 00 12 34 02 97 00 00 00 00 0D,3851,3851,180,4660,2026-04-09 13:23:49.049,663,218,0,
FF FF FF FF 00 25 02 D6 20 01 01 02 00 00 0F 0B 00 00 0F 0B 00 00 00 B1 00 D9 00 00 12 34 02 98 00 00 00 00 07,3851,3851,177,4660,2026-04-09 13:23:49.095,664,217,0,
FF FF FF FF 00 25 02 D7 20 01 01 02 00 00 0F 0B 00 00 0F 0B 00 00 00 AE 00 D9 00 00 12 34 02 99 00 00 00 00 18,3851,3851,174,4660,2026-04-09 13:23:49.126,665,217,0,
FF FF FF FF 00 25 02 D8 20 01 01 02 00 00 0F 0B 00 00 0F 0B 00 00 00 AC 00 D8 00 00 12 34 02 9A 00 00 00 00 17,3851,3851,172,4660,2026-04-09 13:23:49.142,666,216,0,
FF FF FF FF 00 25 02 D9 20 01 01 02 00 00 0F 0B 00 00 0F 0B 00 00 00 A9 00 D7 00 00 12 34 02 9B 00 00 00 00 1D,3851,3851,169,4660,2026-04-09 13:23:49.173,667,215,0,
FF FF FF FF 00 25 02 DA 20 01 01 02 00 00 0F 0B 00 00 0F 0B 00 00 00 A6 00 D6 00 00 12 34 02 9C 00 00 00 00 17,3851,3851,166,4660,2026-04-09 13:23:49.204,668,214,0,
FF FF FF FF 00 25 02 DB 20 01 01 02 00 00 0F 0B 00 00 0F 0B 00 00 00 A4 00 D6 FF FF 12 34 02 9D 00 00 00 00 15,3851,3851,164,4660,2026-04-09 13:23:49.219,669,214,-1,
FF FF FF FF 00 25 02 DC 20 01 01 02 00 00 0F 0B 00 00 0F 0B 00 00 00 A3 00 D5 FF FF 12 34 02 9E 00 00 00 00 15,3851,3851,163,4660,2026-04-09 13:23:49.250,670,213,-1,
FF FF FF FF 00 25 02 DD 20 01 01 02 00 00 0F 0B 00 00 0F 0B 00 00 00 A2 00 D4 FF FF 12 34 02 9F 00 00 00 00 15,3851,3851,162,4660,2026-04-09 13:23:49.266,671,212,-1,
FF FF FF FF 00 25 02 DE 20 01 01 02 00 00 0F 0B 00 00 0F 0B 00 00 00 A1 00 D4 FF FF 12 34 02 A0 00 00 00 00 2A,3851,3851,161,4660,2026-04-09 13:23:49.297,672,212,-1,
FF FF FF FF 00 25 02 DF 20 01 01 02 00 00 0F 0B 00 00 0F 0B 00 00 00 A0 00 D3 FF FF 12 34 02 A1 00 00 00 00 2C,3851,3851,160,4660,2026-04-09 13:23:49.328,673,211,-1,
FF FF FF FF 00 25 02 E0 20 01 01 02 00 00 0F 0B 00 00 0F 0B 00 00 00 9F 00 D2 FF FF 12 34 02 A2 00 00 00 00 2E,3851,3851,159,4660,2026-04-09 13:23:49.343,674,210,-1,
FF FF FF FF 00 25 02 E1 20 01 01 02 00 00 0F 0B 00 00 0F 0B 00 00 00 9E 00 D2 FF FF 12 34 02 A3 00 00 00 00 2F,3851,3851,158,4660,2026-04-09 13:23:49.374,675,210,-1,
FF FF FF FF 00 25 02 E2 20 01 01 02 00 00 0F 0B 00 00 0F 0B 00 00 00 9C 00 D2 FF FF 12 34 02 A4 00 00 00 00 29,3851,3851,156,4660,2026-04-09 13:23:49.390,676,210,-1,
FF FF FF FF 00 25 02 E3 20 01 01 02 00 00 0F 0B 00 00 0F 0B 00 00 00 9A 00 D0 FF FE 12 34 02 A5 00 00 00 00 2C,3851,3851,154,4660,2026-04-09 13:23:49.421,677,208,-2,
FF FF FF FF 00 25 02 E4 20 01 01 02 00 00 0F 0B 00 00 0F 0B 00 00 00 99 00 D0 FF FE 12 34 02 A6 00 00 00 00 2B,3851,3851,153,4660,2026-04-09 13:23:49.452,678,208,-2,
FF FF FF FF 00 25 02 E5 20 01 01 02 00 00 0F 0B 00 00 0F 0B 00 00 00 98 00 CF FF FD 12 34 02 A7 00 00 00 00 36,3851,3851,152,4660,2026-04-09 13:23:49.467,679,207,-3,
FF FF FF FF 00 25 02 E6 20 01 01 02 00 00 0F 0B 00 00 0F 0B 00 00 00 96 00 CF FF FD 12 34 02 A8 00 00 00 00 34,3851,3851,150,4660,2026-04-09 13:23:49.498,680,207,-3,
FF FF FF FF 00 25 02 E7 20 01 01 02 00 00 0F 0B 00 00 0F 0B 00 00 00 98 00 CF FF FD 12 34 02 A9 00 00 00 00 3A,3851,3851,152,4660,2026-04-09 13:23:49.545,681,207,-3,
FF FF FF FF 00 25 02 E8 20 01 01 02 00 00 0F 0B 00 00 0F 0B 00 00 00 97 00 CE FF FB 12 34 02 AA 00 00 00 00 3E,3851,3851,151,4660,2026-04-09 13:23:49.576,682,206,-5,
FF FF FF FF 00 25 02 E9 20 01 01 02 00 00 0F 0B 00 00 0F 0B 00 00 00 96 00 CE FF FB 12 34 02 AB 00 00 00 00 3F,3851,3851,150,4660,2026-04-09 13:23:49.592,683,206,-5,
FF FF FF FF 00 25 02 EA 20 01 01 02 00 00 0F 0B 00 00 0F 0B 00 00 00 97 00 CD FF FA 12 34 02 AC 00 00 00 00 38,3851,3851,151,4660,2026-04-09 13:23:49.624,684,205,-6,
FF FF FF FF 00 25 02 EB 20 01 01 02 00 00 0F 0B 00 00 0F 0B 00 00 00 9B 00 CD FF FA 12 34 02 AD 00 00 00 00 34,3851,3851,155,4660,2026-04-09 13:23:49.640,685,205,-6,
FF FF FF FF 00 25 02 EC 20 01 01 02 00 00 0F 0B 00 00 0F 0B 00 00 00 9C 00 CC FF F9 12 34 02 AE 00 00 00 00 35,3851,3851,156,4660,2026-04-09 13:23:49.672,686,204,-7,
FF FF FF FF 00 25 02 ED 20 01 01 02 00 00 0F 0B 00 00 0F 0B 00 00 00 9B 00 CC FF F8 12 34 02 AF 00 00 00 00 33,3851,3851,155,4660,2026-04-09 13:23:49.703,687,204,-8,
FF FF FF FF 00 25 02 EE 20 01 01 02 00 00 0F 0B 00 00 0F 0B 00 00 00 9A 00 CC FF F8 12 34 02 B0 00 00 00 00 2E,3851,3851,154,4660,2026-04-09 13:23:49.719,688,204,-8,
FF FF FF FF 00 25 02 EF 20 01 01 02 00 00 0F 0B 00 00 0F 0B 00 00 00 9A 00 CB FF F7 12 34 02 B1 00 00 00 00 26,3851,3851,154,4660,2026-04-09 13:23:49.750,689,203,-9,
FF FF FF FF 00 25 02 F0 20 01 01 02 00 00 0F 0B 00 00 0F 0B 00 00 00 9A 00 CB FF F7 12 34 02 B2 00 00 00 00 3A,3851,3851,154,4660,2026-04-09 13:23:49.766,690,203,-9,
FF FF FF FF 00 25 02 F1 20 01 01 02 00 00 0F 0B 00 00 0F 0B 00 00 00 99 00 CA FF F7 12 34 02 B3 00 00 00 00 38,3851,3851,153,4660,2026-04-09 13:23:49.797,691,202,-9,
FF FF FF FF 00 25 02 F2 20 01 01 02 00 00 0F 0B 00 00 0F 0B 00 00 00 98 00 CA FF F7 12 34 02 B4 00 00 00 00 3D,3851,3851,152,4660,2026-04-09 13:23:49.829,692,202,-9,
FF FF FF FF 00 25 02 F3 20 01 01 02 00 00 0F 0B 00 00 0F 0B 00 00 00 99 00 CA FF F6 12 34 02 B5 00 00 00 00 3D,3851,3851,153,4660,2026-04-09 13:23:49.845,693,202,-10,
FF FF FF FF 00 25 02 F4 20 01 01 02 00 00 0F 0B 00 00 0F 0B 00 00 00 97 00 CA FF F6 12 34 02 B6 00 00 00 00 37,3851,3851,151,4660,2026-04-09 13:23:49.876,694,202,-10,
FF FF FF FF 00 25 02 F5 20 01 01 02 00 00 0F 0B 00 00 0F 0B 00 00 00 95 00 CA FF F6 12 34 02 B7 00 00 00 00 35,3851,3851,149,4660,2026-04-09 13:23:49.891,695,202,-10,
FF FF FF FF 00 25 02 F6 20 01 01 02 00 00 0F 0B 00 00 0F 0B 00 00 00 92 00 C9 FF F6 12 34 02 B8 00 00 00 00 3D,3851,3851,146,4660,2026-04-09 13:23:49.922,696,201,-10,
FF FF FF FF 00 25 02 F7 20 01 01 02 00 00 0F 0B 00 00 0F 0B 00 00 00 90 00 C9 FF F6 12 34 02 B9 00 00 00 00 3F,3851,3851,144,4660,2026-04-09 13:23:49.953,697,201,-10,
FF FF FF FF 00 25 02 F8 20 01 01 02 00 00 0F 0B 00 00 0F 0B 00 00 00 90 00 CA FF F6 12 34 02 BA 00 00 00 00 30,3851,3851,144,4660,2026-04-09 13:23:49.968,698,202,-10,
FF FF FF FF 00 25 02 F9 20 01 01 02 00 00 0F 0B 00 00 0F 0B 00 00 00 91 00 C9 FF F6 12 34 02 BB 00 00 00 00 32,3851,3851,145,4660,2026-04-09 13:23:49.999,699,201,-10,
FF FF FF FF 00 25 02 FA 20 01 01 02 00 00 0F 0B 00 00 0F 0B 00 00 00 90 00 CA FF F6 12 34 02 BC 00 00 00 00 34,3851,3851,144,4660,2026-04-09 13:23:50.015,700,202,-10,
FF FF FF FF 00 25 02 FB 20 01 01 02 00 00 0F 0B 00 00 0F 0B 00 00 00 8E 00 C9 FF F5 12 34 02 BD 00 00 00 00 2A,3851,3851,142,4660,2026-04-09 13:23:50.045,701,201,-11,
FF FF FF FF 00 25 02 FC 20 01 01 02 00 00 0F 0B 00 00 0F 0B 00 00 00 8C 00 CA FF F5 12 34 02 BE 00 00 00 00 2F,3851,3851,140,4660,2026-04-09 13:23:50.076,702,202,-11,
FF FF FF FF 00 25 02 FD 20 01 01 02 00 00 0F 0B 00 00 0F 0B 00 00 00 8B 00 CA FF F5 12 34 02 BF 00 00 00 00 28,3851,3851,139,4660,2026-04-09 13:23:50.092,703,202,-11,
FF FF FF FF 00 25 02 FE 20 01 01 02 00 00 0F 0B 00 00 0F 0B 00 00 00 8C 00 CA FF F5 12 34 02 C0 00 00 00 00 53,3851,3851,140,4660,2026-04-09 13:23:50.123,704,202,-11,
FF FF FF FF 00 25 02 FF 20 01 01 02 00 00 0F 0B 00 00 0F 0B 00 00 00 8C 00 CA FF F5 12 34 02 C1 00 00 00 00 53,3851,3851,140,4660,2026-04-09 13:23:50.171,705,202,-11,
FF FF FF FF 00 25 03 00 20 01 01 02 00 00 0F 0B 00 00 0F 0B 00 00 00 89 00 CB FF F4 12 34 02 C2 00 00 00 00 AB,3851,3851,137,4660,2026-04-09 13:23:50.202,706,203,-12,
FF FF FF FF 00 25 03 01 20 01 01 02 00 00 0F 0B 00 00 0F 0B 00 00 00 85 00 CA FF F4 12 34 02 C3 00 00 00 00 A6,3851,3851,133,4660,2026-04-09 13:23:50.218,707,202,-12,
FF FF FF FF 00 25 03 02 20 01 01 02 00 00 0F 0B 00 00 0F 0B 00 00 00 83 00 CA FF F3 12 34 02 C4 00 00 00 00 A3,3851,3851,131,4660,2026-04-09 13:23:50.250,708,202,-13,
FF FF FF FF 00 25 03 03 20 01 01 02 00 00 0F 0B 00 00 0F 0B 00 00 00 82 00 CA FF F3 12 34 02 C5 00 00 00 00 A2,3851,3851,130,4660,2026-04-09 13:23:50.265,709,202,-13,
FF FF FF FF 00 25 03 04 20 01 01 02 00 00 0F 0B 00 00 0F 0B 00 00 00 81 00 CB FF F2 12 34 02 C6 00 00 00 00 A5,3851,3851,129,4660,2026-04-09 13:23:50.297,710,203,-14,
FF FF FF FF 00 25 03 05 20 01 01 02 00 00 0F 0B 00 00 0F 0B 00 00 00 81 00 CB FF F2 12 34 02 C7 00 00 00 00 A5,3851,3851,129,4660,2026-04-09 13:23:50.327,711,203,-14,
FF FF FF FF 00 25 03 06 20 01 01 02 00 00 0F 0B 00 00 0F 0B 00 00 00 82 00 CB FF F1 12 34 02 C8 00 00 00 00 A9,3851,3851,130,4660,2026-04-09 13:23:50.343,712,203,-15,
FF FF FF FF 00 25 03 07 20 01 01 02 00 00 0F 0B 00 00 0F 0B 00 00 00 82 00 CB FF F1 12 34 02 C9 00 00 00 00 A9,3851,3851,130,4660,2026-04-09 13:23:50.373,713,203,-15,
FF FF FF FF 00 25 03 08 20 01 01 02 00 00 0F 0B 00 00 0F 0B 00 00 00 82 00 CA FF F0 12 34 02 CA 00 00 00 00 A5,3851,3851,130,4660,2026-04-09 13:23:50.404,714,202,-16,
FF FF FF FF 00 25 03 09 20 01 01 02 00 00 0F 0B 00 00 0F 0B 00 00 00 81 00 CA FF EE 12 34 02 CB 00 00 00 00 B8,3851,3851,129,4660,2026-04-09 13:23:50.420,715,202,-18,
FF FF FF FF 00 25 03 0A 20 01 01 02 00 00 0F 0B 00 00 0F 0B 00 00 00 81 00 CA FF EE 12 34 02 CC 00 00 00 00 BC,3851,3851,129,4660,2026-04-09 13:23:50.452,716,202,-18,
FF FF FF FF 00 25 03 0B 20 01 01 02 00 00 0F 0B 00 00 0F 0B 00 00 00 81 00 CB FF ED 12 34 02 CD 00 00 00 00 BE,3851,3851,129,4660,2026-04-09 13:23:50.468,717,203,-19,
FF FF FF FF 00 25 03 0C 20 01 01 02 00 00 0F 0B 00 00 0F 0B 00 00 00 80 00 CA FF ED 12 34 02 CE 00 00 00 00 BA,3851,3851,128,4660,2026-04-09 13:23:50.500,718,202,-19,
FF FF FF FF 00 25 03 0D 20 01 01 02 00 00 0F 0B 00 00 0F 0B 00 00 00 80 00 CA FF EC 12 34 02 CF 00 00 00 00 BB,3851,3851,128,4660,2026-04-09 13:23:50.516,719,202,-20,
FF FF FF FF 00 25 03 0E 20 01 01 02 00 00 0F 0B 00 00 0F 0B 00 00 00 7E 00 CB FF EC 12 34 02 D0 00 00 00 00 58,3851,3851,126,4660,2026-04-09 13:23:50.548,720,203,-20,
FF FF FF FF 00 25 03 0F 20 01 01 02 00 00 0F 0B 00 00 0F 0B 00 00 00 7E 00 CB FF EC 12 34 02 D1 00 00 00 00 58,3851,3851,126,4660,2026-04-09 13:23:50.595,721,203,-20,
FF FF FF FF 00 25 03 10 20 01 01 02 00 00 0F 0B 00 00 0F 0B 00 00 00 7D 00 CB FF EC 12 34 02 D2 00 00 00 00 47,3851,3851,125,4660,2026-04-09 13:23:50.627,722,203,-20,
FF FF FF FF 00 25 03 11 20 01 01 02 00 00 0F 0B 00 00 0F 0B 00 00 00 7C 00 CC FF ED 12 34 02 D3 00 00 00 00 40,3851,3851,124,4660,2026-04-09 13:23:50.643,723,204,-19,
FF FF FF FF 00 25 03 12 20 01 01 02 00 00 0F 0B 00 00 0F 0B 00 00 00 7C 00 CB FF ED 12 34 02 D4 00 00 00 00 43,3851,3851,124,4660,2026-04-09 13:23:50.675,724,203,-19,
FF FF FF FF 00 25 03 13 20 01 01 02 00 00 0F 0B 00 00 0F 0B 00 00 00 7B 00 CC FF ED 12 34 02 D5 00 00 00 00 43,3851,3851,123,4660,2026-04-09 13:23:50.690,725,204,-19,
FF FF FF FF 00 25 03 14 20 01 01 02 00 00 0F 0B 00 00 0F 0B 00 00 00 7B 00 CD FF EE 12 34 02 D6 00 00 00 00 45,3851,3851,123,4660,2026-04-09 13:23:50.721,726,205,-18,
FF FF FF FF 00 25 03 15 20 01 01 02 00 00 0F 0B 00 00 0F 0B 00 00 00 7A 00 CD FF EE 12 34 02 D7 00 00 00 00 44,3851,3851,122,4660,2026-04-09 13:23:50.751,727,205,-18,
FF FF FF FF 00 25 03 16 20 01 01 02 00 00 0F 0B 00 00 0F 0B 00 00 00 79 00 CD FF EF 12 34 02 D8 00 00 00 00 4A,3851,3851,121,4660,2026-04-09 13:23:50.767,728,205,-17,
FF FF FF FF 00 25 03 17 20 01 01 02 00 00 0F 0B 00 00 0F 0B 00 00 00 77 00 CE FF F0 12 34 02 D9 00 00 00 00 58,3851,3851,119,4660,2026-04-09 13:23:50.798,729,206,-16,
FF FF FF FF 00 25 03 18 20 01 01 02 00 00 0F 0B 00 00 0F 0B 00 00 00 75 00 CE FF F0 12 34 02 DA 00 00 00 00 56,3851,3851,117,4660,2026-04-09 13:23:50.844,730,206,-16,
FF FF FF FF 00 25 03 19 20 01 01 02 00 00 0F 0B 00 00 0F 0B 00 00 00 74 00 CE FF F0 12 34 02 DB 00 00 00 00 57,3851,3851,116,4660,2026-04-09 13:23:50.875,731,206,-16,
FF FF FF FF 00 25 03 1A 20 01 01 02 00 00 0F 0B 00 00 0F 0B 00 00 00 74 00 CF FF F1 12 34 02 DC 00 00 00 00 53,3851,3851,116,4660,2026-04-09 13:23:50.891,732,207,-15,
FF FF FF FF 00 25 03 1B 20 01 01 02 00 00 0F 0B 00 00 0F 0B 00 00 00 73 00 CE FF F1 12 34 02 DD 00 00 00 00 55,3851,3851,115,4660,2026-04-09 13:23:50.922,733,206,-15,
FF FF FF FF 00 25 03 1C 20 01 01 02 00 00 0F 0B 00 00 0F 0B 00 00 00 73 00 CE FF F2 12 34 02 DE 00 00 00 00 52,3851,3851,115,4660,2026-04-09 13:23:50.953,734,206,-14,
FF FF FF FF 00 25 03 1D 20 01 01 02 00 00 0F 0B 00 00 0F 0B 00 00 00 72 00 CF FF F3 12 34 02 DF 00 00 00 00 53,3851,3851,114,4660,2026-04-09 13:23:50.969,735,207,-13,
FF FF FF FF 00 25 03 1E 20 01 01 02 00 00 0F 0B 00 00 0F 0B 00 00 00 73 00 CF FF F4 12 34 02 E0 00 00 00 00 69,3851,3851,115,4660,2026-04-09 13:23:50.999,736,207,-12,
FF FF FF FF 00 25 03 1F 20 01 01 02 00 00 0F 0B 00 00 0F 0B 00 00 00 74 00 D0 FF F6 12 34 02 E1 00 00 00 00 73,3851,3851,116,4660,2026-04-09 13:23:51.015,737,208,-10,
FF FF FF FF 00 25 03 20 20 01 01 02 00 00 0F 0B 00 00 0F 0B 00 00 00 74 00 D0 FF F7 12 34 02 E2 00 00 00 00 4E,3851,3851,116,4660,2026-04-09 13:23:51.047,738,208,-9,
FF FF FF FF 00 25 03 21 20 01 01 02 00 00 0F 0B 00 00 0F 0B 00 00 00 73 00 D1 FF F8 12 34 02 E3 00 00 00 00 47,3851,3851,115,4660,2026-04-09 13:23:51.077,739,209,-8,
FF FF FF FF 00 25 03 22 20 01 01 02 00 00 0F 0B 00 00 0F 0B 00 00 00 77 00 D1 FF F9 12 34 02 E4 00 00 00 00 46,3851,3851,119,4660,2026-04-09 13:23:51.093,740,209,-7,
FF FF FF FF 00 25 03 23 20 01 01 02 00 00 0F 0B 00 00 0F 0B 00 00 00 75 00 D1 FF FA 12 34 02 E5 00 00 00 00 47,3851,3851,117,4660,2026-04-09 13:23:51.124,741,209,-6,
FF FF FF FF 00 25 03 24 20 01 01 02 00 00 0F 0B 00 00 0F 0B 00 00 00 72 00 D1 FF FB 12 34 02 E6 00 00 00 00 45,3851,3851,114,4660,2026-04-09 13:23:51.140,742,209,-5,
FF FF FF FF 00 25 03 25 20 01 01 02 00 00 0F 0B 00 00 0F 0B 00 00 00 72 00 D0 FF FB 12 34 02 E7 00 00 00 00 44,3851,3851,114,4660,2026-04-09 13:23:51.171,743,208,-5,
FF FF FF FF 00 25 03 26 20 01 01 02 00 00 0F 0B 00 00 0F 0B 00 00 00 70 00 D0 FF FC 12 34 02 E8 00 00 00 00 4D,3851,3851,112,4660,2026-04-09 13:23:51.202,744,208,-4,
FF FF FF FF 00 25 03 28 20 01 01 02 00 00 0F 0B 00 00 0F 0B 00 00 00 70 00 D0 FF FE 12 34 02 EA 00 00 00 00 43,3851,3851,112,4660,2026-04-09 13:23:51.249,746,208,-2,
FF FF FF FF 00 25 03 29 20 01 01 02 00 00 0F 0B 00 00 0F 0B 00 00 00 70 00 D0 FF FE 12 34 02 EB 00 00 00 00 43,3851,3851,112,4660,2026-04-09 13:23:51.264,747,208,-2,
FF FF FF FF 00 25 03 2A 20 01 01 02 00 00 0F 0B 00 00 0F 0B 00 00 00 6F 00 D0 FF FF 12 34 02 EC 00 00 00 00 59,3851,3851,111,4660,2026-04-09 13:23:51.295,748,208,-1,
FF FF FF FF 00 25 03 2B 20 01 01 02 00 00 0F 0B 00 00 0F 0B 00 00 00 6D 00 D0 FF FF 12 34 02 ED 00 00 00 00 5B,3851,3851,109,4660,2026-04-09 13:23:51.326,749,208,-1,
FF FF FF FF 00 25 03 2C 20 01 01 02 00 00 0F 0B 00 00 0F 0B 00 00 00 6B 00 D1 00 00 12 34 02 EE 00 00 00 00 58,3851,3851,107,4660,2026-04-09 13:23:51.341,750,209,0,
FF FF FF FF 00 25 03 2D 20 01 01 02 00 00 0F 0B 00 00 0F 0B 00 00 00 6A 00 D1 00 00 12 34 02 EF 00 00 00 00 59,3851,3851,106,4660,2026-04-09 13:23:51.372,751,209,0,
FF FF FF FF 00 25 03 2E 20 01 01 02 00 00 0F 0B 00 00 0F 0B 00 00 00 6A 00 D1 00 00 12 34 02 F0 00 00 00 00 45,3851,3851,106,4660,2026-04-09 13:23:51.402,752,209,0,
FF FF FF FF 00 25 03 2F 20 01 01 02 00 00 0F 0B 00 00 0F 0B 00 00 00 6A 00 D1 00 00 12 34 02 F1 00 00 00 00 45,3851,3851,106,4660,2026-04-09 13:23:51.418,753,209,0,
FF FF FF FF 00 25 03 30 20 01 01 02 00 00 0F 0B 00 00 0F 0B 00 00 00 6B 00 D1 00 00 12 34 02 F2 00 00 00 00 58,3851,3851,107,4660,2026-04-09 13:23:51.449,754,209,0,
FF FF FF FF 00 25 03 31 20 01 01 02 00 00 0F 0B 00 00 0F 0B 00 00 00 6B 00 D1 00 01 12 34 02 F3 00 00 00 00 59,3851,3851,107,4660,2026-04-09 13:23:51.495,755,209,1,
FF FF FF FF 00 25 03 32 20 01 01 02 00 00 0F 0B 00 00 0F 0B 00 00 00 6C 00 D0 00 01 12 34 02 F4 00 00 00 00 5B,3851,3851,108,4660,2026-04-09 13:23:51.526,756,208,1,
FF FF FF FF 00 25 03 33 20 01 01 02 00 00 0F 0B 00 00 0F 0B 00 00 00 6D 00 CF 00 01 12 34 02 F5 00 00 00 00 45,3851,3851,109,4660,2026-04-09 13:23:51.541,757,207,1,
FF FF FF FF 00 25 03 28 20 01 01 02 00 00 0F 0B 00 00 0F 0B 00 00 00 70 00 D0 FF FE 12 34 02 EA 00 00 00 00 43,3851,3851,112,4660,2026-04-09 13:23:51.249,746,208,-2,
FF FF FF FF 00 25 03 29 20 01 01 02 00 00 0F 0B 00 00 0F 0B 00 00 00 70 00 D0 FF FE 12 34 02 EB 00 00 00 00 43,3851,3851,112,4660,2026-04-09 13:23:51.264,747,208,-2,
FF FF FF FF 00 25 03 2A 20 01 01 02 00 00 0F 0B 00 00 0F 0B 00 00 00 6F 00 D0 FF FF 12 34 02 EC 00 00 00 00 59,3851,3851,111,4660,2026-04-09 13:23:51.295,748,208,-1,
FF FF FF FF 00 25 03 2B 20 01 01 02 00 00 0F 0B 00 00 0F 0B 00 00 00 6D 00 D0 FF FF 12 34 02 ED 00 00 00 00 5B,3851,3851,109,4660,2026-04-09 13:23:51.326,749,208,-1,
FF FF FF FF 00 25 03 2C 20 01 01 02 00 00 0F 0B 00 00 0F 0B 00 00 00 6B 00 D1 00 00 12 34 02 EE 00 00 00 00 58,3851,3851,107,4660,2026-04-09 13:23:51.341,750,209,0,
FF FF FF FF 00 25 03 2D 20 01 01 02 00 00 0F 0B 00 00 0F 0B 00 00 00 6A 00 D1 00 00 12 34 02 EF 00 00 00 00 59,3851,3851,106,4660,2026-04-09 13:23:51.372,751,209,0,
FF FF FF FF 00 25 03 2E 20 01 01 02 00 00 0F 0B 00 00 0F 0B 00 00 00 6A 00 D1 00 00 12 34 02 F0 00 00 00 00 45,3851,3851,106,4660,2026-04-09 13:23:51.402,752,209,0,
FF FF FF FF 00 25 03 2F 20 01 01 02 00 00 0F 0B 00 00 0F 0B 00 00 00 6A 00 D1 00 00 12 34 02 F1 00 00 00 00 45,3851,3851,106,4660,2026-04-09 13:23:51.418,753,209,0,
FF FF FF FF 00 25 03 30 20 01 01 02 00 00 0F 0B 00 00 0F 0B 00 00 00 6B 00 D1 00 00 12 34 02 F2 00 00 00 00 58,3851,3851,107,4660,2026-04-09 13:23:51.449,754,209,0,
FF FF FF FF 00 25 03 31 20 01 01 02 00 00 0F 0B 00 00 0F 0B 00 00 00 6B 00 D1 00 01 12 34 02 F3 00 00 00 00 59,3851,3851,107,4660,2026-04-09 13:23:51.495,755,209,1,
FF FF FF FF 00 25 03 33 20 01 01 02 00 00 0F 0B 00 00 0F 0B 00 00 00 6D 00 CF 00 01 12 34 02 F5 00 00 00 00 45,3851,3851,109,4660,2026-04-09 13:23:51.541,757,207,1,
FF FF FF FF 00 25 03 34 20 01 01 02 00 00 0F 0B 00 00 0F 0B 00 00 00 6D 00 CF 00 01 12 34 02 F6 00 00 00 00 41,3851,3851,109,4660,2026-04-09 13:23:51.571,758,207,1,
FF FF FF FF 00 25 03 35 20 01 01 02 00 00 0F 0B 00 00 0F 0B 00 00 00 6C 00 CF 00 01 12 34 02 F7 00 00 00 00 40,3851,3851,108,4660,2026-04-09 13:23:51.603,759,207,1,
FF FF FF FF 00 25 03 36 20 01 01 02 00 00 0F 0B 00 00 0F 0B 00 00 00 6B 00 CE 00 02 12 34 02 F8 00 00 00 00 49,3851,3851,107,4660,2026-04-09 13:23:51.618,760,206,2,
FF FF FF FF 00 25 03 37 20 01 01 02 00 00 0F 0B 00 00 0F 0B 00 00 00 6B 00 CE 00 02 12 34 02 F9 00 00 00 00 49,3851,3851,107,4660,2026-04-09 13:23:51.650,761,206,2,
FF FF FF FF 00 25 03 38 20 01 01 02 00 00 0F 0B 00 00 0F 0B 00 00 00 69 00 CE 00 02 12 34 02 FA 00 00 00 00 47,3851,3851,105,4660,2026-04-09 13:23:51.666,762,206,2,
FF FF FF FF 00 25 03 39 20 01 01 02 00 00 0F 0B 00 00 0F 0B 00 00 00 68 00 CD 00 02 12 34 02 FB 00 00 00 00 45,3851,3851,104,4660,2026-04-09 13:23:51.697,763,205,2,
FF FF FF FF 00 25 03 3A 20 01 01 02 00 00 0F 0B 00 00 0F 0B 00 00 00 68 00 CD 00 02 12 34 02 FC 00 00 00 00 41,3851,3851,104,4660,2026-04-09 13:23:51.729,764,205,2,
FF FF FF FF 00 25 03 3B 20 01 01 02 00 00 0F 0B 00 00 0F 0B 00 00 00 68 00 CD 00 03 12 34 02 FD 00 00 00 00 40,3851,3851,104,4660,2026-04-09 13:23:51.744,765,205,3,
FF FF FF FF 00 25 03 3C 20 01 01 02 00 00 0F 0B 00 00 0F 0B 00 00 00 69 00 CD 00 04 12 34 02 FE 00 00 00 00 42,3851,3851,105,4660,2026-04-09 13:23:51.775,766,205,4,
FF FF FF FF 00 25 03 3D 20 01 01 02 00 00 0F 0B 00 00 0F 0B 00 00 00 68 00 CC 00 04 12 34 02 FF 00 00 00 00 42,3851,3851,104,4660,2026-04-09 13:23:51.791,767,204,4,
FF FF FF FF 00 25 03 3E 20 01 01 02 00 00 0F 0B 00 00 0F 0B 00 00 00 67 00 CC 00 04 12 34 03 00 00 00 00 00 B0,3851,3851,103,4660,2026-04-09 13:23:51.823,768,204,4,
FF FF FF FF 00 25 03 3F 20 01 01 02 00 00 0F 0B 00 00 0F 0B 00 00 00 67 00 CC 00 04 12 34 03 01 00 00 00 00 B0,3851,3851,103,4660,2026-04-09 13:23:51.871,769,204,4,
FF FF FF FF 00 25 03 40 20 01 01 02 00 00 0F 0B 00 00 0F 0B 00 00 00 66 00 CC 00 04 12 34 03 02 00 00 00 00 CD,3851,3851,102,4660,2026-04-09 13:23:51.902,770,204,4,
FF FF FF FF 00 25 03 41 20 01 01 02 00 00 0F 0B 00 00 0F 0B 00 00 00 66 00 CC 00 04 12 34 03 03 00 00 00 00 CD,3851,3851,102,4660,2026-04-09 13:23:51.917,771,204,4,
FF FF FF FF 00 25 03 42 20 01 01 02 00 00 0F 0B 00 00 0F 0B 00 00 00 66 00 CB 00 04 12 34 03 04 00 00 00 00 CE,3851,3851,102,4660,2026-04-09 13:23:51.949,772,203,4,
FF FF FF FF 00 25 03 43 20 01 01 02 00 00 0F 0B 00 00 0F 0B 00 00 00 67 00 CB 00 04 12 34 03 05 00 00 00 00 CF,3851,3851,103,4660,2026-04-09 13:23:51.965,773,203,4,
FF FF FF FF 00 25 03 44 20 01 01 02 00 00 0F 0B 00 00 0F 0B 00 00 00 67 00 CB 00 04 12 34 03 06 00 00 00 00 CB,3851,3851,103,4660,2026-04-09 13:23:51.995,774,203,4,
FF FF FF FF 00 25 03 45 20 01 01 02 00 00 0F 0B 00 00 0F 0B 00 00 00 67 00 CB 00 04 12 34 03 07 00 00 00 00 CB,3851,3851,103,4660,2026-04-09 13:23:52.026,775,203,4,
FF FF FF FF 00 25 03 46 20 01 01 02 00 00 0F 0B 00 00 0F 0B 00 00 00 67 00 CA 00 05 12 34 03 08 00 00 00 00 C7,3851,3851,103,4660,2026-04-09 13:23:52.042,776,202,5,
FF FF FF FF 00 25 03 47 20 01 01 02 00 00 0F 0B 00 00 0F 0B 00 00 00 66 00 CA 00 05 12 34 03 09 00 00 00 00 C6,3851,3851,102,4660,2026-04-09 13:23:52.074,777,202,5,
FF FF FF FF 00 25 03 48 20 01 01 02 00 00 0F 0B 00 00 0F 0B 00 00 00 66 00 CA 00 05 12 34 03 0A 00 00 00 00 CA,3851,3851,102,4660,2026-04-09 13:23:52.120,778,202,5,
FF FF FF FF 00 25 03 49 20 01 01 02 00 00 0F 0B 00 00 0F 0B 00 00 00 66 00 CB 00 05 12 34 03 0B 00 00 00 00 CB,3851,3851,102,4660,2026-04-09 13:23:52.150,779,203,5,
FF FF FF FF 00 25 03 4A 20 01 01 02 00 00 0F 0B 00 00 0F 0B 00 00 00 65 00 CA 00 05 12 34 03 0C 00 00 00 00 CD,3851,3851,101,4660,2026-04-09 13:23:52.165,780,202,5,
FF FF FF FF 00 25 03 4B 20 01 01 02 00 00 0F 0B 00 00 0F 0B 00 00 00 65 00 CA 00 05 12 34 03 0D 00 00 00 00 CD,3851,3851,101,4660,2026-04-09 13:23:52.196,781,202,5,
FF FF FF FF 00 25 03 4C 20 01 01 02 00 00 0F 0B 00 00 0F 0B 00 00 00 65 00 CA 00 05 12 34 03 0E 00 00 00 00 C9,3851,3851,101,4660,2026-04-09 13:23:52.228,782,202,5,
FF FF FF FF 00 25 03 4D 20 01 01 02 00 00 0F 0B 00 00 0F 0B 00 00 00 64 00 CB 00 06 12 34 03 0F 00 00 00 00 CA,3851,3851,100,4660,2026-04-09 13:23:52.243,783,203,6,
FF FF FF FF 00 25 03 4E 20 01 01 02 00 00 0F 0B 00 00 0F 0B 00 00 00 63 00 CB 00 06 12 34 03 10 00 00 00 00 D1,3851,3851,99,4660,2026-04-09 13:23:52.274,784,203,6,
FF FF FF FF 00 25 03 4F 20 01 01 02 00 00 0F 0B 00 00 0F 0B 00 00 00 63 00 CB 00 06 12 34 03 11 00 00 00 00 D1,3851,3851,99,4660,2026-04-09 13:23:52.290,785,203,6,
FF FF FF FF 00 25 03 50 20 01 01 02 00 00 0F 0B 00 00 0F 0B 00 00 00 63 00 CC 00 05 12 34 03 12 00 00 00 00 C9,3851,3851,99,4660,2026-04-09 13:23:52.321,786,204,5,
FF FF FF FF 00 25 03 51 20 01 01 02 00 00 0F 0B 00 00 0F 0B 00 00 00 62 00 CB 00 05 12 34 03 13 00 00 00 00 CF,3851,3851,98,4660,2026-04-09 13:23:52.352,787,203,5,
